year,finanzas__us_ltrate,finanzas__us_strate,finanzas__us_policy_rate,finanzas__us_infl,finanzas__us_real_ltrate,finanzas__us_real_strate,finanzas__us_reer,finanzas__us_debt_gdp,finanzas__share_bank_onset,finanzas__share_bank_onset_gdpw,finanzas__share_currency_onset,finanzas__share_currency_onset_gdpw,finanzas__share_sovdebt_onset,finanzas__share_sovdebt_onset_gdpw,finanzas__share_bank_active_lv,finanzas__share_bank_active_lv_gdpw,finanzas__world_debt_gdp_gdpw,finanzas__world_debt_gdp_median,finanzas__world_r_minus_g_median,finanzas__world_r_minus_g_eff_median,finanzas__n_countries_debt,finanzas__usd_index_major,finanzas__usd_index_broad,recursos__petroleo_precio_nominal_usd_bbl,recursos__deflactor_eeuu_2019,recursos__petroleo_precio_real_usd2019_bbl,recursos__jacks_beef,recursos__jacks_hides,recursos__jacks_lamb,recursos__jacks_pork,recursos__jacks_coal,recursos__jacks_natural_gas,recursos__jacks_petroleum,recursos__jacks_barley,recursos__jacks_corn,recursos__jacks_rice,recursos__jacks_rye,recursos__jacks_wheat,recursos__jacks_aluminum,recursos__jacks_chromium,recursos__jacks_copper,recursos__jacks_lead,recursos__jacks_manganese,recursos__jacks_nickel,recursos__jacks_steel,recursos__jacks_tin,recursos__jacks_zinc,recursos__jacks_bauxite,recursos__jacks_iron_ore,recursos__jacks_phosphate,recursos__jacks_potash,recursos__jacks_sulfur,recursos__jacks_gold,recursos__jacks_platinum,recursos__jacks_silver,recursos__jacks_cocoa,recursos__jacks_coffee,recursos__jacks_cotton,recursos__jacks_cottonseed,recursos__jacks_palm_oil,recursos__jacks_peanuts,recursos__jacks_rubber,recursos__jacks_saw_logs,recursos__jacks_soybeans,recursos__jacks_sugar,recursos__jacks_tea,recursos__jacks_tobacco,recursos__jacks_wool,recursos__jacks_indice_vp1975,recursos__jacks_indice_vp2019,recursos__jacks_indice_igual,recursos__jacks_sub_cultivados,recursos__jacks_sub_subsuelo,recursos__jacks_sub_subsuelo_sin_energia,recursos__gycpi_nominal,recursos__gycpi_metales_nominal,recursos__muv_g5,recursos__gycpi_real,recursos__gycpi_metales_real,recursos__cmo_petroleo_real2010,recursos__cmo_carbon_aus_real2010,recursos__cmo_gas_eeuu_real2010,recursos__cmo_gas_europa_real2010,recursos__cmo_cobre_real2010,recursos__cmo_hierro_real2010,recursos__cmo_aluminio_real2010,recursos__cmo_oro_real2010,recursos__cmo_estano_real2010,recursos__cmo_niquel_real2010,recursos__cmo_zinc_real2010,recursos__usgs_prod_mundial_aluminio_t,recursos__usgs_prod_mundial_bauxita_t,recursos__usgs_prod_mundial_cobre_t,recursos__usgs_prod_mundial_oro_t,recursos__usgs_prod_mundial_hierro_t,recursos__usgs_prod_mundial_plomo_t,recursos__usgs_prod_mundial_niquel_t,recursos__usgs_prod_mundial_fosfato_t,recursos__usgs_prod_mundial_plata_t,recursos__usgs_prod_mundial_estano_t,recursos__usgs_prod_mundial_zinc_t,recursos__mundo_oil_prod_twh,recursos__mundo_oil_cum_twh,recursos__mundo_gas_prod_twh,recursos__mundo_gas_cum_twh,recursos__mundo_coal_prod_twh,recursos__mundo_coal_cum_twh,recursos__mundo_gigantes_n,recursos__mundo_gigantes_eur_mbep,recursos__mundo_gigantes_eur_petroleo_mbep,recursos__mundo_gigantes_eur_cum_mbep,geopolitica__cinc_share_usa,geopolitica__cinc_share_rus,geopolitica__cinc_share_chn,geopolitica__cinc_top1_iso,geopolitica__cinc_top1_share,geopolitica__cinc_top2_share,geopolitica__cinc_lead_ratio,geopolitica__cinc_hhi,geopolitica__cinc_con,geopolitica__chn_usa_cinc_ratio,geopolitica__n_poles_10pct,geopolitica__gdp_share_usa,geopolitica__gdp_share_chn,geopolitica__gdp_share_rus,geopolitica__chn_usa_gdp_ratio,geopolitica__cold_war,geopolitica__bipolar,geopolitica__n_states,geopolitica__share_democracies_row,geopolitica__mean_polyarchy,geopolitica__coups_world,geopolitica__coups_success_world,geopolitica__dem_transitions_world,geopolitica__dem_breakdowns_world,geopolitica__mid_onsets_world,geopolitica__states_in_interstate_conflict,geopolitica__states_sanctioned,geopolitica__n_major_powers,geopolitica__mean_oda_gni,clima__gmst_hadcrut5,clima__gmst_gistemp,clima__gmst_preind,clima__co2_ppm_mlo,clima__co2_ppm_icecore,clima__co2_ppm,clima__co2_mt,clima__co2_pc,clima__co2_per_gdp,clima__co2_incl_luc_mt,clima__co2_luc_mt,clima__co2_coal_mt,clima__co2_oil_mt,clima__co2_gas_mt,clima__co2_cement_mt,clima__co2_flaring_mt,clima__co2_cons_mt,clima__co2_cons_pc,clima__co2_trade_mt,clima__co2_trade_share,clima__co2_cum_mt,clima__co2_cum_incl_luc_mt,clima__co2_cum_luc_mt,clima__co2_share_world,clima__co2_cum_share_world,clima__ch4_mtco2e,clima__n2o_mtco2e,clima__ghg_mtco2e,clima__ghg_excl_lucf_mtco2e,clima__ghg_pc,clima__dT_from_ghg,clima__dT_from_co2,clima__dT_share_world,clima__primary_energy_twh,clima__coal_prod_twh,clima__oil_prod_twh,clima__gas_prod_twh,clima__fossil_cons_twh,clima__fossil_share_energy,clima__fossil_prod_twh,clima__world_dis_n_total,clima__world_dis_n_climate,clima__world_dis_n_flood,clima__world_dis_n_storm,clima__world_dis_n_drought,clima__world_dis_n_extreme_temp,clima__world_dis_n_wildfire,clima__world_dis_n_geo,clima__world_dis_deaths,clima__world_dis_deaths_climate,clima__world_dis_affected,clima__world_dis_damage_kusd,clima__world_dis_damage_climate_kusd,clima__ef_cons_pc_2025ed,clima__biocap_pc_2025ed,clima__overshoot_ratio,clima__lpi,clima__lpi_hi,clima__lpi_lo,clima__material_footprint_t_sum,clima__co2_gtc,clima__co2_cum_incl_luc_gtco2
1850,,,,,,,,,,,,,,,,,,,,,,,,,,,76.81,64.52,78.37,55.13,94.97,,,116.84,98.8,124.97,189.66,98.05,,,115.81,138.68,,397.66,58.31,61.75,86.29,,,,,,107.53,,214.4,79.91,138.99,134.81,,117.31,,,101.71,,210.84,191.12,181.27,121.18,,,,,,,,,,,,,,,,,,,,,,,,,,,,,,,,,,,,,,,,,,,0.0,,,,,,,,,,,,,,,,,,,,,,,,,,,,,,-0.4265,,-0.0691431372549019,,284.0,284.0,196.848,0.154,0.127,2910.87,2714.022,196.848,,,,,,,,,4769.853,2910.87,2714.022,100.0,100.0,1239.419,143.746,4293.311,682.352,3.366,,,,,,,,,,,,,,,,,,,,,,,,,,,,,,,0.0537248908296943,2.91087
1851,,,,,,,,,,,,,,,,,,,,,,,,,,,78.47,77.74,81.92,76.31,108.08,,,126.47,98.94,118.76,205.84,70.05,,,118.31,137.69,,406.25,60.08,66.32,83.36,,,,,,109.85,,219.03,78.67,120.28,111.49,,111.85,,,113.35,,224.01,182.45,202.11,129.03,,,,,,,,,,,,,,,,,,,,,,,,,,,,,,,,,,,,,,,,,,,0.0,,,,,,,,,,,,,,,,,,,,,,,,,,,,,,-0.2635,,0.093856862745098,,287.13,287.13,198.779,0.155,,3019.546,2820.767,198.779,,,,,,,,,4968.631,5930.416,5534.79,100.0,100.0,1244.062,146.325,4409.168,685.485,3.448,0.002,0.001,100.0,,,,,,,,,,,,,,,,,,,,,,,,,,,,0.0542519104803493,5.930416
1852,,,,,,,,,,,,,,,,,,,,,,,,,,,80.21,73.57,81.05,92.36,104.16,,,143.71,106.77,132.18,224.24,68.54,,,133.55,140.16,,401.91,62.09,68.01,94.93,,,,,,108.68,,216.69,63.19,112.38,110.3,,114.61,,,140.17,,196.05,155.16,180.21,144.9,,,,,,,,,,,,,,,,,,,,,,,,,,,,,,,,,,,,,,,,,,,0.0,,,,,,,,,,,,,,,,,,,,,,,,,,,,,,-0.2241,,0.133256862745098,,,287.43666666666667,207.595,0.162,,3124.945,2917.35,207.595,,,,,,,,,5176.226,9055.361,8452.14,100.0,100.0,1250.699,148.849,4523.711,697.492,3.531,0.004,0.003,100.0,,,,,,,,,,,,,,,,,,,,,,,,,,,,0.0566580240174672,9.055361
1853,,,,,,,,,,,,,,,,,,,,,,,,,,,100.92,85.27,99.47,84.04,113.5,,,166.83,109.24,160.08,200.92,111.95,,,159.06,189.52,,354.01,67.44,90.42,153.49,,,,,,108.68,,216.69,92.88,115.69,107.06,,146.22,,,149.52,,221.62,193.16,183.08,156.98,,,,,,,,,,,,,,,,,,,,,,,,,,,,,,,,,,,,,,,,,,,0.0,,,,,,,,,,,,,,,,,,,,,,,,,,,,,,-0.2623,,0.095056862745098,,,287.74333333333334,217.237,0.169,,3152.687,2935.45,217.237,,,,,,,,,5393.463,12208.048,11387.59,100.0,100.0,1258.197,151.281,4561.398,711.177,3.556,0.006,0.004,100.0,,,,,,,,,,,,,,,,,,,,,,,,,,,,0.0592895742358078,12.208048000000002
1854,,,,,,,,,,,,,,,,,,,,,,,,,,,102.38,90.77,91.53,67.31,128.82,,,166.45,118.18,166.22,146.9,152.6,,,158.79,174.38,,325.74,63.7,85.41,163.24,,,,,,100.0,,199.38,94.58,123.18,86.57,,174.55,,,149.61,,196.08,180.65,169.19,134.13,,,,,,,,,,,,,,,,,,,,,,,,,,,,,,,,,,,,,,,,,,,0.0,,,,,,,,,,,,,,,,,,,,,,,,,,,,,,-0.2936,,0.063756862745098,,288.05,288.05,255.039,0.199,,3230.597,2975.559,255.039,,,,,,,,,5648.502,15438.646,14363.148,100.0,100.0,1270.693,153.588,4653.988,758.008,3.623,0.008,0.006,100.0,,,,,,,,,,,,,,,,,,,,,,,,,,,,0.0696067139737991,15.438646
1855,,,,,,,,,,,,,,,,,,,,,,,,,,,101.76,104.61,87.26,84.3,124.43,,,156.75,135.84,170.64,119.3,178.46,,,154.24,165.86,,292.22,44.28,82.25,130.28,,,,,,97.14,,193.67,91.88,116.69,92.79,,155.42,,,140.32,,220.94,170.5,166.46,128.74,,,,,,,,,,,,,,,,,,,,,,,,,,,,,,,,,,,,,,,,,,,0.0,,,,,,,,,,,,,,,,,,,,,,,,,,,,,,-0.2914,,0.065956862745098,,285.57,285.57,260.26,0.202,,3288.08,3027.82,260.223,0.037,,,,,,,,5908.762,18726.725,17390.969,100.0,100.0,1277.153,155.733,4720.01,766.209,3.669,0.01,0.007,100.0,,,,,,,,,,,,,,,,,,,,,,,,,,,,0.0710316593886462,18.726725
1856,,,,,,,,,,,,,,,,,,,,,,,,,,,96.67,131.02,88.96,86.45,122.91,,,188.18,97.08,133.82,187.65,144.36,,,147.67,179.88,,297.9,43.51,96.97,143.94,,,,,,99.03,,197.44,93.66,129.51,112.33,,151.24,,,136.24,,256.3,168.62,173.91,157.19,,,,,,,,,,,,,,,,,,,,,,,,,,,,,,,,,,,,,,,,,,,0.0,,,,,,,,,,,,,,,,,,,,,,,,,,,,,,-0.3281,,0.029256862745098,,,284.365,278.246,0.216,,3322.114,3043.868,278.205,0.04,,,,,,,,6187.007,22048.838,20434.838,100.0,100.0,1285.795,157.684,4764.561,789.337,3.698,0.012,0.009,100.0,,,,,,,,,,,,,,,,,,,,,,,,,,,,0.0759405021834061,22.048838
1857,,,,,,,,,,,,,,,,,,,,,,,,,,,96.22,159.87,88.06,99.91,135.64,,,187.29,106.94,133.92,177.48,123.68,,,150.12,169.54,,267.33,42.27,94.93,170.08,,,,,,96.33,,192.14,85.81,128.76,126.38,,157.45,,,115.83,,309.41,195.24,172.03,168.0,,,,,,,,,,,,,,,,,,,,,,,,,,,,,,,,,,,,,,,,,,,0.0,,,,,,,,,,,,,,,,,,,,,,,,,,,,,,-0.4659,,-0.1085431372549019,,283.16,283.16,281.181,0.218,,3372.865,3091.683,281.13,0.051,,,,,,,,6468.188,25421.703,23526.52,100.0,100.0,1291.702,159.404,4822.786,794.659,3.737,0.014,0.01,100.0,,,,,,,,,,,,,,,,,,,,,,,,,,,,0.07674153930131,25.421703
1858,,,,,,,,,,,,,,,,,,,,,,,,,,,99.58,138.1,88.17,80.96,126.41,,,164.13,110.75,104.76,220.69,93.49,,,138.03,164.91,,234.55,44.82,87.87,154.82,,,,,,102.01,,203.38,90.05,128.75,133.98,,144.66,,,114.02,,264.01,196.88,175.44,159.08,,,,,,,,,,,,,,,,,,,,,,,,,,,,,,,,,,,,,,,,,,,0.0,,,,,,,,,,,,,,,,,,,,,,,,,,,,,,-0.3968,,-0.0394431372549019,,,284.895,285.548,0.221,,3397.97,3112.421,285.486,0.062,,,,,,,,6753.737,28819.674,26638.941,100.0,100.0,1297.422,160.86,4855.032,801.201,3.756,0.016,0.012,100.0,,,,,,,,,,,,,,,,,,,,,,,,,,,,0.0779334061135371,28.819674
1859,,,,,,,,,,,,,,,,,,,,,,,,,,,98.59,139.84,90.72,88.15,120.67,,,156.9,124.31,117.37,183.39,125.3,,,136.66,165.11,,232.22,44.37,99.64,124.34,,,,,,100.99,,201.36,76.42,138.22,120.59,,165.26,,,119.84,,245.55,218.7,169.06,171.93,,,,,,,,,,,,,,,,,,,,,,,,,,,,,,,,,,,,,,,,,,,0.0,,,,,,,,,,,,,,,,,,,,,,,,,,,,,,-0.292,,0.065356862745098,,286.63,286.63,302.572,0.234,,3458.485,3155.913,302.517,0.055,,,,,,,,7056.309,32278.158,29794.855,100.0,100.0,1306.546,162.016,4925.749,823.777,3.803,0.018,0.013,100.0,,,,,,,,,,,,,,,,,,,,,,,,,,,,0.0825796943231441,32.278158
1860,,,,,,,,,,,,,,,,,,,,,,,,,,,100.99,142.94,95.86,101.24,115.86,,500.0,171.37,107.57,140.57,193.56,132.43,,,132.47,161.44,,232.22,44.37,97.41,119.71,,,,,,100.99,,201.36,71.87,147.43,120.59,,168.93,,,128.52,,253.47,219.52,167.61,179.94,,,,,,,,,,,,,,,,,,,,,,,,,,,,,,,,,,,,,,,,,,,0.0,,,,,,,,,,,,,,,,,,,,,,,,,,,,,,-0.4071,,-0.0497431372549019,,,286.81,332.298,0.256,,3228.275,2895.977,332.025,0.273,,,,,,,,7388.607,35506.434,32690.832,100.0,100.0,1317.403,162.837,4707.105,860.757,3.626,0.02,0.015,100.0,,,,,,,,,,,,,,,,,,,,,,,,,,,,0.0906926855895196,35.506434
1861,,,,,,,,,,,,,,,,,,,,,,,,0.4900000095367431,0.0352872500907766,13.886035558911932,95.32,117.31,88.85,66.82,110.83,,468.63,159.1,63.32,136.53,226.93,96.72,,,117.13,141.98,,219.17,43.26,83.51,99.65,,,,,,99.21,,190.04,69.55,159.44,143.69,,155.97,,,124.58,,216.8,189.08,164.32,157.35,,,,,,,,,,,,,,,,,,,,,,,,,,,,,,,,,,,,,,,,,,,0.0,,,,,,,,,,,,,,,,,,,,,,,,,,,,,,-0.4637,,-0.1063431372549019,,,286.99,349.19,0.268,,3115.803,2766.613,348.249,0.941,,,,,,,,7737.798,38622.238,35457.441,100.0,100.0,1325.747,163.448,4603.421,881.858,3.538,0.022,0.016,100.0,,,,,,,,,,,,,,,,,,,,,,,,,,,,0.0953029475982532,38.622238
1862,,,,,,,,,,,,,,,,,,,,,,,,1.0499999523162842,0.0392080556563152,26.780209697727283,77.52,95.05,75.0,46.67,117.22,,306.51,135.49,62.01,119.59,175.53,90.17,,,100.29,125.87,,172.77,43.07,71.3,101.07,,,,,,116.32,,220.18,124.1,223.45,256.69,,130.54,,,109.12,,183.34,186.63,152.9,140.47,,,,,,,,,,,,,,,,,,,,,,,,,,,,,,,,,,,,,,,,,,,0.0,,,,,,,,,,,,,,,,,,,,,,,,,,,,,,-0.5548,,-0.1974431372549019,,287.17,287.17,355.991,0.273,,3048.249,2692.258,354.592,1.399,,,,,,,,8093.789,41670.484,38149.703,100.0,100.0,1332.229,164.005,4542.936,891.002,3.481,0.024,0.017,100.0,,,,,,,,,,,,,,,,,,,,,,,,,,,,0.097159115720524,41.670484
1863,,,,,,,,,,,,,,,,,,,,,,,,3.150000095367432,0.0483566019762388,65.14105554636077,65.29,65.86,61.22,55.07,122.67,,354.51,102.4,103.14,99.42,98.72,94.2,,,79.42,100.84,,211.47,53.0,59.1,123.6,,,,,,118.71,,201.48,134.36,245.13,307.47,,89.99,,,82.82,,141.64,145.85,121.53,117.58,,,,,,,,,,,,,,,,,,,,,,,,,,,,,,,,,,,,,,,,,,,0.0,,,,,,,,,,,,,,,,,,,,,,,,,,,,,,-0.3828,,-0.0254431372549019,,285.35,285.35,379.535,0.29,,3042.359,2662.824,378.242,1.293,,,,,,,,8473.323,44712.844,40812.527,100.0,100.0,1343.454,164.522,4548.649,921.628,3.475,0.026,0.019,100.0,,,,,,,,,,,,,,,,,,,,,,,,,,,,0.1035848799126637,44.712844
1864,,,,,,,,,,,,,,,,,,,,,,,,8.0600004196167,0.0614259538615205,131.2149004277128,55.99,50.98,49.82,83.72,121.78,,412.83,71.94,151.8,69.34,54.18,115.83,,,65.68,81.55,,234.52,53.89,40.93,161.63,,,,,,97.81,,242.41,117.04,104.85,274.42,,66.08,,,66.18,,134.14,113.44,94.78,104.56,,,,,,,,,,,,,,,,,,,,,,,,,,,,,,,,,,,,,,,,,,,0.0,,,,,,,,,,,,,,,,,,,,,,,,,,,,,,-0.4941,,-0.1367431372549019,,286.65,286.65,409.525,0.312,,3096.068,2686.542,408.416,1.11,,,,,,,,8882.849,47808.914,43499.07,100.0,100.0,1354.044,165.014,4613.389,958.063,3.514,0.028,0.02,100.0,,,,,,,,,,,,,,,,,,,,,,,,,,,,0.111769923580786,47.808914
1865,,,,,,,,,,,,,,,,,,,,,,,,6.590000152587891,0.060119018673152,109.61589689970864,56.46,46.0,55.92,104.38,131.02,,424.07,71.27,86.09,75.93,69.26,83.14,,,59.08,74.91,,165.95,45.86,34.54,126.35,,,,,,73.02,,150.28,132.1,100.34,178.51,,69.36,,,59.4,,109.17,119.45,90.81,96.56,,,,,,,,,,,,,,,,,,,,,,,,,,,,,,,,,,,,,,,,,,,0.0,,,,,,,,,,,,,,,,,,,,,,,,,,,,,,-0.3922,,-0.0348431372549019,,,286.1166666666667,434.851,0.33,,3043.131,2608.28,433.532,1.32,,,,,,,,9317.7,50852.043,46107.348,100.0,100.0,1363.89,165.493,4570.625,989.088,3.471,0.03,0.022,100.0,,,,,,,,,,,,,,,,,,,,,,,,,,,,0.1186820414847161,50.852043
1866,,,,,,,,,,,,,,,,,,,,,,,,3.740000009536743,0.0575051482960399,65.03765524232722,59.19,45.57,54.68,91.15,103.38,,331.16,91.71,75.56,85.77,77.27,97.96,,,59.15,78.78,,157.09,52.29,31.93,134.85,,,,,,73.67,,144.15,93.93,89.28,151.57,,80.78,,,55.48,,107.86,118.79,91.57,98.65,,,,,,,,,,,,,,,,,,,,,,,,,,,,,,,,,,,,,,,,,,,0.0,,,,,,,,,,,,,,,,,,,,,,,,,,,,,,-0.4002,,-0.0428431372549019,,,285.5833333333333,449.067,0.34,,3070.036,2620.969,447.115,1.952,,,,,,,,9766.768,53922.078,48728.316,100.0,100.0,1374.183,165.974,4608.313,1009.451,3.488,0.031,0.023,100.0,,,,,,,,,,,,,,,,,,,,,,,,,,,,0.1225619541484716,53.922078
1867,,,,,,,,,,,,,,,,,,,,,,,,2.4100000858306885,0.0548912779189141,43.9049731979416,60.82,48.9,52.92,70.22,94.31,,261.73,104.98,128.8,91.28,58.59,159.74,,,55.65,81.46,,165.33,56.12,36.36,126.89,,,,,,79.82,,152.51,77.02,83.73,118.61,,84.63,,,56.62,,124.66,124.84,98.28,90.78,,,,,,,,,,,,,,,,,,,,,,,,,,,,,,,,,,,,,,,,,,,0.0,,,,,,,,,,,,,,,,,,,,,,,,,,,,,,-0.3994,,-0.0420431372549019,,285.05,285.05,480.814,0.363,,3055.824,2575.01,478.829,1.985,,,,,,,,10247.581,56977.902,51303.328,100.0,100.0,1382.202,166.47,4602.519,1045.072,3.473,0.033,0.024,100.0,,,,,,,,,,,,,,,,,,,,,,,,,,,,0.1312265283842794,56.977902
1868,,,,,,,,,,,,,,,,,,,,,,,,3.630000114440918,0.0522774075418457,69.43726334430923,60.48,56.34,51.06,94.14,93.54,,217.63,117.44,129.43,87.81,54.29,143.58,,,57.09,82.62,,129.03,52.65,41.32,132.86,,,,,,80.34,,159.26,72.0,75.46,119.91,,85.92,,,61.97,,129.72,132.67,107.56,86.5,,,,,,,,,,,,,,,,,,,,,,,,,,,,,,,,,,,,,,,,1.0,3500.0,3500.0,3500.0,,,,,,,,,,,,,,,,,,,,,,,,,,,,,,-0.3631,,-0.0057431372549019,,288.76,288.76,494.494,0.372,,3057.755,2563.261,492.205,2.288,,,,,,,,10742.074,60035.656,53866.59,100.0,100.0,1389.073,166.995,4611.74,1061.48,3.468,0.035,0.026,100.0,,,,,,,,,,,,,,,,,,,,,,,,,,,,0.1349601528384279,60.035656
1869,,,,,,,,,,,,,,,,,,,,,,,,3.640000104904175,0.0522774075418525,69.62855038268768,67.49,60.67,60.58,115.2,100.85,,221.72,112.54,109.9,79.94,75.3,97.07,,,58.71,86.19,,164.12,51.42,57.17,144.81,,,,,,74.1,,149.2,68.07,78.71,143.47,,91.87,,,68.88,,144.99,127.69,100.25,83.38,,,,,,,,,,,,,,,,,,,,,,,,,,,,,,,,,,,,,,,,0.0,0.0,0.0,3500.0,,,,,,,,,,,,,,,,,,,,,,,,,,,,,,-0.3185,,0.038856862745098,,,287.96000000000004,524.731,0.393,,3080.701,2555.97,522.117,2.614,,,,,,,,11266.806,63116.363,56422.559,100.0,100.0,1399.244,167.563,4645.359,1097.75,3.481,0.037,0.027,100.0,,,,,,,,,,,,,,,,,,,,,,,,,,,,0.1432126091703056,63.116363
1870,,,,,,,,,,,,,,,,,,,,,,,,3.859999895095825,0.0496635371647608,77.7230160286432,73.54,65.34,63.26,107.81,99.9,,186.15,103.24,121.37,83.48,103.39,88.1,,,57.75,86.5,,157.82,50.28,59.22,131.01,,,,,156.43,71.97,,142.0,78.82,88.07,124.85,,91.26,203.42,,71.93,,151.41,128.85,93.16,84.52,,,,,,,,,,,,,,,,,,,,,,,,,,,,,,,,,,,,,,,,1.0,900.0,900.0,4400.0,,,,,,,,,,,,,,,,,,,,,,,,,,,,,,-0.3278,,0.029556862745098,,287.16,287.16,536.123,0.4,0.273,3447.55,2911.427,532.99,3.133,,,,,,,,11802.929,66563.906,59333.984,100.0,100.0,1406.298,168.188,5019.819,1112.064,3.746,0.039,0.029,100.0,,,,,,,,,,,,,,,,,,,,,,,,,,,,0.1463217794759825,66.563906
1871,,,,,,,,,,,,,,,,,,,,,,,,4.340000152587891,0.0470496667876902,92.24295194633302,86.76,76.15,73.41,68.47,106.73,,174.48,130.24,88.39,84.54,105.25,118.16,,,65.5,91.17,,173.89,48.56,67.83,116.33,,,,,164.76,77.07,,149.81,66.69,108.73,95.43,,95.0,221.77,,77.98,,167.16,131.73,104.66,114.58,,,,,,,,,,,,,,,,,,,,,,,,,,,,,,,,,,,,,,,,2.0,2658.0,2658.0,7058.0,,,,,,,,,,,,,,,,,,,,,,,,,,,,,,-0.3734,,-0.0160431372549019,,,286.99333333333334,569.777,0.423,,3566.819,2997.042,566.495,3.282,,,,,,,,12372.705,70130.727,62331.027,100.0,100.0,1419.828,170.613,5154.968,1152.059,3.829,0.042,0.03,100.0,,,,,,,,,,,,,,,,,,,,,,,,,,,,0.1555068231441048,70.130727
1872,,,,,,,,,,,,,,,,,,,,,,,,3.640000104904175,0.047049666787645,77.36505598080066,85.12,88.85,78.07,58.64,102.59,,166.36,124.66,69.23,92.91,102.1,121.52,,,88.28,101.16,,296.4,48.3,73.9,117.27,,,,,120.91,78.9,,153.73,71.59,140.09,123.13,,97.5,188.51,,80.05,,161.76,134.46,109.79,140.23,,,,,,,,,,,,,,,,,,,,,,,,,,,,,,,,,,,,,,,,0.0,0.0,0.0,7058.0,,,,,,,,,,,,,,,,,,,,,,,,,,,,,,-0.3095,,0.047856862745098,,,286.8266666666667,630.961,0.466,,3788.768,3157.806,627.264,3.698,,,,,,,,13003.667,73919.492,65488.836,100.0,100.0,1438.484,176.099,5400.922,1224.993,3.992,0.044,0.032,100.0,,,,,,,,,,,,,,,,,,,,,,,,,,,,0.1722055131004367,73.919492
1873,,,,,,,,,,,,,,,,,,,,,,,,1.830000042915344,0.0470496667876351,38.89506914417245,93.56,95.0,84.44,62.87,109.72,,130.56,166.03,67.14,91.03,106.03,116.06,,,81.39,119.82,,516.32,52.4,68.2,139.49,,,,,163.33,77.94,,153.88,65.75,172.87,103.69,,96.97,178.83,,82.86,,154.1,136.34,90.07,136.45,,,,,,,,,,,,,,,,,,,,,,,,,,,,,,,,,,,,,,,,0.0,0.0,0.0,7058.0,,,,,,,,,,,,,,,,,,,,,,,,,,,,,,-0.3212,,0.036156862745098,,286.66,286.66,670.467,0.493,,3879.655,3209.188,664.798,5.669,,,,,,,,13674.135,77799.156,68698.023,100.0,100.0,1453.71,183.938,5514.893,1273.035,4.055,0.046,0.034,100.0,,,,,,,,,,,,,,,,,,,,,,,,,,,,0.1829877183406113,77.799156
1874,,,,,,,,,,,,,,,,,,,,,,,,1.1699999570846558,0.0444357964106057,26.330122369662416,89.53,95.28,77.48,87.61,115.09,,96.72,174.28,127.55,99.64,125.98,113.2,,,80.43,119.2,,437.97,53.71,53.2,123.06,,,,,129.67,83.6,,160.55,69.92,187.24,93.54,112.38,96.52,230.71,,83.63,,153.25,146.09,150.77,130.49,,,,,,,,,,,,,,,,,,,,,,,,,,,,,,,,,,,,,,,,0.0,0.0,0.0,7058.0,,,,,,,,,,,,,,,,,,,,,,,,,,,,,,-0.3654,,-0.0080431372549019,,291.56,291.56,628.662,0.46,,3939.355,3310.693,622.42,6.242,,,,,,,,14302.797,81738.508,72008.711,100.0,100.0,1458.43,193.42,5588.725,1229.412,4.087,0.049,0.035,100.0,,,,,,,,,,,,,,,,,,,,,,,,,,,,0.1715780567685589,81.738508
1875,,,,,,,,,,,,,,,,,,,,,,,,1.350000023841858,0.0431288612221019,31.30154577673,100.18,87.1,92.06,112.7,113.0,,100.68,160.9,126.5,85.81,115.9,110.38,,,86.62,125.07,,433.91,53.75,47.32,122.81,,,,,142.46,86.87,,164.58,69.36,175.67,91.35,126.1,100.15,197.43,,79.44,,150.01,149.17,87.92,127.2,,,,,,,,,,,,,,,,,,,,,,,,,,,,,,,,,,,,,,,,0.0,0.0,0.0,7058.0,,,,,,,,,,,,,,,,,,,,,,,,,,,,,,-0.3667,,-0.0093431372549019,,,290.81666666666666,681.048,0.495,,4013.273,3332.225,675.214,5.834,,,,,,,,14983.845,85751.773,75340.938,100.0,100.0,1474.561,203.836,5689.142,1291.478,4.138,0.051,0.037,100.0,,,,,,,,,,,,,,,,,,,,,,,,,,,,0.1858755458515283,85.751773
1876,,,,,,,,,,,,,,,,,,,,,,,,2.559999942779541,0.04182192603351,61.21190929199024,97.0,72.32,95.61,105.65,103.28,,154.13,131.86,91.23,95.28,106.34,113.83,,,82.21,123.81,,378.3,55.05,42.69,130.2,,,,,140.48,83.7,,158.99,80.7,184.24,84.19,102.12,108.26,171.85,,76.41,,159.76,149.93,85.36,116.27,,,,,,,,,,,,,,,,,,,,,,,,,,,,,,,,,,,,,,,,1.0,514.0,514.0,7572.0,,,,,,,,,,,,,,,,,,,,,,,,,,,,,,-0.4108,,-0.0534431372549019,,,290.0733333333333,690.583,0.5,,4078.097,3387.515,684.048,6.534,,,,,,,,15674.428,89829.875,78728.453,100.0,100.0,1485.312,214.477,5775.295,1305.333,4.178,0.054,0.039,100.0,,,,,,,,,,,,,,,,,,,,,,,,,,,,0.1884778930131004,89.829875
1877,,,,,,,,,,,,,,,,,,,,,,,,2.4200000762939453,0.0418219260335162,57.86438612020283,93.56,83.9,93.79,83.97,89.48,,132.11,124.73,94.54,108.37,97.0,144.31,,,75.3,119.46,,245.87,56.35,40.15,110.89,,,,,120.3,81.54,,150.0,87.77,197.85,99.35,104.53,116.65,152.63,,74.48,,188.7,149.36,64.64,116.16,,,,,,,,,,,,,,,,,,,,,,,,,,,,,,,,,,,,,,,,0.0,0.0,0.0,7572.0,,,,,,,,,,,,,,,,,,,,,,,,,,,,,,-0.0824,,0.274956862745098,,289.33,289.33,704.033,0.506,,4180.692,3476.66,695.211,8.822,,,,,,,,16378.46,94010.562,82205.117,100.0,100.0,1496.818,224.634,5899.497,1323.813,4.244,0.056,0.041,100.0,,,,,,,,,,,,,,,,,,,,,,,,,,,,0.1921487445414847,94.010562
1878,,,,,,,,,,,,,,,,,,,,,,,,1.190000057220459,0.037901120467881,31.397490167313503,98.21,88.06,97.02,60.34,80.76,,93.14,120.79,82.21,113.75,91.57,115.09,,,72.06,101.68,,153.23,59.14,37.81,94.2,,,,,119.74,84.26,,142.89,95.97,169.47,99.25,87.66,116.32,160.21,,71.49,,165.05,150.01,72.87,117.92,,,,,,,,,,,,,,,,,,,,,,,,,,,,,,,,,,,,,,,,0.0,0.0,0.0,7572.0,,,,,,,,,,,,,,,,,,,,,,,,,,,,,,0.0103,,0.367656862745098,,,288.81,709.65,0.508,,4241.147,3531.498,699.612,10.038,,,,,,,,17088.109,98251.719,85736.609,100.0,100.0,1506.982,233.598,5979.068,1333.009,4.278,0.059,0.043,100.0,,,,,,,,,,,,,,,,,,,,,,,,,,,,0.1936817685589519,98.251719
1879,,,,,,,,,,,,,,,,,,,,,,,,0.8600000143051147,0.0365941852792938,23.501001805107297,90.19,82.88,91.31,61.1,79.27,,70.64,123.89,78.67,110.34,113.25,118.16,,,67.41,92.51,,143.55,56.83,45.24,97.22,,,,,108.85,84.18,,148.61,108.44,149.34,100.51,99.85,104.07,133.06,,72.88,,158.45,144.02,76.64,106.22,,,,,,,,,,,,,,,,,,,,,,,,,,,,,,,,,,,,,,,,0.0,0.0,0.0,7572.0,,,,,,,,,,,,,,,,,,,,,,,,,,,,,,-0.2887,,0.068656862745098,,,288.29,759.794,0.54,,4348.402,3588.607,747.138,12.657,,,,,,,,17847.904,102600.117,89325.219,100.0,100.0,1522.503,240.66,6108.896,1391.913,4.345,0.062,0.045,100.0,,,,,,,,,,,,,,,,,,,,,,,,,,,,0.2073673580786026,102.600117
1880,,,,,,,,,,,,,,,,,,,,,,,,0.949999988079071,0.0379011204679242,25.065221723010985,95.83,96.04,91.88,75.56,98.73,,77.61,133.8,80.67,101.01,122.14,122.73,,,71.45,98.48,,149.52,50.05,53.22,103.81,,,121.95,,116.84,82.14,,141.46,96.58,145.1,102.98,105.36,95.58,132.48,,76.29,,164.28,128.95,99.3,123.21,,,,,,,,,,,,,,,,,,,,,,,,,,,,,,,,,,,,,,,,0.0,0.0,0.0,7572.0,,,,,,,,,,,,,,,,,,,,,,,,,,,,,,-0.3032,-0.1733,0.054156862745098,,287.77,287.77,858.228,0.607,,4481.337,3623.11,842.695,15.36,,0.172,,,,,,18706.131,107081.461,92948.32,100.0,100.0,1544.166,245.11,6267.865,1505.008,4.431,0.064,0.047,100.0,,,,,,,,,,,,,,,,,,,,,,,,,,,,0.2342325327510916,107.081461
1881,,,,,,,,,,,,,,,,,,,,,,,,0.8600000143051147,0.0379011204678779,22.69062243249469,93.87,90.99,96.06,99.64,88.46,,72.49,165.29,107.5,93.24,150.34,133.53,,,70.32,90.27,,143.22,50.5,56.24,98.76,,,169.78,,135.95,82.14,,143.11,88.23,118.37,85.82,116.69,95.58,145.73,,81.46,,170.72,122.73,117.69,107.24,,,,,,,,,,,,,,,,,,,,,,,,,,,,,,,,,,,,,,,,0.0,0.0,0.0,7572.0,,,,,,,,,,,,,,,,,,,,,,,,,,,,,,-0.213,-0.0875,0.144356862745098,,,289.3333333333333,888.173,0.624,,4491.63,3603.458,870.726,17.239,,0.208,,,,,,19594.303,111573.078,96551.789,100.0,100.0,1561.769,247.807,6298.316,1542.948,4.423,0.067,0.049,100.0,,,,,,,,,,,,,,,,,,,,,,,,,,,,0.2424052947598253,111.573078
1882,,,,,,,,,,,,,,,,,,,,,,,,0.7799999713897705,0.0379011204677604,20.579865760255203,99.74,90.99,100.24,120.12,88.46,,65.33,127.35,144.41,83.25,103.45,136.16,,,74.85,86.54,,155.82,50.5,61.69,100.28,,,137.29,,142.33,82.14,,139.31,87.34,103.78,84.59,112.16,104.54,190.78,,85.29,,164.28,120.43,104.21,104.3,,,,,,,,,,,,,,,,,,,,,,,,,,,,,,,,,,,,,,,,0.0,0.0,0.0,7572.0,,,,,,,,,,,,,,,,,,,,,,,,,,,,,,-0.2721,-0.11,0.085256862745098,,,290.89666666666665,938.158,0.654,,4621.833,3683.676,918.787,18.936,0.165,0.27,,,,,,20532.461,116194.922,100235.461,100.0,100.0,1579.738,250.13,6448.854,1601.261,4.498,0.07,0.051,100.0,,,,,,,,,,,,,,,,,,,,,,,,,,,,0.2560474890829694,116.194922
1883,,,,,,,,,,,,,,,,,,,,,,,,1.0,0.0365941852792425,27.326745830497657,101.79,92.86,103.72,100.79,86.25,,66.22,121.32,116.91,91.76,97.72,120.22,,,72.92,78.42,,178.3,51.54,57.4,86.39,,,140.34,,112.74,83.83,,143.6,94.79,105.38,77.58,103.49,124.98,213.63,,84.52,,161.09,121.74,110.11,99.8,,,,,,,,,,,,,,,,,,,,,,,,,,,,,,,,,,,,,,,,0.0,0.0,0.0,7572.0,,,,,,,,,,,,,,,,,,,,,,,,,,,,,,-0.3276,-0.1733,0.029756862745098,,292.46,292.46,997.862,0.691,,4742.019,3744.156,980.636,16.498,0.381,0.348,,,,,,21530.324,120936.938,103979.617,100.0,100.0,1599.377,252.155,6590.572,1670.935,4.563,0.073,0.053,100.0,,,,,,,,,,,,,,,,,,,,,,,,,,,,0.2723422489082969,120.936938
1884,,,,,,,,,,,,,,,,,,,,,,,,0.8399999737739563,0.0352872500906837,23.804631180249643,99.86,94.81,92.85,92.24,77.36,,70.75,101.58,115.92,90.22,91.23,100.2,,,63.82,69.97,,114.81,52.63,51.05,87.07,,,131.13,,110.68,85.59,,143.19,86.94,110.42,80.48,90.32,112.05,173.95,,86.3,,117.48,117.52,103.48,98.84,,,,,,,,,,,,,,,,,,,,,,,,,,,,,,,,,,,,,,,,1.0,525.358,525.358,8097.358,,,,,,,,,,,,,,,,,,,,,,,,,,,,,,-0.4744,-0.2817,-0.1170431372549019,,289.49,289.49,1009.762,0.694,,4759.06,3749.298,989.938,18.319,1.172,0.333,,,,,,22540.088,125696.0,107728.914,100.0,100.0,1611.351,253.957,6621.438,1685.119,4.551,0.076,0.055,100.0,,,,,,,,,,,,,,,,,,,,,,,,,,,,0.2755900655021834,125.696
1885,,,,,,,,,,,,,,,,,,,,,,,,0.8799999952316284,0.0352872500907798,24.9381856893848,91.5,94.06,82.9,72.84,94.9,,69.66,119.53,97.41,82.62,101.11,103.25,,,51.86,73.77,,108.78,53.14,55.95,87.02,,,149.86,,97.88,87.34,,139.1,87.51,91.97,88.64,81.92,95.28,112.7,,83.99,,119.88,122.76,97.77,91.84,,,,,,,,,,,,,,,,,,,,,,,,,,,,,,,,,,,,,,,,0.0,0.0,0.0,8097.358,,,,,,,,,,,,,,,,,,,,,,,,,,,,,,-0.4581,-0.335,-0.1007431372549019,,,288.805,1017.489,0.694,,4772.625,3755.136,994.473,18.956,3.715,0.345,,,,,,23557.576,130468.625,111484.055,100.0,100.0,1623.198,255.61,6648.329,1694.989,4.535,0.079,0.057,100.0,,,,,,,,,,,,,,,,,,,,,,,,,,,,0.277698962882096,130.468625
1886,,,,,,,,,,,,,,,,,,,,,,,,0.7099999785423279,0.0352872500907295,20.1205811367221,85.0,87.88,93.79,73.26,90.11,,63.68,116.45,86.21,80.81,94.42,96.36,,,49.3,85.93,,82.09,58.96,64.4,90.04,,,106.66,,103.87,89.25,,138.56,92.67,107.79,75.93,81.87,77.89,126.68,,87.05,,101.5,122.44,95.92,91.03,,,,,,,,,,,,,,,,,,,,,,,,,,,,,,,,,,,,,,,,0.0,0.0,0.0,8097.358,,,,,,,,,,,,,,,,,,,,,,,,,,,,,,-0.4082,-0.3158,-0.0508431372549019,,288.12,288.12,1032.987,0.699,,4783.079,3750.092,1003.117,21.821,7.676,0.374,,,,,,24590.562,135251.703,115234.141,100.0,100.0,1636.286,257.19,6673.521,1713.864,4.519,0.082,0.06,100.0,,,,,,,,,,,,,,,,,,,,,,,,,,,,0.2819287663755458,135.25170300000002
1887,,,,,,,,,,,,,,,,,,,,,,,,0.6700000166893005,0.0352872500908099,18.98702831660413,75.67,84.21,77.81,85.59,94.23,,59.94,112.8,91.22,72.78,94.28,94.16,,,53.64,82.59,,104.88,59.62,72.8,93.55,,,93.94,,92.09,88.29,,132.16,88.28,193.66,75.11,92.55,70.63,113.92,,88.29,,100.4,108.87,138.36,93.54,,,,,,,,,,,,,,,,,,,,,,,,,,,,,,,,,,,,,,,,1.0,906.395,906.395,9003.753,,,,,,,,,,,,,,,,,,,,,,,,,,,,,,-0.4883,-0.3642,-0.1309431372549019,,294.34,294.34,1084.283,0.729,,4893.109,3808.826,1048.46,23.479,11.787,0.556,,,,,,25674.846,140144.797,119042.969,100.0,100.0,1654.795,258.773,6803.576,1773.959,4.573,0.085,0.062,100.0,,,,,,,,,,,,,,,,,,,,,,,,,,,,0.2959287663755458,140.14479699999998
1888,,,,,,,,,,,,,,,,,,,,,,,,0.8799999952316284,0.0352872500907798,24.9381856893848,81.98,73.35,86.79,99.88,84.89,,67.48,128.2,107.47,84.71,104.32,113.46,,,98.74,89.01,,98.12,63.98,76.05,99.57,,,110.91,,91.33,88.29,,127.52,88.28,171.06,81.7,113.86,70.63,131.01,,86.11,,110.79,113.08,104.1,92.84,,,,,,,,,,,,,,,,,,,,,,,,,,,,,,,,,,,,,,,,0.0,0.0,0.0,9003.753,,,,,,,,,,,,,,,,,,,,,,,,,,,,,,-0.3726,-0.1783,-0.0152431372549019,,,293.34,1201.342,0.801,,5001.777,3800.435,1159.449,24.578,16.774,0.541,,,,,,26876.189,145146.594,122843.406,100.0,100.0,1679.947,260.432,6938.952,1906.466,4.629,0.088,0.064,100.0,,,,,,,,,,,,,,,,,,,,,,,,,,,,0.3278771834061135,145.14659400000002
1889,,,,,,,,,,,,,,,,,,,,,,,,0.9399999976158142,0.0352872500906906,26.638516608688708,84.74,70.2,97.44,79.12,86.87,,66.71,93.05,81.11,90.02,76.5,110.06,,,64.26,86.2,,113.66,66.13,62.49,105.12,,,136.0,,103.84,91.26,,135.05,84.05,204.28,89.89,86.22,82.96,173.68,,89.01,,135.99,114.76,89.89,106.46,,,,,,,,,,,,,,,,,,,,,,,,,,,,,,,,,,,,,,,,0.0,0.0,0.0,9003.753,,,,,,,,,,,,,,,,,,,,,,,,,,,,,,-0.2504,-0.1092,0.106956862745098,,292.34,292.34,1202.098,0.796,,5037.133,3835.035,1160.885,28.404,12.227,0.582,,,,,,28078.285,150183.719,126678.445,100.0,100.0,1692.237,262.244,6988.416,1909.823,4.628,0.091,0.066,100.0,,,,,,,,,,,,,,,,,,,,,,,,,,,,0.3280835152838428,150.18371900000002
1890,,,,,,,,,,,,,,,,,,,,,,,,0.8700000047683716,0.0352872500907959,24.65479748435531,83.5,65.31,92.29,71.56,87.85,,59.17,140.82,94.17,91.04,114.76,116.43,,,68.81,88.85,,114.95,66.88,63.87,117.47,,,161.96,,92.29,92.29,,150.4,80.65,213.79,86.78,89.74,90.61,169.69,138.23,90.01,,110.39,114.56,110.2,101.08,,,,,,,,,,,,,,,,,,,,,,,,,,,,,,,,,,,,,,,,0.0,0.0,0.0,9003.753,,,,,,,,,,,,,,,,,,,,,,,,,,,,,,-0.5003,-0.3575,-0.1429431372549019,,290.92,290.92,1307.255,0.86,,5423.613,4116.357,1260.254,34.648,11.688,0.665,,,,,,29385.541,155607.328,130794.797,100.0,100.0,1718.415,272.135,7410.932,2033.261,4.873,0.095,0.069,100.0,,,,,,,,,,,,,,,,,,,,,,,,,,,,0.3567835698689957,155.607328
1891,,,,,,,,,,,,,,,,,,,,,,,,0.6700000166893005,0.0352872500908099,18.98702831660413,87.9,62.47,82.9,79.72,87.85,,45.71,118.37,141.46,88.67,142.21,126.05,,,64.99,83.82,,97.26,66.88,61.84,106.24,,,159.65,,124.91,92.29,,136.16,75.94,201.16,71.63,89.11,87.26,113.13,129.18,88.75,,112.2,115.74,112.95,91.92,,,,,,,,,,,,,,,,,,,,,,,,,,,,,,,,,,,,,,,,0.0,0.0,0.0,9003.753,,,,,,,,,,,,,,,,,,,,,,,,,,,,,,-0.3975,-0.2242,-0.0401431372549019,,,293.045,1369.598,0.894,,5575.736,4206.138,1319.138,40.829,8.947,0.684,,,,,,30755.139,161183.078,135000.938,100.0,100.0,1737.446,275.376,7585.248,2105.497,4.953,0.098,0.071,100.0,,,,,,,,,,,,,,,,,,,,,,,,,,,,0.3737985807860262,161.183078
1892,,,,,,,,,,,,,,,,,,,,,,,,0.5600000023841858,0.0352872500908463,15.869754683135575,83.5,62.47,82.9,92.44,87.85,,37.97,105.67,111.09,97.28,98.92,103.23,,,57.34,71.25,,132.63,62.81,63.19,98.14,,,124.17,,105.82,92.29,,119.64,74.21,190.4,66.12,82.11,80.54,101.22,110.46,85.72,,115.82,108.86,122.59,81.3,,,,,,,,,,,,,,,,,,,,,,,,,,,,,,,,,,,,,,,,0.0,0.0,0.0,9003.753,,,,,,,,,,,,,,,,,,,,,,,,,,,,,,-0.5066,-0.2742,-0.149243137254902,,295.17,295.17,1380.536,0.895,,5562.223,4181.686,1331.829,40.204,7.775,0.728,,,,,,32135.676,166745.297,139182.625,100.0,100.0,1750.336,278.739,7588.023,2120.234,4.922,0.101,0.074,100.0,,,,,,,,,,,,,,,,,,,,,,,,,,,,0.3767838427947598,166.745297
1893,,,,,,,,,,,,,,,,,,,,,,,,0.6399999856948853,0.0352872500906633,18.13686201249846,83.35,63.19,85.44,120.94,86.17,,44.18,92.2,96.73,81.36,92.42,89.35,,,54.78,68.67,,93.01,63.53,55.33,87.32,,,116.49,,82.89,93.35,,101.27,82.45,214.77,62.7,93.35,82.32,102.38,118.41,88.23,,108.91,107.22,110.07,81.49,,,,,,,,,,,,,,,,,,,,,,,,,,,,,,,,,,,,,,,,1.0,650.0,650.0,9653.753,,,,,,,,,,,,,,,,,,,,,,,,,,,,,,-0.4949,-0.3125,-0.1375431372549019,,295.09,295.09,1363.18,0.878,,5582.068,4218.889,1312.683,42.544,7.288,0.665,,,,,,33498.855,172327.359,143401.516,100.0,100.0,1757.747,282.182,7618.795,2101.242,4.91,0.105,0.076,100.0,,,,,,,,,,,,,,,,,,,,,,,,,,,,0.372046943231441,172.327359
1894,,,,,,,,,,,,,,,,,,,,,,,,0.8399999737739563,0.0339803149022443,24.720193917875573,85.98,66.07,90.98,96.96,85.4,,60.55,104.8,109.93,67.27,94.68,78.66,,,53.91,68.26,,106.6,66.42,48.87,78.84,,,94.88,,76.65,97.6,,92.63,75.71,219.05,61.18,72.7,86.95,85.01,116.5,90.65,,105.26,109.09,96.15,84.43,,,,,,,,,,,,,,,,,,,,,,,,,,,,,,,,,,,,,,,,1.0,2780.333,2780.333,12434.086,,,,,,,,,,,,,,,,,,,,,,,,,,,,,,-0.4787,-0.3058,-0.1213431372549019,,293.49,293.49,1412.227,0.904,,5715.95,4303.722,1363.137,41.697,6.698,0.695,,,,,,34911.086,178043.312,147705.234,100.0,100.0,1777.388,285.662,7775.792,2160.927,4.978,0.108,0.079,100.0,,,,,,,,,,,,,,,,,,,,,,,,,,,,0.3854331331877729,178.043312
1895,,,,,,,,,,,,,,,,,,,,,,,,1.3600000143051147,0.0326733797136866,41.6240996867374,88.1,87.69,98.31,85.63,82.69,,100.44,80.59,102.23,75.68,81.24,85.98,,,59.37,78.11,,57.48,68.05,46.39,83.11,,,96.66,,73.97,100.0,,104.48,73.77,205.55,65.67,71.03,83.64,96.77,131.42,89.86,,94.12,112.24,101.49,94.05,,,,,,,,,,,,,,,,,,,,,,,,,,,,,,,,,,,,,,,,0.0,0.0,0.0,12434.086,,,,,,,,,,,,,,,,,,,,,,,,,,,,,,-0.4418,-0.2283,-0.0844431372549019,,,294.024,1495.964,0.951,,5786.031,4290.067,1439.659,48.536,7.042,0.726,,,,,,36407.047,183829.328,151995.297,100.0,100.0,1800.448,289.137,7872.411,2258.76,5.007,0.112,0.081,100.0,,,,,,,,,,,,,,,,,,,,,,,,,,,,0.4082871179039301,183.829328
1896,,,,,,,,,,,,,,,,,,,,,,,,1.1799999475479126,0.032673379713634,36.11502568421225,80.95,83.08,89.83,67.22,79.81,,87.18,72.73,67.65,83.78,73.65,94.35,,,64.9,83.56,,63.23,68.05,44.18,90.43,,,106.13,,85.0,100.0,,102.47,67.47,186.66,73.88,80.69,80.0,109.68,141.59,89.86,,98.04,111.31,82.09,98.02,,,,,,,,,,,,,,,,,,,,,,,,,,,,,,,,,,,,,,,,1.0,2400.0,2400.0,14834.086,,,,,,,,,,,,,,,,,,,,,,,,,,,,,,-0.2786,-0.1158,0.078756862745098,,,294.558,1545.451,0.976,,5850.712,4305.261,1485.244,52.568,6.848,0.791,,,,,,37952.496,189680.062,156300.562,100.0,100.0,1817.2,292.564,7957.284,2316.076,5.028,0.116,0.084,100.0,,,,,,,,,,,,,,,,,,,,,,,,,,,,0.4217933951965065,189.680062
1897,,,,,,,,,,,,,,,,,,,,,,,,0.7900000214576721,0.0326733797136604,24.178705367519136,86.78,81.0,94.38,72.99,78.85,,58.93,85.32,67.59,94.4,86.09,122.82,,,68.5,92.87,,64.02,62.26,46.22,95.65,,,72.48,,96.01,101.24,,92.18,71.85,95.45,73.29,64.94,81.0,91.45,151.49,87.65,,87.35,110.45,111.82,89.59,,,,,,,,,,,,,,,,,,,,,,,,,,,,,,,,,,,,,,,,0.0,0.0,0.0,14834.086,,,,,,,,,,,,,,,,,,,,,,,,,,,,,,-0.2547,-0.1117,0.102656862745098,,,295.09200000000004,1618.405,1.016,,5993.856,4375.451,1554.677,55.527,7.288,0.914,,,,,,39570.902,195673.922,160676.0,100.0,100.0,1838.674,295.9,8125.195,2401.617,5.1,0.119,0.087,100.0,,,,,,,,,,,,,,,,,,,,,,,,,,,,0.4417044213973799,195.673922
1898,,,,,,,,,,,,,,,,,,,,,,,,0.9100000262260436,0.0326733797137093,27.851420153031167,86.78,87.23,89.23,77.17,77.88,,68.27,96.77,83.62,98.51,89.12,128.38,,,72.69,97.47,,64.02,59.74,53.67,106.06,,,74.45,,109.97,101.24,,94.21,96.86,76.98,60.44,60.75,84.68,94.71,136.23,92.37,,93.3,107.73,92.18,92.0,,,,,,,,,,,,,,,,,,,,,,,,,,,,,,,,,,,,,,,,0.0,0.0,0.0,14834.086,,,,,,,,,,,,,,,,,,,,,,,,,,,,,,-0.474,-0.2758,-0.1166431372549019,,,295.62600000000003,1706.967,1.064,,6098.222,4391.255,1640.331,57.169,8.46,1.007,,,,,,41277.871,201772.141,165067.266,100.0,100.0,1861.349,299.103,8255.487,2504.003,5.147,0.123,0.09,100.0,,,,,,,,,,,,,,,,,,,,,,,,,,,,0.4658752729257642,201.772141
1899,,,,,,,,,,,,,,,,,,,,,,,,1.2899999618530271,0.0326733797136225,39.48168120836266,96.42,91.9,92.66,80.84,84.69,,96.85,96.52,88.9,98.51,100.03,102.28,,,103.45,113.1,,62.08,122.62,91.69,133.57,,,94.48,,101.24,101.24,,93.74,87.33,75.44,66.49,87.28,92.04,111.04,103.68,102.08,,97.27,104.08,107.29,109.28,,,,,,,,,,,,,,,,,,,,,,,,,,,,,,,,,,,,,,,,1.0,1675.814,1675.814,16509.9,,,,,,,,,,,,,,,,,,,,,,,,,,,,,,-0.3443,-0.1767,0.013056862745098,,296.16,296.16,1864.424,1.154,,6291.44,4427.016,1792.204,60.026,10.904,1.29,,,,,,43142.293,208063.578,169494.281,100.0,100.0,1892.905,302.13,8483.32,2684.199,5.252,0.127,0.092,100.0,,,,,,,,,,,,,,,,,,,,,,,,,,,,0.5088493449781659,208.063578
1900,,,,,,,,,,,,,,,,,,,,,,,,1.190000057220459,0.0326733797136866,36.42108859408805,100.0,100.0,100.0,100.0,100.0,100.0,100.0,100.0,100.0,100.0,100.0,100.0,100.0,100.0,100.0,100.0,100.0,100.0,100.0,100.0,100.0,100.0,100.0,100.0,100.0,100.0,100.0,100.0,100.0,100.0,100.0,100.0,100.0,100.0,100.0,100.0,100.0,100.0,100.0,100.0,100.0,100.0,100.0,100.0,100.0,100.0,100.0,100.0,19.309,27.778,14.607,132.19004586841928,190.1690970082837,,,,,,,,,,,,6800.0,88000.0,495000.0,386.0,,749000.0,9290.0,3150000.0,5400.0,,479000.0,234.949,234.949,73.84,73.84,5349.888,5349.888,0.0,0.0,0.0,16509.9,,,,,,,,,,,,,,,,,,,,,,,,,,,,,,-0.2302,-0.085,0.127156862745098,,294.22,294.22,1962.884,1.206,0.56,6423.621,4460.737,1882.645,67.303,11.542,1.395,,,,,,45105.176,214487.188,173955.016,100.0,100.0,1919.446,304.938,8644.852,2800.415,5.312,0.131,0.095,100.0,,5349.888,234.949,73.84,,,5658.677,7.0,4.0,1.0,1.0,2.0,0.0,0.0,2.0,1267500.0,1267300.0,0.0,1098720.0,1098720.0,,,,,,,,0.535721615720524,214.487188
1901,,,,,,,,,,,,,,,,,,,,,,,,0.959999978542328,0.032673379713665,29.381716460168487,98.79,95.25,98.79,115.35,99.74,79.03,88.37,110.19,129.32,88.79,108.45,100.45,99.69,104.08,98.3,97.89,111.7,111.36,88.36,82.25,91.59,94.83,70.62,98.51,108.56,51.98,98.79,112.21,85.07,92.91,77.71,99.37,98.79,93.6,92.41,86.99,96.62,96.96,79.94,94.48,100.3,82.93,94.38,92.28,95.51,99.79,89.43,89.11,18.236,27.522,13.858,131.5918602973012,198.60008659258187,,,,,,,,,,,,6800.0,106000.0,526000.0,395.0,,,11400.0,3000000.0,5380.0,,510000.0,262.838,497.787,81.828,155.668,5446.595,10796.483,1.0,971.0,971.0,17480.9,,,,,,,,,,,,,,,,,,,,,,,,,,,,,,-0.2872,-0.1542,0.070156862745098,,,294.915,2025.628,1.235,,6611.075,4585.447,1936.356,74.746,12.861,1.666,,,,,,47130.805,221098.266,178540.469,100.0,100.0,1940.271,307.869,8856.1,2874.197,5.4,0.135,0.098,100.0,,5446.595,262.838,81.828,,,5791.261,2.0,0.0,0.0,0.0,0.0,0.0,0.0,1.0,200018.0,0.0,24.0,0.0,0.0,,,,,,,,0.5528460698689956,221.098266
1902,,,,,,,,,,,,,,,,,,,,,,,,0.800000011920929,0.0339803149021537,23.543042912478192,97.6,94.59,97.6,133.95,105.11,78.33,89.28,108.63,152.91,84.86,97.41,102.87,98.5,81.92,66.49,90.9,111.43,88.02,95.78,87.45,107.61,88.49,75.59,85.64,82.45,44.94,97.6,127.79,73.35,92.37,68.64,101.39,106.35,97.6,107.05,83.36,113.38,90.37,63.11,98.91,104.65,88.91,97.46,94.96,94.36,103.78,91.67,92.32,18.145,25.518,13.483,134.576874582808,189.2605503226285,,,,,,,,,,,,7900.0,136000.0,555000.0,451.0,,,12200.0,3120000.0,5060.0,,547000.0,285.389,783.176,89.816,245.484,5578.424,16374.907,0.0,0.0,0.0,17480.9,,,,,,,,,,,,,,,,,,,,,,,,,,,,,,-0.4374,-0.2825,-0.0800431372549019,,295.61,295.61,2076.956,1.256,,6704.71,4627.754,1980.299,80.803,13.696,2.158,,,,,,49207.762,227802.969,183168.219,100.0,100.0,1957.994,311.228,8970.866,2933.611,5.427,0.139,0.101,100.0,,5578.424,285.389,89.816,,,5953.629,10.0,1.0,0.0,1.0,0.0,0.0,0.0,9.0,48438.0,600.0,142652.0,880384.0,0.0,,,,,,,,0.5668548034934499,227.802969
1903,,,,,,,,,,,,,,,,,,,,,,,,0.9399999976158142,0.0352872500906906,26.638516608688708,90.87,88.12,95.43,113.47,113.78,76.66,112.12,104.81,114.99,104.92,101.9,106.48,96.3,71.57,78.04,92.59,178.93,76.52,92.46,89.66,112.74,83.72,76.34,89.32,87.29,46.0,95.43,122.7,82.47,90.89,65.98,120.87,109.25,97.1,110.82,103.9,107.72,68.92,66.09,73.65,108.17,93.71,102.24,99.76,95.54,102.36,102.14,91.01,19.006,26.668,13.483,140.96269376251576,197.7898093896017,,,,,,,,,,,,8500.0,189000.0,596000.0,496.0,,,10200.0,3450000.0,5220.0,,574000.0,305.043,1088.219,97.803,343.28700000000003,6087.26,22462.167,0.0,0.0,0.0,17480.9,,,,,,,,,,,,,,,,,,,,,,,,,,,,,,-0.5352,-0.3717,-0.1778431372549019,,,295.8,2264.592,1.358,,6927.692,4663.1,2161.955,85.56,14.528,2.548,,,,,,51472.352,234730.672,187831.312,100.0,100.0,1993.062,314.923,9232.675,3146.792,5.538,0.144,0.104,100.0,,6087.26,305.043,97.803,,,6490.106,12.0,5.0,2.0,2.0,1.0,0.0,0.0,7.0,7136.0,413.0,60023.0,16277328.0,16277328.0,,,,,,,,0.6180655021834062,234.730672
1904,,,,,,,,,,,,,,,,,,,,,,,,0.8600000143051147,0.0352872500908123,24.37140927932582,94.32,95.05,94.32,95.96,99.76,74.38,113.5,95.48,124.54,86.48,130.28,137.84,100.96,77.48,74.69,93.03,97.74,75.63,77.92,88.3,105.92,79.23,62.21,92.22,103.94,98.88,94.32,113.96,89.08,92.08,90.31,114.75,98.23,94.32,139.96,115.22,95.1,57.64,86.99,87.36,103.61,99.37,98.51,94.92,96.25,100.58,96.62,79.77,20.586,27.526,13.858,148.549574253139,198.62895078654927,,,,,,,,,,,,10000.0,133000.0,660000.0,526.0,95500000.0,,10500.0,3870000.0,5110.0,,629000.0,342.538,1430.757,105.791,449.078,6118.242,28580.409,0.0,0.0,0.0,17480.9,,,,,,,,,,,,,,,,,,,,,,,,,,,,,,-0.5971,-0.4767,-0.2397431372549019,,295.99,295.99,2290.255,1.362,,7062.163,4771.908,2174.434,96.073,15.165,2.749,,,,,,53762.609,241792.828,192603.219,100.0,100.0,2008.754,318.858,9386.916,3178.697,5.584,0.148,0.108,100.0,,6118.242,342.538,105.791,,,6566.571000000001,4.0,1.0,0.0,1.0,0.0,0.0,0.0,3.0,152.0,0.0,3969.0,0.0,0.0,,,,,,,,0.625069596069869,241.792828
1905,,,,,,,,,,,,,,,,,,,,,,,,0.6200000047683716,0.0352872500907047,17.570085602439473,95.1,119.72,95.43,98.74,97.26,66.8,97.69,92.38,125.36,98.43,114.86,135.88,102.14,73.27,91.89,102.85,117.23,76.52,87.72,100.1,124.55,99.5,71.06,92.24,110.68,140.25,95.43,128.22,96.46,91.45,96.11,108.18,99.38,93.76,123.13,124.61,111.64,68.92,94.08,85.82,100.86,122.7,98.63,94.29,101.63,104.71,93.07,89.33,21.621,29.15,13.858,156.01818444219944,210.34781353730696,,,,,,,,,,,,13000.0,159000.0,713000.0,575.0,116000000.0,,15600.0,3850000.0,5360.0,93600.0,660000.0,336.898,1767.6550000000002,113.779,562.857,6596.002,35176.411,0.0,0.0,0.0,17480.9,,,,,,,,,,,,,,,,,,,,,,,,,,,,,,-0.4059,-0.265,-0.0485431372549019,,299.02,299.02,2440.571,1.44,,7244.465,4803.895,2320.898,97.01,17.17,3.512,,,,,,56203.18,249037.297,197407.125,100.0,100.0,2034.716,322.94,9598.302,3345.558,5.661,0.152,0.111,100.0,,6596.002,336.898,113.779,,,7046.679,8.0,1.0,0.0,1.0,0.0,0.0,0.0,7.0,20987.0,240.0,22295.0,1654861.0,0.0,,,,,,,,0.6660947052401747,249.037297
1906,,,,,,,,,,,,,,,,,,,,,,,,0.7300000190734863,0.0352872500906926,20.687359235908023,93.35,132.64,93.35,115.55,99.63,60.15,110.29,95.87,112.92,113.18,109.0,104.52,102.2,68.34,111.16,120.91,194.25,74.85,87.55,124.34,128.64,86.88,83.02,107.13,93.49,142.95,93.35,148.85,100.26,91.68,91.28,116.7,115.24,103.15,117.44,126.72,128.9,74.33,69.93,73.62,103.56,118.35,103.07,98.31,105.7,106.49,99.94,92.19,21.61,31.726,14.607,147.94276716642707,217.19723420277947,,,,,,,,,,,,17000.0,201000.0,724000.0,608.0,100000000.0,1040000.0,16000.0,4190000.0,5130.0,98400.0,704000.0,335.549,2103.204,121.766,684.6229999999999,6965.476,42141.887,1.0,676.147,676.147,18157.047,,,,,,,,,,,,,,,,,,,,,,,,,,,,,,-0.3154,-0.2258,0.041956862745098,,298.48,298.48,2548.978,1.491,,7420.486,4871.508,2425.449,97.878,19.027,4.497,,,,,,58752.156,256457.781,202278.641,100.0,100.0,2067.422,327.073,9810.574,3477.249,5.738,0.157,0.114,100.0,,6965.476,335.549,121.766,,,7422.790999999999,11.0,4.0,0.0,3.0,1.0,0.0,0.0,7.0,33651.0,10298.0,120482.0,21838748.0,678222.0,,,,,,,,0.695681768558952,256.457781
1907,,,,,,,,,,,,,,,,,,,,,,,,0.7200000286102295,0.036594185279365,19.675257779716937,87.22,100.18,87.08,106.99,97.94,63.23,114.6,145.99,123.14,116.29,129.48,115.25,122.96,59.04,110.38,108.78,178.88,80.58,88.8,114.08,118.25,87.21,96.2,116.98,122.13,187.34,89.35,187.18,76.11,106.37,71.07,113.18,115.85,106.61,126.82,111.94,131.7,72.81,70.41,68.96,102.65,111.68,105.25,100.37,108.14,107.48,103.21,95.45,22.757,36.699,15.356,148.19614482938266,238.9880177129461,,,,,,,,,,,,22000.0,269000.0,721000.0,623.0,135000000.0,993000.0,16300.0,4720000.0,5730.0,93800.0,738000.0,414.9,2518.1040000000003,129.754,814.377,7705.012,49846.899000000005,2.0,4044.0,4044.0,22201.047,,,,,,,,,,,,,,,,,,,,,,,,,,,,,,-0.4995,-0.3883,-0.1421431372549019,,,299.4866666666667,2904.949,1.684,,7778.838,4873.889,2758.979,119.41,19.877,4.63,,,,,,61657.105,264236.625,207152.516,100.0,100.0,2118.715,331.165,10223.97,3875.045,5.928,0.162,0.118,100.0,,7705.012,414.9,129.754,,,8249.666,3.0,0.0,0.0,0.0,0.0,0.0,0.0,2.0,1313200.0,0.0,90000.0,981000.0,0.0,,,,,,,,0.7928354257641922,264.236625
1908,,,,,,,,,,,,,,,,,,,,,,,,0.7200000286102295,0.0352872500907108,20.40397103087853,91.26,96.48,87.39,103.84,98.28,66.59,120.13,126.91,163.01,123.22,132.6,126.03,80.09,65.18,74.46,87.7,104.66,82.3,83.89,89.92,95.2,97.1,87.37,121.51,75.84,151.94,91.26,128.21,69.57,75.51,70.12,110.54,107.62,91.26,108.92,92.32,166.01,76.05,82.55,65.23,111.02,97.78,107.53,100.55,99.45,113.76,101.83,85.98,20.427,24.245,14.232,143.52866779089376,170.35553681843734,,,,,,,,,,,,17000.0,243000.0,744000.0,668.0,109000000.0,1280000.0,14900.0,5380000.0,6320.0,106000.0,723000.0,448.534,2966.6380000000004,137.742,952.119,7322.571,57169.47,1.0,1469.0,1469.0,23670.047,,,,,,,,,,,,,,,,,,,,,,,,,,,,,,-0.5066,-0.4283,-0.149243137254902,,,300.49333333333334,2790.395,1.604,,7711.734,4921.338,2635.282,128.779,19.676,4.824,,,,,,64447.5,271948.344,212073.859,100.0,100.0,2118.962,335.119,10160.848,3751.185,5.841,0.166,0.121,100.0,,7322.571,448.534,137.742,,,7908.847,3.0,0.0,0.0,0.0,0.0,0.0,0.0,3.0,75033.0,0.0,150000.0,3933688.0,0.0,,,,,,,,0.7615706877729258,271.948344
1909,,,,,,,,,,,,,,,,,,,,,,,,0.699999988079071,0.0352872500907487,19.83719293169261,92.29,131.09,92.29,137.1,94.95,64.47,113.53,126.76,160.76,98.06,132.26,157.44,62.09,62.63,73.99,90.18,113.61,74.0,75.09,91.75,112.47,108.78,83.65,118.77,101.56,172.63,92.29,133.67,75.34,65.37,88.71,127.71,154.67,97.14,122.06,134.35,177.5,83.74,82.18,72.16,116.73,115.35,106.66,97.43,106.69,118.6,95.72,79.46,21.554,20.822,14.232,151.44744238336142,146.30410342889263,,,,,,,,,,,,30000.0,275000.0,828000.0,687.0,126000000.0,1060000.0,17000.0,4950000.0,6600.0,106000.0,775000.0,471.317,3437.9550000000004,145.729,1097.848,7651.541,64821.011,3.0,2646.077,2109.41,26316.124000000003,,,,,,,,,,,,,,,,,,,,,,,,,,,,,,-0.5329,-0.4892,-0.175543137254902,,301.5,301.5,2907.112,1.658,,7906.798,4999.687,2740.823,134.358,23.523,6.06,,,,,,67354.609,279855.156,217073.547,100.0,100.0,2148.511,338.844,10389.171,3887.774,5.924,0.171,0.125,100.0,,7651.541,471.317,145.729,,,8268.587,17.0,7.0,1.0,5.0,0.0,0.0,0.0,8.0,1506356.0,838.0,3345.0,0.0,0.0,,,,,,,,0.7934257641921397,279.855156
1910,,,,,,,,,,,,,,,,,,,,,,,,0.6100000143051147,0.036594185279375,16.66931534745545,88.08,110.39,88.01,155.89,95.18,65.75,87.86,131.81,134.99,93.75,127.9,137.28,60.27,55.24,69.55,90.0,114.66,70.87,78.5,100.86,94.33,97.34,92.52,101.19,78.29,160.78,88.38,153.23,75.42,58.92,104.5,144.36,159.09,113.18,114.04,156.93,160.78,108.02,84.95,71.18,109.85,102.6,100.16,90.4,104.45,116.85,84.87,80.97,22.63,21.026,14.232,159.0078695896571,147.7374929735807,,,,,,,,,,,,45000.0,356000.0,858000.0,689.0,142000000.0,1100000.0,23100.0,5430000.0,6900.0,105000.0,810000.0,512.639,3950.594000000001,157.589,1255.437,8062.113,72883.124,0.0,0.0,0.0,26316.124000000003,,,,,,,,,,,,,,,,,,,,,,,,,,,,,,-0.5221,-0.4417,-0.1647431372549019,,297.87,297.87,3050.273,1.726,,7848.428,4798.155,2871.834,144.094,24.915,7.083,,,,,,70404.883,287703.594,221871.703,100.0,100.0,2176.739,342.243,10362.357,4049.323,5.863,0.176,0.128,100.0,,8062.113,512.639,157.589,,,8732.341,17.0,12.0,1.0,1.0,9.0,0.0,0.0,4.0,148993.0,86471.0,32000.0,0.0,0.0,,,,,,,,0.8324980895196507,287.703594
1911,,,,,,,,,,,,,,,,,,,,,,,,0.6100000143051147,0.036594185279375,16.66931534745545,87.78,114.24,88.01,116.19,94.33,68.91,84.97,179.15,136.44,122.69,142.19,123.03,54.33,55.24,67.58,89.39,112.07,70.87,69.17,124.99,106.05,88.15,74.47,96.02,86.23,160.78,88.38,202.06,75.83,62.08,144.67,125.73,104.84,111.64,119.74,126.58,179.43,114.57,94.32,71.78,113.14,89.97,98.19,86.88,105.67,117.74,80.27,73.12,21.909,19.923,14.232,153.94182124789205,139.98735244519392,,,,,,,,,,,,46000.0,425000.0,890000.0,699.0,133000000.0,1110000.0,25200.0,5940000.0,7040.0,112000.0,895000.0,543.005,4493.599,165.965,1421.4019999999998,8205.712,81088.836,1.0,1380.884,1380.884,27697.008,,,,,,,,,,,,,,,,,,,,,,,,,,,,,,-0.5398,-0.4483,-0.1824431372549019,,298.36,298.36,3097.207,1.74,,7862.826,4765.618,2909.144,152.815,25.718,7.258,,,,,,73502.094,295566.406,226637.312,100.0,100.0,2199.417,346.16,10403.387,4109.89,5.843,0.181,0.132,100.0,,8205.712,543.005,165.965,,,8914.681999999999,10.0,4.0,1.0,2.0,0.0,0.0,1.0,6.0,103705.0,101073.0,1687.0,654000.0,654000.0,,,,,,,,0.8453075873362446,295.56640600000003
1912,,,,,,,,,,,,,,,,,,,,,,,,0.7400000095367432,0.0379011204677986,19.524488996716016,86.3,136.84,86.23,129.43,95.75,69.85,101.53,108.3,156.71,138.68,109.41,128.12,58.26,46.39,87.4,88.58,92.86,69.43,67.23,133.53,134.13,82.67,71.86,94.8,83.96,152.19,86.6,209.15,85.53,64.44,153.75,111.62,109.89,104.83,122.91,120.16,177.22,96.22,79.86,71.2,114.64,98.97,104.77,92.01,105.18,123.4,87.7,72.68,22.64,23.176,14.607,154.9941808721846,158.66365441226807,,,,,,,,,,,,58000.0,435000.0,1000000.0,705.0,151000000.0,1160000.0,27900.0,6730000.0,6980.0,122000.0,971000.0,551.75,5045.349,174.342,1595.744,8610.941,89699.777,1.0,500.0,500.0,28197.008,,,,,,,,,,,,,,,,,,,,,,,,,,,,,,-0.4761,-0.3708,-0.1187431372549019,,,299.83000000000004,3253.929,1.815,,7921.23,4667.301,3058.476,157.161,28.315,7.629,,,,,,76756.023,303487.656,231304.625,100.0,100.0,2224.523,351.324,10492.065,4282.631,5.852,0.186,0.135,100.0,,8610.941,551.75,174.342,,,9337.033,6.0,5.0,0.0,5.0,0.0,0.0,0.0,1.0,52093.0,51170.0,115715.0,1105034.0,1105034.0,,,,,,,,0.8880810589519651,303.487656
1913,,,,,,,,,,,,,,,,,,,,,,,,0.949999988079071,0.0388159750998236,24.47445892151211,83.34,140.24,83.35,138.22,96.21,68.38,145.43,109.38,138.3,106.32,100.53,113.95,61.19,45.42,79.97,84.79,102.75,71.38,72.68,125.5,106.23,89.09,76.49,89.51,78.85,150.76,84.79,201.75,76.42,70.16,112.69,120.13,128.65,110.07,123.08,95.71,194.44,71.44,58.42,70.57,115.96,84.79,110.27,103.12,101.84,111.85,108.82,75.94,20.461,23.134,14.607,140.0766755665092,158.37612103785855,,,,,,,,,,,,65000.0,539000.0,996000.0,694.0,177000000.0,1150000.0,32200.0,7230000.0,7010.0,136000.0,939000.0,608.33,5653.679,182.718,1778.462,9226.507,98926.284,1.0,510.0,510.0,28707.008,,,,,,,,,,,,,,,,,,,,,,,,,,,,,,-0.4635,-0.3533,-0.1061431372549019,,301.3,301.3,3524.846,1.953,,8145.113,4620.268,3302.354,181.957,29.598,8.516,,,,,,80280.867,311632.75,235924.875,100.0,100.0,2267.487,357.466,10765.312,4587.387,5.965,0.191,0.139,100.0,,9226.507,608.33,182.718,,,10017.555,6.0,1.0,0.0,1.0,0.0,0.0,0.0,4.0,1962.0,732.0,112.0,6156540.0,6156540.0,,,,,,,,0.962021288209607,311.63275
1914,,,,,,,,,,,,,,,,,,,,,,,,0.8100000023841858,0.0393430477852467,20.588135591466003,80.85,155.0,80.8,136.72,94.5,71.14,114.66,110.63,153.37,99.26,136.15,120.73,47.78,42.0,70.56,74.2,99.45,69.04,60.0,96.38,96.82,85.57,62.91,82.13,80.94,154.54,84.0,201.06,65.21,62.0,82.58,103.14,89.8,119.39,113.81,71.11,182.28,75.64,78.36,69.91,117.27,88.5,100.11,90.31,97.15,111.15,89.99,64.33,20.21,19.291,13.858,145.83634002020494,139.20479145619856,,,,,,,,,,,,69000.0,236000.0,938000.0,663.0,118000000.0,,30000.0,5420000.0,5240.0,128000.0,795000.0,626.59,6280.269,191.094,1969.556,8280.982,107207.266,2.0,2055.32,2055.32,30762.328,,,,,,,,,,,,,,,,,,,,,,,,,,,,,,-0.2595,-0.1625,0.097856862745098,,300.7,300.7,3197.75,1.76,,7824.466,4626.716,2971.226,186.003,30.136,8.111,,,,,,83478.617,319457.219,240551.609,100.0,100.0,2242.119,364.317,10426.166,4225.762,5.738,0.196,0.142,100.0,,8280.982,626.59,191.094,,,9098.666,8.0,1.0,0.0,1.0,0.0,0.0,0.0,7.0,4422.0,0.0,54309.0,609497.0,0.0,,,,,,,,0.8727483624454149,319.457219
1915,,,,,,,,,,,,,,,,,,,,,,,,0.6399999856948853,0.0397387565865003,16.1051839732776,171.99,183.81,184.5,115.94,90.81,71.57,94.22,106.78,159.21,100.02,139.45,154.88,87.15,49.25,89.2,89.31,105.89,68.68,68.0,107.88,248.43,109.65,65.08,68.67,116.26,142.58,83.57,208.85,72.35,83.08,75.93,97.05,173.49,124.63,110.53,71.66,188.67,88.06,97.75,67.31,122.16,105.96,104.42,94.17,113.34,125.43,85.16,75.4,24.468,31.321,14.232,171.9224283305228,220.07448004496916,,,,,,,,,,,,78000.0,321000.0,1060000.0,704.0,116000000.0,,39100.0,4120000.0,5730.0,129000.0,760000.0,672.563,6952.832,199.471,2169.027,8150.075,115357.341,2.0,1134.9,1134.9,31897.228000000003,,,,,,,,,,,,,,,,,,,,,,,,,,,,,,-0.1906,-0.1467,0.166756862745098,,,301.31,3148.031,1.721,,7701.369,4553.338,2908.266,197.563,31.866,7.915,,,,,,86626.648,327158.594,245104.938,100.0,100.0,2252.633,371.608,10321.157,4177.361,5.643,0.201,0.146,100.0,,8150.075,672.563,199.471,,,9022.109,7.0,4.0,1.0,2.0,0.0,0.0,0.0,3.0,32337.0,2181.0,3000022.0,3650949.0,1810388.0,,,,,,,,0.8591787663755458,327.158594
1916,,,,,,,,,,,,,,,,,,,,,,,,1.100000023841858,0.0427391369188071,25.737534801686845,171.55,182.34,175.38,144.92,97.1,65.02,174.22,151.13,165.88,84.51,171.03,149.13,142.01,60.11,128.53,120.1,164.19,64.4,117.84,111.27,220.1,58.14,78.13,63.51,583.38,123.44,76.5,338.29,89.49,64.66,86.83,133.06,240.59,163.77,118.46,77.73,175.43,84.39,118.13,61.61,116.68,114.77,135.31,132.93,138.76,130.2,139.99,119.0,31.933,50.327,17.603,181.40657842413225,285.9001306595467,,,,,,,,,,,,106000.0,701000.0,1420000.0,685.0,139000000.0,,45500.0,4830000.0,5250.0,128000.0,882000.0,721.49,7674.322,207.847,2376.8740000000003,8742.186,124099.527,2.0,2620.3770000000004,1417.044,34517.605,,,,,,,,,,,,,,,,,,,,,,,,,,,,,,-0.4202,-0.3642,-0.0628431372549019,,301.92,301.92,3400.232,1.847,,7941.577,4541.345,3135.505,215.195,38.377,8.441,,,,,,90026.875,335100.156,249646.281,100.0,100.0,2295.854,379.071,10612.145,4463.556,5.763,0.206,0.15,100.0,,8742.186,721.49,207.847,,,9671.523,3.0,1.0,0.0,1.0,0.0,0.0,0.0,2.0,481.0,300.0,2153.0,0.0,0.0,,,,,,,,0.9280109170305676,335.100156
1917,,,,,,,,,,,,,,,,,,,,,,,,1.559999942779541,0.0501922983550523,31.080464411977093,141.73,179.92,160.62,197.3,137.98,60.49,209.02,191.89,274.22,60.53,219.25,212.64,99.42,66.9,106.59,127.71,127.97,53.45,137.64,131.25,127.42,62.82,84.3,53.24,452.29,137.69,63.49,346.16,88.09,42.33,71.14,172.51,281.57,199.37,143.37,62.68,172.22,77.2,103.65,65.2,134.49,178.04,155.03,152.33,143.23,146.62,162.74,127.17,39.396,45.271,20.974,187.8325545913989,215.8434251930962,,,,,,,,,,,,123000.0,1030000.0,1430000.0,631.0,142000000.0,,46200.0,4710000.0,5420.0,135000.0,901000.0,797.539,8471.861,216.223,2593.097,9104.161,133203.688,1.0,500.0,500.0,35017.605,,,,,,,,,,,,,,,,,,,,,,,,,,,,,,-0.5439,-0.4625,-0.186543137254902,,,302.885,3556.499,1.919,,8015.733,4459.234,3265.622,239.365,40.509,8.509,,,,,,93583.375,343115.875,254105.516,100.0,100.0,2328.266,386.437,10726.378,4642.977,5.786,0.211,0.153,100.0,,9104.161,797.539,216.223,,,10117.923,8.0,3.0,1.0,2.0,0.0,0.0,0.0,4.0,2523561.0,4057.0,635475.0,1190425.0,1190425.0,,,,,,,,0.9706602074235808,343.115875
1918,,,,,,,,,,,,,,,,,,,,,,,,1.9800000190734863,0.0589523106376673,33.58647010874537,162.15,117.6,173.14,187.82,134.09,61.57,215.3,126.29,226.33,58.67,160.75,169.89,55.54,113.89,82.23,91.65,171.13,44.42,97.02,160.44,97.14,57.51,79.58,49.68,376.79,120.54,54.05,303.63,85.0,41.51,64.14,182.0,243.04,154.55,113.33,41.85,165.56,93.88,80.98,64.93,190.06,175.68,144.05,139.85,129.65,136.15,151.3,94.27,42.028,35.121,25.468,165.02277367677084,137.90246583948485,,,,,,,,,,,,128000.0,818000.0,1430000.0,578.0,127000000.0,,47600.0,4190000.0,6140.0,128000.0,849000.0,791.817,9263.678,224.6,2817.697,8941.474,142145.16199999998,1.0,500.0,500.0,35517.605,,,,,,,,,,,,,,,,,,,,,,,,,,,,,,-0.426,-0.3008,-0.0686431372549019,,303.85,303.85,3506.085,1.878,,7922.89,4416.805,3215.897,245.023,36.519,6.519,,,,,,97089.461,351038.812,258522.328,100.0,100.0,2320.688,393.439,10633.156,4575.699,5.696,0.215,0.157,100.0,,8941.474,791.817,224.6,,,9957.891,8.0,2.0,0.0,1.0,0.0,0.0,1.0,3.0,460950.0,1034.0,2000000.0,2620839.0,2031658.0,,,,,,,,0.9569009279475984,351.03881199999995
1919,,,,,,,,,,,,,,,,,,,,,,,,2.009999990463257,0.0676844750096769,29.696617875456447,175.04,178.25,180.83,167.81,112.65,54.16,196.27,143.35,197.93,54.87,136.18,167.82,46.19,60.5,54.32,62.02,163.6,37.73,71.02,99.67,74.92,74.66,64.07,67.89,162.57,72.05,47.05,285.9,97.01,52.09,102.15,175.94,213.52,148.6,142.67,32.63,164.62,69.15,84.13,54.25,184.5,149.57,130.98,122.64,116.19,131.71,130.32,70.25,39.208,30.853,26.966,145.39790847734182,114.41444782318474,,,,,,,,,,,,121000.0,569000.0,994000.0,550.0,110000000.0,764000.0,23100.0,4150000.0,5490.0,123000.0,719000.0,901.779,10165.457,232.976,3050.673,7583.658,149728.81999999998,2.0,2419.722,2419.722,37937.327000000005,,,,,,,,,,,,,,,,,,,,,,,,,,,,,,-0.3324,-0.2775,0.024956862745098,,304.61,304.61,3041.113,1.617,,7426.347,4385.234,2720.155,273.411,37.948,7.399,,,,,,100130.578,358465.156,262907.562,100.0,100.0,2289.866,399.806,10112.27,4070.594,5.377,0.22,0.16,100.0,,7583.658,901.779,232.976,,,8718.413,5.0,3.0,0.0,2.0,1.0,0.0,0.0,1.0,5500.0,500.0,0.0,440388.0,440388.0,,,,,,,,0.8299980895196506,358.46515600000004
1920,,,,,,,,,,,,,,,,,,,,,,,,3.069999933242798,0.0784022010585133,39.15706308999652,97.73,113.71,120.82,108.92,146.46,52.29,253.39,84.73,152.78,55.73,118.37,146.81,38.01,29.74,43.8,73.99,100.2,34.19,75.43,65.58,70.97,62.5,71.56,69.13,118.7,81.4,40.62,238.83,41.06,32.88,59.29,119.61,71.71,89.79,61.58,30.01,169.82,72.11,171.52,37.52,245.67,116.07,133.92,132.63,94.88,106.0,159.5,71.23,41.951,29.684,28.839,145.4662089531537,102.93005998821042,,,,,,,,,,,,125000.0,901000.0,959000.0,507.0,124000000.0,804000.0,35700.0,6870000.0,5390.0,126000.0,682000.0,1155.382,11320.839,241.352,3292.025,8691.727,158420.547,2.0,1819.849,1819.849,39757.17600000001,,,,,,,,,,,,,,,,,,,,,,,,,,,,,,-0.3044,-0.2742,0.052956862745098,,301.88,301.88,3546.758,1.871,0.735,8323.49,4776.732,3132.616,361.039,41.685,9.07,,,,,,103677.336,366788.594,267684.312,100.0,100.0,2355.954,405.271,11081.009,4632.993,5.846,0.225,0.164,100.0,,8691.727,1155.382,241.352,,,10088.461,12.0,4.0,1.0,1.0,2.0,0.0,0.0,5.0,3206872.0,524224.0,20000167.0,685685.0,304749.0,,,,,,,,0.9680016375545852,366.788594
1921,,,,,,,,,,,,,,,,,,,,,,,,1.7300000190734863,0.0700355561469871,24.70173886308048,84.43,49.51,102.32,71.83,126.37,62.97,129.88,53.52,69.38,71.43,75.7,95.4,29.48,20.3,35.11,47.24,36.4,38.28,53.38,45.51,48.27,71.3,58.05,75.24,90.67,81.79,45.47,180.91,46.53,21.11,39.8,87.93,91.26,55.85,55.74,12.84,143.15,46.87,49.81,36.48,209.16,69.04,86.27,84.31,69.42,77.15,94.63,52.79,21.356,20.219,24.345,87.72232491271309,83.05196138837545,,,,,,,,,,,,70000.0,318000.0,558000.0,498.0,73000000.0,783000.0,10400.0,5430000.0,5330.0,110000.0,464000.0,1250.841,12571.68,249.729,3541.754,7258.013,165678.56,1.0,1124.558,1124.558,40881.734,,,,,,,,,,,,,,,,,,,,,,,,,,,,,,-0.2414,-0.1908,0.115956862745098,,,302.81666666666666,3114.994,1.63,,8100.611,4985.617,2672.104,397.27,34.992,8.94,,,,,,106792.328,374889.219,272669.906,100.0,100.0,2312.747,410.452,10820.044,4143.767,5.662,0.23,0.167,100.0,,7258.013,1250.841,249.729,,,8758.582999999999,2.0,1.0,0.0,0.0,1.0,0.0,0.0,0.0,1200000.0,1200000.0,5000000.0,0.0,0.0,,,,,,,,0.8501621179039301,374.889219
1922,,,,,,,,,,,,,,,,,,,,,,,,1.6100000143051147,0.0656069408052537,24.540086682050976,53.51,70.47,57.59,84.62,140.95,74.06,146.29,59.51,78.54,84.33,60.75,93.54,27.76,22.54,40.11,63.64,68.45,36.98,51.25,52.84,63.24,50.61,68.57,58.68,46.84,80.32,48.54,251.22,48.16,26.58,60.93,118.39,101.76,63.01,84.55,14.53,151.6,48.51,48.02,54.56,189.91,108.35,93.01,90.31,75.11,81.59,103.48,52.18,21.91,19.919,21.723,100.86083874234684,91.69543801500714,,,,,,,,,,,,87000.0,701000.0,884000.0,481.0,104000000.0,972000.0,11800.0,5940000.0,6530.0,127000.0,730000.0,1396.228,13967.908,266.586,3808.34,7660.614,173339.174,1.0,581.195,581.195,41462.929,,,,,,,,,,,,,,,,,,,,,,,,,,,,,,-0.3381,-0.2842,0.019256862745098,,,303.75333333333333,3264.717,1.694,,8321.306,5056.589,2773.434,438.308,40.107,10.448,,,,,,110057.047,383210.562,277726.5,100.0,100.0,2362.89,416.042,11096.396,4329.45,5.758,0.235,0.171,100.0,,7660.614,1396.228,266.586,,,9323.428,8.0,4.0,0.0,2.0,0.0,0.0,1.0,3.0,101175.0,100143.0,11417.0,145118.0,145118.0,,,,,,,,0.8910253820960699,383.210562
1923,,,,,,,,,,,,,,,,,,,,,,,,1.340000033378601,0.0667830939185458,20.064958880356382,56.96,59.09,89.11,68.11,122.88,66.14,133.33,63.97,101.93,78.65,55.21,78.94,37.04,23.84,42.47,79.33,86.85,34.42,69.01,68.05,71.8,62.44,69.8,51.14,46.45,77.43,47.69,294.64,47.83,21.57,66.67,148.11,135.49,63.57,98.45,24.33,148.55,48.19,84.76,68.57,176.24,120.08,92.36,90.99,80.69,82.51,101.39,65.59,26.407,24.587,21.723,121.56239930028082,113.18418266353636,,,,,,,,,,,,141000.0,1200000.0,1270000.0,554.0,136000000.0,1080000.0,31100.0,7120000.0,7650.0,130000.0,889000.0,1651.332,15619.24,312.346,4120.686,8922.942,182262.116,0.0,0.0,0.0,41462.929,,,,,,,,,,,,,,,,,,,,,,,,,,,,,,-0.3146,-0.2633,0.042756862745098,,304.69,304.69,3702.996,1.905,,8871.153,5168.157,3149.715,485.534,52.526,12.507,,,,,,113760.039,392081.688,282894.656,100.0,100.0,2442.978,421.878,11732.04,4833.685,6.034,0.24,0.175,100.0,,8922.942,1651.332,312.346,,,10886.62,16.0,7.0,0.0,6.0,0.0,0.0,0.0,6.0,254286.0,3339.0,18230033.0,10871154.0,178216.0,,,,,,,,1.0106430131004367,392.081688
1924,,,,,,,,,,,,,,,,,,,,,,,,1.4299999475479126,0.0669202020668816,21.368733258138363,57.03,56.02,111.54,77.14,100.7,59.42,139.17,86.78,119.28,85.39,89.79,98.46,39.31,24.65,38.28,88.23,73.51,28.6,65.05,79.9,68.75,56.23,57.33,47.34,43.69,78.28,47.6,299.88,50.83,21.54,97.48,143.62,109.32,68.49,89.06,21.41,172.41,53.55,64.25,69.97,163.85,119.87,94.67,90.97,82.45,88.82,100.03,61.57,26.521,25.066,21.723,122.08718869401096,115.38921880034988,,,,,,,,,,,,168000.0,1160000.0,1360000.0,592.0,130000000.0,1220000.0,35300.0,7780000.0,7450.0,142000.0,986000.0,1646.668,17265.908,358.107,4478.793,8688.874,190950.99,0.0,0.0,0.0,41462.929,,,,,,,,,,,,,,,,,,,,,,,,,,,,,,-0.3085,-0.2683,0.048856862745098,,,304.765,3716.143,1.895,,8830.048,5113.906,3155.952,484.185,59.709,13.582,,,,,,117476.18,400911.719,288008.562,100.0,100.0,2471.417,427.799,11725.088,4861.173,5.978,0.246,0.179,100.0,,8688.874,1646.668,358.107,,,10693.649,9.0,2.0,0.0,2.0,0.0,0.0,0.0,6.0,303279.0,2242.0,1012390.0,0.0,0.0,,,,,,,,1.0142311681222709,400.911719
1925,,,,,,,,,,,,,,,,,,,,,,,,1.6799999475479126,0.0686105211508372,24.48603974096781,70.21,65.01,127.5,105.79,91.08,57.97,158.37,70.05,125.19,83.95,71.83,116.61,38.62,21.56,40.27,95.84,80.78,30.73,58.84,89.92,80.6,53.37,50.78,42.94,43.11,70.63,46.43,293.2,49.59,26.26,114.95,113.26,101.2,75.75,64.41,58.09,212.84,55.82,36.75,67.84,175.27,115.26,100.72,95.76,84.49,95.24,105.75,56.91,29.381,26.315,22.097,132.96375073539394,119.08856405846949,,,,,,,,,,,,178000.0,1380000.0,1530000.0,591.0,151000000.0,1410000.0,37100.0,8900000.0,7650.0,147000.0,1190000.0,1726.508,18992.416,403.867,4882.66,8710.933,199661.923,2.0,1727.512,900.0,43190.441000000006,,,,,,,,,,,,,,,,,,,,,,,,,,,,,,-0.2796,-0.2217,0.077756862745098,,304.84,304.84,3740.633,1.89,,8989.484,5248.851,3153.677,505.524,63.923,14.429,,,,,,121216.82,409901.25,293257.406,100.0,100.0,2494.91,433.645,11913.61,4895.072,6.02,0.251,0.183,100.0,,8710.933,1726.508,403.867,,,10841.308,12.0,4.0,1.0,3.0,0.0,0.0,0.0,8.0,6959.0,819.0,17628.0,783640.0,644326.0,,,,,,,,1.020915120087336,409.90125
1926,,,,,,,,,,,,,,,,,,,,,,,,1.8799999952316284,0.0692666160936644,27.141501942139563,66.24,57.59,83.6,104.77,91.09,63.79,177.66,65.42,89.88,89.41,75.73,105.19,37.97,20.53,39.2,88.61,77.42,33.2,56.84,100.42,76.89,50.89,49.32,43.43,51.66,81.3,45.99,266.95,38.18,31.48,101.73,87.13,69.78,69.39,74.18,39.19,194.66,49.78,36.08,72.48,151.95,95.26,102.2,98.42,78.63,89.37,113.95,55.32,25.758,25.962,20.974,122.80919233336512,123.78182511681128,,,,,,,,,,,,195000.0,1380000.0,1510000.0,602.0,155000000.0,,33900.0,9380000.0,7890.0,146000.0,1410000.0,1771.993,20764.409,449.627,5332.287,8671.808,208333.731,7.0,19186.008,12594.341,62376.44900000001,,,,,,,,,,,,,,,,,,,,,,,,,,,,,,-0.1221,-0.1083,0.235256862745098,,,305.50666666666666,3677.407,1.842,,8943.637,5266.23,3084.044,506.47,69.145,14.74,,,,,,124894.227,418844.875,298523.656,100.0,100.0,2503.082,439.253,11881.277,4825.93,5.95,0.256,0.187,100.0,,8671.808,1771.993,449.627,,,10893.428000000002,15.0,12.0,3.0,7.0,0.0,0.0,0.0,2.0,427852.0,4696.0,40000.0,1790614.0,1790614.0,,,,,,,,1.003659115720524,418.844875
1927,,,,,,,,,,,,,,,,,,,,,,,,1.2999999523162842,0.0679667386760943,19.127002084234583,60.94,83.97,89.16,88.27,89.67,58.5,115.31,79.33,105.67,84.39,77.08,92.54,36.4,20.92,37.4,72.49,70.4,32.89,53.56,100.86,66.61,54.24,49.85,46.34,55.78,84.28,46.86,195.02,42.16,44.07,103.33,88.79,112.47,65.78,78.61,30.59,190.27,43.77,43.72,72.75,148.69,92.06,84.97,79.5,76.33,85.56,84.42,52.55,25.143,24.028,19.85,126.66498740554157,121.04785894206546,,,,,,,,,,,,220000.0,1880000.0,1520000.0,597.0,171000000.0,1540000.0,34500.0,9990000.0,7900.0,161000.0,1420000.0,2023.12,22787.529,495.388,5827.675,9344.693,217678.424,2.0,28453.333,26370.0,90829.782,,,,,,,,,,,,,,,,,,,,,,,,,,,,,,-0.2258,-0.2183,0.131556862745098,,,306.1733333333333,4012.947,1.992,,9284.173,5271.226,3364.399,554.148,76.018,15.448,,,,,,128907.172,428129.031,303794.875,100.0,100.0,2576.853,444.462,12300.549,5221.131,6.105,0.262,0.191,100.0,,9344.693,2023.12,495.388,,,11863.201,10.0,6.0,2.0,4.0,0.0,0.0,0.0,4.0,53270.0,9018.0,253494.0,1089914.0,389342.0,,,,,,,,1.0952366266375546,428.129031
1928,,,,,,,,,,,,,,,,,,,,,,,,1.1699999570846558,0.0670578743495496,17.44761474224263,76.22,102.97,110.94,85.84,84.99,59.32,113.14,66.32,121.27,77.42,77.4,107.85,34.73,21.21,42.33,68.51,76.18,35.25,55.19,80.16,65.27,54.62,49.54,46.99,52.15,82.05,47.52,191.59,42.31,36.2,133.3,101.39,112.08,67.54,75.11,18.32,173.8,42.3,36.6,64.91,147.03,98.43,85.39,80.21,77.05,87.44,83.51,53.66,24.423,23.585,19.85,123.03778337531485,118.816120906801,,,,,,,,,,,,258000.0,2030000.0,1730000.0,603.0,174000000.0,1680000.0,50300.0,10100000.0,8020.0,180000.0,1360000.0,2124.592,24912.121,541.148,6368.823,9178.925,226857.349,8.0,38819.992,36799.277,129649.774,,,,,,,,,,,,,,,,,,,,,,,,,,,,,,-0.2084,-0.2008,0.148956862745098,,306.84,306.84,3996.311,1.966,,9322.984,5326.674,3307.581,567.589,82.623,35.583,,,,,,132903.484,437452.0,309121.562,100.0,100.0,2593.703,449.111,12360.601,5207.193,6.08,0.268,0.196,100.0,,9178.925,2124.592,541.148,,,11844.665,17.0,10.0,2.0,7.0,1.0,0.0,0.0,7.0,3004895.0,3004260.0,8209.0,1328846.0,1328846.0,,,,,,,,1.090696233624454,437.452
1929,,,,,,,,,,,,,,,,,,,,,,,,1.2699999809265137,0.0670578743495496,18.938864275751435,80.77,71.21,101.88,91.53,81.33,52.73,117.14,62.93,115.95,77.27,81.28,89.06,34.73,22.91,53.15,74.27,78.88,33.35,56.67,71.78,70.47,57.53,53.59,47.39,55.62,82.54,47.52,160.91,35.79,29.42,129.41,91.09,101.26,68.37,56.72,16.8,219.11,46.02,28.88,63.23,144.43,83.16,85.79,81.5,74.72,86.1,85.5,55.44,23.266,25.21,19.101,121.8051410920894,131.98261871106226,,,,,,,,,,,,280000.0,2150000.0,1950000.0,609.0,201000000.0,1610000.0,56300.0,10400000.0,8120.0,196000.0,1320000.0,2381.731,27293.852,574.606,6943.429,9761.583,236618.932,3.0,4092.234,2587.333,133742.008,,,,,,,,,,,,,,,,,,,,,,,,,,,,,,-0.3903,-0.3633,-0.0329431372549019,,305.62,305.62,4288.21,2.09,,9670.662,5382.453,3523.884,621.698,102.895,36.873,,,,,,137191.688,447122.656,314504.0,100.0,100.0,2652.586,453.038,12770.862,5543.765,6.223,0.274,0.2,100.0,,9761.583,2381.731,574.606,,,12717.92,5.0,3.0,0.0,2.0,0.0,0.0,1.0,2.0,3330.0,60.0,1121.0,974487.0,974487.0,,,,,,,,1.1703629912663756,447.122656
1930,,,,,,,,,,,,,,,,,,,,,,,,1.190000057220459,0.0653438992784702,18.211341385507808,74.86,108.28,93.56,85.39,79.68,54.09,104.63,48.5,104.43,62.44,43.2,67.95,35.48,29.59,39.08,61.57,69.32,34.21,52.38,51.67,50.63,62.26,51.23,48.47,56.31,83.66,48.74,109.72,24.82,23.79,77.27,68.8,74.29,55.6,55.03,8.62,177.08,43.06,21.18,60.55,143.45,66.16,75.83,73.58,64.55,73.58,77.9,51.03,18.277,21.655,18.727,97.59705238425803,115.63517915309448,,,,,,,,,,,,272000.0,1630000.0,1610000.0,648.0,179000000.0,1520000.0,54200.0,11800000.0,7740.0,179000.0,1260000.0,2271.234,29565.086,602.4,7545.829,8920.001,245538.933,7.0,18961.569,18961.569,152703.577,,,,,,,,,,,,,,,,,,,,,,,,,,,,,,-0.1699,-0.16,0.187456862745098,,,305.68,3958.094,1.91,,9396.154,5438.06,3216.251,599.784,104.225,35.561,,,,,,141149.781,456518.812,319942.062,100.0,100.0,2655.139,456.083,12501.47,5201.91,6.034,0.279,0.204,100.0,,8920.001,2271.234,602.4,,,11793.635,21.0,4.0,0.0,3.0,0.0,0.0,0.0,16.0,9054.0,2122.0,52632.0,1094905.0,729937.0,,,,,,,,1.080265829694323,456.518812
1931,,,,,,,,,,,,,,,,,,,,,,,,0.6499999761581421,0.0595990524273842,10.906213264885457,136.81,43.46,172.12,59.56,79.14,51.89,60.42,43.07,72.26,38.41,36.38,51.45,38.08,43.9,26.8,51.86,60.23,37.51,54.11,43.74,44.31,68.41,53.67,54.49,63.05,89.54,53.45,93.47,25.07,16.54,56.52,46.02,33.17,45.0,27.59,5.65,161.81,26.82,20.96,49.7,134.73,60.13,61.0,61.56,57.89,63.84,58.41,52.25,13.61,18.479,15.356,88.62985152383432,120.33732742901798,,,,,,,,,,,,220000.0,1150000.0,1400000.0,695.0,119000000.0,1260000.0,36300.0,7860000.0,6080.0,149000.0,904000.0,2197.512,31762.598,631.024,8176.853,7866.673,253405.606,3.0,1759.3049999999998,1759.3049999999998,154462.88199999998,,,,,,,,,,,,,,,,,,,,,,,,,,,,,,-0.1058,-0.0908,0.251556862745098,,305.74,305.74,3539.319,1.692,,9063.629,5524.311,2833.196,580.507,92.889,30.894,,,,,,144689.109,465582.469,325466.344,100.0,100.0,2641.023,458.565,12156.92,4753.062,5.811,0.285,0.208,100.0,,7866.673,2197.512,631.024,,,10695.209,14.0,7.0,1.0,4.0,1.0,0.0,0.0,7.0,3718976.0,3703390.0,36000.0,29021300.0,28219330.0,,,,,,,,0.9659713427947598,465.582469
1932,,,,,,,,,,,,,,,,,,,,,,,,0.8700000047683716,0.0534575073227993,16.274608531874453,110.84,32.08,147.21,40.76,75.06,49.59,92.8,32.36,47.5,37.66,33.3,47.71,42.46,56.4,20.46,43.36,90.44,41.82,58.48,43.89,39.09,79.29,35.75,55.77,64.67,102.89,65.62,107.6,23.36,15.61,77.48,43.39,42.33,39.74,28.83,3.53,138.61,13.59,14.95,33.01,115.27,50.03,63.64,68.11,55.59,52.83,73.54,54.67,10.797,16.883,12.734,84.7887545154704,132.58206376629497,,,,,,,,,,,,153000.0,1000000.0,909000.0,754.0,76200000.0,1050000.0,21800.0,7110000.0,5130.0,96500.0,709000.0,2097.377,33859.975,659.648,8836.501,6994.432,260400.038,5.0,6962.317,4374.544,161425.199,,,,,,,,,,,,,,,,,,,,,,,,,,,,,,-0.15,-0.16,0.207356862745098,,308.26,308.26,3192.59,1.511,,8757.925,5565.335,2522.37,555.986,88.22,24.694,,,,,,147881.688,474340.406,331031.719,100.0,100.0,2637.263,460.978,11849.51,4387.373,5.607,0.29,0.212,100.0,,6994.432,2097.377,659.648,,,9751.457,13.0,6.0,0.0,5.0,0.0,0.0,0.0,6.0,4917.0,3274.0,30701.0,672240.0,672240.0,,,,,,,,0.8713400655021835,474.340406
1933,,,,,,,,,,,,,,,,,,,,,,,,0.6700000166893005,0.050719473687879,13.20991658573574,109.11,56.55,176.45,44.93,80.93,52.27,74.11,66.98,65.41,33.74,78.6,69.63,44.75,44.86,27.23,55.62,104.62,44.08,63.98,82.16,57.66,99.15,94.08,55.29,58.03,107.16,102.48,101.56,42.36,16.45,70.12,62.81,55.88,41.89,56.73,6.4,146.09,21.7,21.53,52.33,141.7,75.14,65.4,69.34,68.16,60.29,70.07,64.82,12.591,18.388,14.232,88.46964586846543,129.2017987633502,,,,,,,,,,,,142000.0,1100000.0,1050000.0,793.0,91200000.0,1040000.0,46300.0,8900000.0,5340.0,90400.0,892000.0,2290.273,36150.248,688.273,9524.774,7322.67,267722.708,2.0,1706.73,1706.73,163131.929,,,,,,,,,,,,,,,,,,,,,,,,,,,,,,-0.3283,-0.2858,0.029056862745098,,307.11,307.11,3362.682,1.575,,8883.585,5520.903,2638.807,607.577,90.919,23.839,,,,,,151244.375,483223.969,336552.594,100.0,100.0,2681.514,463.418,12021.46,4587.15,5.631,0.295,0.216,100.0,,7322.67,2290.273,688.273,,,10301.216,10.0,5.0,2.0,3.0,0.0,0.0,0.0,5.0,31442.0,18116.0,3600150.0,980393.0,70872.0,,,,,,,,0.9177625545851528,483.223969
1934,,,,,,,,,,,,,,,,,,,,,,,,1.0,0.052404686639995,19.082262753896597,85.27,51.01,179.8,55.36,102.29,50.59,109.66,102.46,103.13,42.48,87.37,83.73,40.16,42.34,31.65,53.84,76.09,42.66,68.34,106.12,57.61,115.1,68.29,59.94,51.45,99.97,102.94,113.23,51.03,18.81,82.2,78.36,138.35,57.6,64.71,13.58,160.56,33.04,25.56,68.48,209.51,89.02,79.75,82.93,77.95,70.24,88.47,65.96,15.763,18.591,16.854,93.52675922629643,110.30615877536492,,,,,,,,,,,,170000.0,1330000.0,1280000.0,841.0,120000000.0,1200000.0,71600.0,9510000.0,5990.0,122000.0,1060000.0,2416.888,38567.136,716.897,10241.671,7990.401,275713.109,4.0,3558.624,1576.2910000000002,166690.553,,,,,,,,,,,,,,,,,,,,,,,,,,,,,,-0.177,-0.1275,0.180356862745098,,308.35,308.35,3656.186,1.695,,9230.619,5574.434,2880.47,643.636,101.952,28.514,,,,,,154900.562,492454.562,342127.062,100.0,100.0,2747.974,465.98,12437.094,4933.062,5.766,0.301,0.22,100.0,,7990.401,2416.888,716.897,,,11124.186000000002,8.0,5.0,0.0,4.0,0.0,0.0,0.0,3.0,5711.0,5591.0,0.0,1137122.0,1137122.0,,,,,,,,0.9978673580786026,492.454562
1935,,,,,,,,,,,,,,,,,,,,,,,,0.9700000286102296,0.0537218213268676,18.055978085856683,88.42,56.77,288.14,106.36,100.9,49.34,106.94,55.21,125.93,54.12,47.1,86.05,37.17,47.64,31.68,55.08,79.31,41.61,66.28,99.98,58.48,112.72,67.11,60.77,37.36,95.66,100.39,101.0,53.43,17.64,63.86,79.07,124.71,80.07,59.29,12.61,157.72,27.53,33.1,63.01,240.91,79.4,86.18,84.06,79.76,86.06,86.29,64.11,17.294,18.383,16.479,104.9456884519692,111.5540991565022,,,,,,,,,,,,259000.0,1770000.0,1500000.0,924.0,138000000.0,1380000.0,77400.0,10500000.0,6890.0,137000.0,1210000.0,2627.659,41194.795,745.522,10987.193,8334.596,284047.705,1.0,506.0,506.0,167196.553,,,,,,,,,,,,,,,,,,,,,,,,,,,,,,-0.2129,-0.2008,0.144456862745098,,306.32,306.32,3835.741,1.76,,9347.265,5511.523,2998.369,691.96,111.374,32.058,,,,,,158736.297,501801.844,347638.562,100.0,100.0,2798.582,468.761,12606.813,5149.565,5.785,0.307,0.225,100.0,,8334.596,2627.659,745.522,,,11707.777,16.0,8.0,1.0,7.0,0.0,0.0,0.0,7.0,274119.0,204707.0,10313092.0,177956.0,177956.0,,,,,,,,1.0468725436681223,501.801844
1936,,,,,,,,,,,,,,,,,,,,,,,,1.090000033378601,0.0542282796452132,20.100214141217297,90.2,64.46,327.5,110.22,99.39,48.88,116.53,112.84,128.33,52.63,95.19,94.99,36.82,47.19,34.35,63.3,69.02,41.22,70.04,91.23,65.55,113.08,65.98,55.62,43.71,95.97,99.45,127.85,41.15,23.77,67.5,79.3,134.88,80.35,70.1,16.68,163.32,26.97,35.9,64.28,228.37,96.5,90.94,88.54,85.49,90.29,91.53,66.67,18.418,18.677,16.479,111.7664906851144,113.33818799684448,,,,,,,,,,,,360000.0,2830000.0,1720000.0,1030.0,170000000.0,1470000.0,93400.0,11300000.0,7920.0,182000.0,1330000.0,2861.701,44056.496,774.146,11761.339000000002,9155.564,293203.26900000003,8.0,37378.961,29087.695,204575.514,,,,,,,,,,,,,,,,,,,,,,,,,,,,,,-0.171,-0.1508,0.186356862745098,,308.3,308.3,4207.929,1.911,,9852.772,5644.844,3287.721,753.446,125.532,38.736,,,,,,162944.234,511654.625,353283.406,100.0,100.0,2877.57,471.857,13194.023,5580.412,5.992,0.313,0.229,100.0,,9155.564,2861.701,774.146,,,12791.411,20.0,9.0,1.0,5.0,0.0,2.0,0.0,11.0,5886.0,5275.0,221516.0,460412.0,460412.0,,,,,,,,1.1484522379912665,511.654625
1937,,,,,,,,,,,,,,,,,,,,,,,,1.1799999475479126,0.0561914352939122,20.999640628075465,124.2,80.89,348.52,111.57,105.74,39.31,124.74,75.49,152.62,53.85,77.62,98.69,34.84,43.53,46.11,77.96,67.09,39.78,84.5,103.03,84.19,105.81,68.02,51.79,42.71,94.38,95.98,149.42,38.32,28.34,75.89,67.4,76.23,85.52,60.34,18.86,173.63,35.47,35.25,71.6,209.87,103.25,98.09,97.23,87.2,95.91,100.09,77.52,21.361,20.931,16.854,126.74142636762788,124.19010323958706,,,,,,,,,,,,482000.0,3750000.0,2290000.0,1100.0,212000000.0,,120000.0,12900000.0,8640.0,213000.0,1470000.0,3257.144,47313.64,830.521,12591.860000000002,9618.814,302822.08300000004,6.0,4579.309,3254.3,209154.82300000003,,,,,,,,,,,,,,,,,,,,,,,,,,,,,,-0.016,-0.0333,0.341356862745098,,307.41,307.41,4496.713,2.021,,10122.65,5625.938,3465.992,846.626,140.578,40.804,,,,,,167440.938,521777.281,358909.344,100.0,100.0,2940.399,475.365,13529.76,5911.669,6.082,0.319,0.234,100.0,,9618.814,3257.144,830.521,,,13706.479,10.0,5.0,2.0,3.0,0.0,0.0,0.0,5.0,12450.0,11479.0,7700.0,9269440.0,9269440.0,,,,,,,,1.2272688318777292,521.777281
1938,,,,,,,,,,,,,,,,,,,,,,,,1.1299999952316284,0.0551457184662234,20.491164620944215,111.99,57.55,306.97,89.14,108.32,40.07,121.92,52.24,83.08,50.36,44.74,65.59,35.33,44.36,35.68,62.66,88.31,40.55,84.32,81.74,60.67,117.24,62.93,55.68,45.64,86.09,97.82,105.71,38.16,17.88,54.06,55.87,86.86,68.93,61.5,14.52,157.64,24.19,29.6,68.37,218.7,72.21,88.77,91.59,76.31,78.12,98.53,76.2,16.552,18.474,17.603,94.0294268022496,104.94802022382548,,,,,,,,,,,,579000.0,3870000.0,1990000.0,1170.0,162000000.0,1700000.0,115000.0,12900000.0,8320.0,166000.0,1420000.0,3179.63,50493.27,881.948,13473.808000000005,8974.383,311796.466,8.0,73283.85399999999,73283.85399999999,282438.677,,,,,,,,,,,,,,,,,,,,,,,,,,,,,,-0.0129,-0.0042,0.344456862745098,,311.07,311.07,4229.617,1.881,,9895.467,5665.851,3230.586,822.813,135.497,38.521,,,,,,171670.562,531672.75,364575.188,100.0,100.0,2947.51,479.381,13313.498,5631.18,5.922,0.325,0.238,100.0,,8974.383,3179.63,881.948,,,13035.961,7.0,5.0,2.0,2.0,0.0,0.0,0.0,2.0,2208.0,2059.0,6430.0,6613696.0,6613696.0,,,,,,,,1.1543714519650656,531.67275
1939,,,,,,,,,,,,,,,,,,,,,,,,1.0199999809265137,0.0543639445560699,18.762435089207067,108.61,67.9,255.27,73.3,103.68,40.64,107.82,58.32,76.54,49.43,51.35,64.22,35.84,42.91,39.67,67.72,89.49,41.13,79.72,98.63,68.21,111.27,74.56,53.38,38.36,85.53,98.03,109.54,31.65,16.74,52.68,60.57,85.28,71.97,64.27,17.67,169.23,24.9,31.27,60.29,159.4,86.86,82.31,85.61,74.38,72.94,90.9,74.15,16.019,19.188,16.105,99.46600434647624,119.14312325364791,,,,,,,,,,,,720000.0,4340000.0,2130000.0,1230.0,200000000.0,1740000.0,122000.0,12800000.0,8300.0,180000.0,1500000.0,3312.782,53806.052,945.305,14419.113000000005,9479.81,321276.276,7.0,3552.223,3021.223,285990.9,,,,,,,,,,,,,,,,,,,,,,,,,,,,,,-0.0418,-0.0217,0.315556862745098,,310.83,310.83,4470.132,1.969,,10105.731,5635.598,3435.781,854.5,141.331,35.659,,,,,,176140.703,541778.5,370210.812,100.0,100.0,3004.825,484.0,13585.188,5908.239,5.983,0.332,0.243,100.0,,9479.81,3312.782,945.305,,,13737.897,12.0,5.0,2.0,2.0,0.0,0.0,1.0,7.0,563205.0,500084.0,656587.0,20608906.0,0.0,,,,,,,,1.2200141921397378,541.7785
1940,,,,,,,,,,,,,,,,,,,,,,,,1.0199999809265137,0.0548903425597702,18.58250346708681,135.64,70.55,258.13,63.05,106.55,40.24,106.75,56.59,95.61,58.83,48.64,79.24,33.18,43.51,40.49,68.77,79.1,40.72,77.48,96.7,83.79,103.97,62.22,49.78,30.11,85.27,96.72,112.62,31.16,17.61,50.7,66.73,86.83,73.28,61.76,19.93,163.41,26.17,27.88,60.97,135.97,99.47,84.41,86.55,74.91,78.79,89.55,71.49,17.237,18.932,17.603,97.92080895301936,107.54984945747884,,,,,,,,,,,,787000.0,4390000.0,2400000.0,1310.0,212000000.0,,140000.0,10300000.0,8570.0,240000.0,1470000.0,3419.488,57225.53999999999,1008.662,15427.775000000003,10455.532,331731.808,4.0,31257.974,31257.974,317248.874,,,,,,,,,,,,,,,,,,,,,,,,,,,,,,0.0738,0.1208,0.431156862745098,,310.38,310.38,4884.662,2.131,0.639,10628.067,5743.406,3795.503,900.981,153.52,31.431,,,,,,181025.359,552406.562,375954.219,100.0,100.0,3070.731,489.32,14177.45,6367.513,6.186,0.339,0.247,100.0,,10455.532,3419.488,1008.662,,,14883.682,23.0,15.0,3.0,3.0,9.0,0.0,0.0,7.0,23500.0,20598.0,84705.0,936014.0,0.0,,,,,,,,1.3331501091703055,552.406562
1941,,,,,,,,,,,,,,,,,,,,,,,,1.1399999856948853,0.0576235387567653,19.7835816801696,150.7,78.31,253.59,88.7,116.37,38.33,112.47,71.83,103.93,62.65,59.78,80.8,27.88,40.46,40.28,73.22,81.76,38.78,73.8,96.15,94.03,96.97,62.32,51.26,33.14,82.92,94.3,102.55,29.93,25.0,76.14,88.11,181.41,94.05,83.78,21.09,187.59,36.58,33.0,74.31,157.8,107.57,91.52,90.5,83.42,91.2,91.82,68.78,20.093,18.452,18.727,107.29428098467451,98.53153201260211,,,,,,,,,,,,1040000.0,6110000.0,2480000.0,1080.0,233000000.0,,162000.0,10800000.0,8140.0,244000.0,1590000.0,3522.425,60747.965,1072.019,16499.794,10838.009,342569.81700000004,5.0,5736.227,2191.37,322985.101,,,,,,,,,,,,,,,,,,,,,,,,,,,,,,0.0344,0.18,0.391756862745098,,309.77,309.77,4999.09,2.162,,10890.24,5891.15,3885.963,912.337,153.463,43.293,,,,,,186024.438,563296.812,381845.344,100.0,100.0,3122.709,506.843,14507.957,6511.877,6.275,0.346,0.252,100.0,,10838.009,3522.425,1072.019,,,15432.453,13.0,5.0,0.0,4.0,0.0,0.0,0.0,8.0,13002.0,10146.0,46292.0,829248.0,829248.0,,,,,,,,1.364380458515284,563.296812
1942,,,,,,,,,,,,,,,,,,,,,,,,1.190000057220459,0.0637880921527924,18.65552044369092,175.72,74.12,237.42,99.28,113.32,34.63,105.39,77.55,110.05,62.18,60.11,90.31,22.91,49.94,36.33,74.05,74.51,32.01,66.69,86.86,93.85,88.16,55.46,49.66,25.54,73.39,86.88,93.07,34.53,26.46,81.41,102.93,157.05,104.25,98.27,19.4,208.78,42.06,44.64,87.52,165.55,106.14,92.26,88.25,84.01,99.63,85.5,62.35,23.073,18.039,21.723,106.21461124154123,83.04101643419418,,,,,,,,,,,,1400000.0,8360000.0,2590000.0,1120.0,235000000.0,,158000.0,8800000.0,7780.0,124000.0,1630000.0,3315.608,64063.573,1135.375,17635.169,11023.774,353593.591,2.0,1195.0,1195.0,324180.101,,,,,,,,,,,,,,,,,,,,,,,,,,,,,,-0.0005,0.0617,0.356856862745098,,312.37,312.37,4982.523,2.137,,10887.828,5905.305,3910.556,863.508,166.049,38.376,,,,,,191006.969,574184.625,387750.656,100.0,100.0,3158.67,544.782,14578.645,6509.649,6.254,0.353,0.257,100.0,,11023.774,3315.608,1135.375,,,15474.757,12.0,4.0,0.0,3.0,1.0,0.0,0.0,8.0,1604426.0,1601000.0,135.0,46741.0,0.0,,,,,,,,1.3598588973799126,574.184625
1943,,,,,,,,,,,,,,,,,,,,,,,,1.2000000476837158,0.0676844750096769,17.72932489336957,175.52,69.84,239.65,77.73,121.7,32.63,99.3,114.57,129.36,61.22,92.23,102.59,21.58,54.61,34.23,69.99,72.49,30.16,62.83,81.84,88.42,86.7,52.46,48.49,23.85,68.18,82.47,87.37,32.53,24.93,76.7,101.44,169.06,70.99,107.76,18.28,272.52,39.15,40.57,74.16,235.16,99.16,91.47,87.23,86.77,101.79,82.01,58.91,24.283,18.132,24.345,99.74532758266584,74.47935921133704,,,,,,,,,,,,1950000.0,14000000.0,2620000.0,896.0,227000000.0,,167000.0,9250000.0,6380.0,146000.0,1830000.0,3568.096,67631.669,1198.732,18833.901,11329.403,364922.994,0.0,0.0,0.0,324180.101,,,,,,,,,,,,,,,,,,,,,,,,,,,,,,0.0064,0.085,0.363756862745098,,,312.365,5075.272,2.161,,10969.573,5894.301,3926.686,926.591,182.9,34.769,,,,,,196082.234,585154.188,393644.969,100.0,100.0,3221.97,598.293,14776.369,6644.408,6.29,0.36,0.262,100.0,,11329.403,3568.096,1198.732,,,16096.231,16.0,6.0,2.0,3.0,1.0,0.0,0.0,10.0,1912974.0,1905990.0,77348.0,18320154.0,15853980.0,,,,,,,,1.3851724890829693,585.154188
1944,,,,,,,,,,,,,,,,,,,,,,,,1.2100000381469729,0.0688641868100216,17.57081720118249,169.53,68.65,240.66,66.31,129.86,32.08,97.61,114.77,136.55,60.18,100.62,109.25,21.22,57.81,33.65,68.8,87.25,29.64,61.76,80.44,86.92,83.25,52.94,49.99,25.98,71.3,82.56,85.83,31.98,24.5,75.4,103.31,168.09,69.78,119.35,17.96,264.7,43.67,40.37,71.2,278.61,98.3,90.99,87.11,88.4,101.07,81.74,58.32,25.243,18.132,27.715,91.08064225148836,65.42305610680138,,,,,,,,,,,,1690000.0,6960000.0,2460000.0,813.0,199000000.0,,157000.0,9330000.0,5740.0,102000.0,1870000.0,4098.133,71729.802,1262.089,20095.99,10878.439,375801.433,3.0,6265.004,1941.004,330445.10500000004,,,,,,,,,,,,,,,,,,,,,,,,,,,,,,0.1446,0.2017,0.5019568627450981,,312.36,312.36,5162.486,2.181,,10988.551,5826.065,3869.107,1068.786,197.601,22.664,,,,,,201244.719,596142.688,399471.031,100.0,100.0,3267.549,662.533,14904.324,6756.149,6.297,0.367,0.267,100.0,,10878.439,4098.133,1262.089,,,16238.661,15.0,7.0,0.0,5.0,0.0,0.0,2.0,7.0,16172.0,896.0,263673.0,3463054.0,1731527.0,,,,,,,,1.4089754366812226,596.142688
1945,,,,,,,,,,,,,,,,,,,,,,,,1.0499999523162842,0.0704518337681777,14.903798753788523,165.92,67.12,227.26,68.03,133.06,31.36,95.44,112.22,138.91,58.84,122.76,110.51,20.74,56.53,32.9,67.27,96.21,28.98,62.08,78.66,84.98,84.66,52.34,51.9,25.33,72.5,83.64,83.92,49.41,23.96,74.77,113.07,159.37,68.23,121.08,17.57,255.6,47.11,46.98,69.62,265.69,95.3,90.66,86.63,88.62,101.03,81.17,58.62,25.832,18.232,28.464,90.7532321528949,64.05283867341203,,,,,,,,,,,,870000.0,3430000.0,2110000.0,762.0,159000000.0,1250000.0,145000.0,10900000.0,5040.0,88400.0,1470000.0,4093.341,75823.143,1325.446,21421.436,8728.483,384529.916,5.0,14227.167,14227.167,344672.27200000006,,,,,,,,,,,,,,,,,,,,,,,,,,,,,,0.0429,0.095,0.400256862745098,,310.94,310.94,4289.312,1.799,,10152.701,5863.389,2999.876,1045.789,216.7,22.986,,,,,,205534.031,606295.438,405334.406,100.0,100.0,3229.961,732.66,14100.154,5824.484,5.913,0.374,0.272,100.0,,8728.483,4093.341,1325.446,,,14147.27,17.0,7.0,0.0,7.0,0.0,0.0,0.0,9.0,11358.0,4415.0,1906365.0,8549895.0,6772194.0,,,,,,,,1.1706637554585153,606.295438
1946,,,,,,,,,,,,,,,,,,,,,,,,1.1200000047683716,0.0764708858418226,14.646096909156403,176.02,73.01,227.18,59.85,137.79,28.89,104.82,141.25,160.6,62.52,161.31,116.14,17.84,38.68,35.56,77.31,88.39,29.24,63.91,76.0,82.84,76.54,53.36,52.45,21.37,65.08,77.97,128.15,55.74,28.51,94.57,133.56,206.85,62.85,122.29,16.18,348.44,47.74,52.26,60.76,262.35,76.63,96.81,92.27,95.3,108.38,86.21,59.72,31.232,19.485,28.839,108.29779118554734,67.56475605950276,,,,,,,,,,,,790000.0,4360000.0,1780000.0,860.0,154000000.0,1030000.0,123000.0,15300000.0,3970.0,89400.0,1440000.0,4354.179,80177.322,1396.386,22817.822,9398.169,393928.085,1.0,1565.22,1565.22,346237.492,0.3627007780866819,0.1221076364929282,0.1322410926077432,USA,0.3627007780866819,0.1322410926077432,2.742723694536719,0.1805237284089942,0.4097760377983904,0.3646010722815128,4.0,0.3145547868301074,0.0636983247979094,0.0822002434655979,0.2025031169921862,0.0,0.0,151.0,0.1125827814569536,0.1972758620689655,,,5.0,0.0,18.0,4.0,0.0,4.0,,-0.1227,-0.0725,0.234656862745098,,312.26,312.26,4608.545,1.918,,10436.161,5827.616,3236.01,1108.431,223.837,36.306,,,,,,210142.578,616731.562,411162.031,100.0,100.0,3323.815,803.829,14547.558,6216.727,6.056,0.381,0.276,100.0,,9398.169,4354.179,1396.386,,,15148.734,17.0,6.0,0.0,5.0,1.0,0.0,0.0,11.0,35563.0,30337.0,6384.0,398517.0,7814.0,,,,,,,,1.257790665938865,616.731562
1947,,,,,,,,,,,,,,,,,,,,,,,,1.899999976158142,0.0874270409210824,21.732406314348555,148.73,100.5,188.51,54.45,145.75,30.32,126.19,154.88,201.34,87.56,165.82,138.66,15.6,41.64,47.17,122.32,80.8,25.57,61.56,95.0,87.15,62.38,53.34,52.47,17.25,59.92,75.1,116.85,41.95,75.69,114.73,133.01,215.86,113.77,118.71,13.19,403.5,57.0,61.8,73.63,230.5,80.81,106.47,100.19,102.17,117.79,96.1,58.52,40.389,24.709,34.831,115.957049754529,70.93968016996352,,,,,,,,,,,,1080000.0,6320000.0,2130000.0,900.0,184000000.0,1310000.0,140000.0,18300000.0,5220.0,115000.0,1600000.0,4796.538,84973.86,1544.878,24362.7,10559.624,404487.709,3.0,18029.0,18029.0,364266.492,0.3089785021019957,0.1447660568040612,0.1188492622599269,USA,0.3089785021019957,0.1447660568040612,2.1343297518989117,0.1453461102718105,0.364129210675156,0.3846522054168482,3.0,0.3017976465804531,0.0622249937840671,0.0859492278742501,0.2061811763249758,1.0,1.0,153.0,0.1241830065359477,0.2144013605442177,,,2.0,0.0,10.0,0.0,0.0,4.0,,-0.096,-0.0275,0.261356862745098,,311.61,311.61,5165.204,2.133,,10943.44,5778.238,3623.154,1246.469,247.893,43.141,,,,,,215307.781,627675.062,416940.25,100.0,100.0,3433.029,871.198,15230.034,6861.721,6.29,0.388,0.281,100.0,,10559.624,4796.538,1544.878,,,16901.04,14.0,10.0,1.0,7.0,1.0,0.0,1.0,3.0,17650.0,6738.0,35020.0,1776562.0,1776562.0,,,,,,,,1.409717248908297,627.675062
1948,,,,,,,,,,,,,,,,,,,,,,,,1.9900000095367432,0.0942299641245297,21.118547884692557,114.1,90.31,126.91,49.24,162.19,32.82,156.71,96.35,180.06,86.09,96.49,120.07,16.23,45.88,46.02,139.55,77.96,24.4,64.88,112.22,104.64,56.43,55.81,54.9,15.85,56.63,68.82,157.01,36.52,79.88,111.11,117.21,156.66,129.28,114.5,12.84,373.88,55.12,50.53,72.66,201.34,99.37,108.47,106.75,95.7,103.85,112.7,61.51,38.722,27.98,35.581,108.8277451448807,78.6374750569124,,,,,,,,,,,,1270000.0,8360000.0,2210000.0,932.0,211000000.0,1380000.0,151000.0,19400000.0,5440.0,156000.0,1690000.0,5428.873,90402.733,1746.574,26109.274,10910.78,415398.48900000006,5.0,117673.717,116947.5,481940.209,0.2938915264979091,0.1635720155602731,0.1147552827083853,USA,0.2938915264979091,0.1635720155602731,1.796710308247169,0.1386881098175884,0.3557484454424749,0.3904681569960194,3.0,0.2963162305918565,0.0596460084807083,0.0881841490294159,0.2012917360671487,1.0,1.0,155.0,0.1354838709677419,0.2213422818791946,,,2.0,0.0,23.0,8.0,0.0,4.0,,-0.1292,-0.1067,0.228156862745098,,311.57,311.57,5447.883,2.231,,11172.639,5724.756,3740.727,1370.552,280.127,51.635,,,,,,220755.672,638847.688,422665.031,100.0,100.0,3481.768,929.925,15567.631,7172.138,6.375,0.396,0.286,100.0,,10910.78,5428.873,1746.574,,,18086.227,25.0,17.0,5.0,10.0,0.0,0.0,0.0,8.0,120828.0,4413.0,765028.0,13288314.0,228561.0,,,,,,,,1.4868676310043667,638.847688
1949,,,,,,,,,,,,,,,,,,,,,,,,1.7799999713897705,0.0932860913620136,19.081086423507205,91.32,81.07,112.8,57.74,160.15,28.4,158.22,88.89,120.03,75.06,81.75,104.1,17.74,46.32,40.48,119.97,85.62,27.37,71.02,113.41,94.38,54.43,64.77,54.38,16.26,57.18,65.84,135.02,38.61,43.88,136.53,114.34,102.15,96.4,114.5,10.35,396.94,39.31,50.17,78.14,201.57,101.42,104.8,105.26,89.24,93.73,114.94,65.98,35.845,26.479,33.333,107.5360753607536,79.43779437794379,,,,,,,,,,,,1310000.0,8230000.0,2140000.0,964.0,223000000.0,1370000.0,146000.0,19700000.0,5570.0,164000.0,1730000.0,5397.739,95800.472,1866.309,27975.583,10373.65,425772.1390000001,10.0,16134.697,14386.364,498074.906,0.2722037744061837,0.1673262096197921,0.103683736483641,USA,0.2722037744061837,0.1673262096197921,1.6267850387856162,0.1252340751131073,0.3367683387226108,0.3809048449450364,3.0,0.2835568043537949,0.0574211367259872,0.0935421812744077,0.2025031169921869,1.0,1.0,155.0,0.1483870967741935,0.2294533333333333,,,1.0,0.0,35.0,10.0,1.0,4.0,,-0.1539,-0.11,0.203456862745098,,309.69,309.69,5204.033,2.109,,10887.349,5683.316,3547.274,1293.929,300.46,58.189,,,,,,225959.703,649735.062,428348.344,100.0,100.0,3522.194,975.165,15368.438,6947.498,6.227,0.403,0.291,100.0,,10373.65,5397.739,1866.309,,,17637.698,21.0,12.0,2.0,8.0,0.0,0.0,1.0,9.0,123774.0,111884.0,299641.0,1334236.0,192069.0,,,,,,,,1.4203146834061136,649.7350620000001
1950,0.0218,0.0121833,0.0175,0.0108505,0.0108319,0.00131848,,0.874469,0.0,0.0,0.185714,0.124573,0.0,0.0,,,0.736334,0.200441,,,44.0,,,1.7100000381469729,0.0942299641245297,18.147094228828525,62.42,92.9,58.58,52.34,157.32,32.82,156.71,98.84,134.58,62.7,88.39,106.4,18.3,44.67,44.35,102.88,103.03,30.49,72.86,108.02,106.8,55.44,70.77,54.24,21.46,61.84,67.34,139.08,41.73,64.59,209.55,134.66,201.89,86.58,118.86,23.99,396.2,44.14,59.48,68.94,207.26,120.26,103.17,104.92,94.85,90.13,115.12,68.29,39.263,27.767,30.337,129.4228170221182,91.52849655536144,,,,,,,,,,,,1490000.0,8180000.0,2380000.0,879.0,250000000.0,1640000.0,145000.0,23400000.0,6320.0,172000.0,2150000.0,6055.578,101856.05,2136.634,30112.217000000004,11332.575,437104.7140000001,5.0,8850.0,4418.334,506924.906,0.2838466384248686,0.1802197956456858,0.118246875072129,USA,0.2838466384248686,0.1802197956456858,1.5750025540086303,0.1368244509872337,0.3537794744485826,0.4165871955655654,3.0,0.2728232954457035,0.0528693785664286,0.0950900479857216,0.1937861592063005,1.0,1.0,155.0,0.1548387096774193,0.2374295302013422,2.0,1.0,1.0,0.0,46.0,4.0,8.0,5.0,,-0.2397,-0.1758,0.117656862745098,,312.83,312.83,5930.406,2.379,0.701,12584.438,6654.031,3879.955,1551.783,353.156,66.9,73.624,,,,,231890.109,662319.438,435002.375,100.0,100.0,3607.457,1002.077,17047.688,7606.896,6.838,0.412,0.297,100.0,,11332.575,6055.578,2136.634,,,19524.787000000004,27.0,18.0,10.0,7.0,0.0,0.0,0.0,8.0,6845.0,4811.0,10886529.0,2857811.0,2541681.0,,,,,,,,1.6185605895196506,662.319438
1951,0.0251,0.015525,0.0175,0.0786011,-0.0496023,-0.0584796,,0.751754,0.0,0.0,0.0571429,0.0216193,0.0149254,0.0110035,,,0.631736,0.161287,-0.114088,,45.0,,,1.7100000381469729,0.1017026991890075,16.813713419434958,57.64,102.32,63.33,44.23,148.22,30.42,145.25,97.0,148.93,61.39,95.06,108.53,18.21,44.76,46.83,125.47,99.26,33.9,72.0,133.18,128.47,51.89,72.0,52.02,19.7,63.11,60.39,152.0,42.55,66.21,206.46,138.92,149.74,126.97,105.11,31.96,368.0,46.59,62.77,80.19,227.07,151.35,99.44,100.77,97.13,88.9,109.1,68.42,48.093,32.466,35.955,133.75886524822698,90.29620358781813,,,,,,,,,,,,1800000.0,10900000.0,2490000.0,883.0,294000000.0,1600000.0,132000.0,24600000.0,6210.0,172000.0,2360000.0,6867.236,108723.286,2534.509,32646.726,11939.019,449043.7330000001,4.0,59607.833,57584.5,566532.7390000001,0.3187359729240511,0.1727490839300032,0.1033768054404543,USA,0.3187359729240511,0.1727490839300032,1.8450805392010117,0.1512714218863422,0.3741056546549741,0.3243336624105718,3.0,0.2767644252990615,0.0528346219284916,0.0931458639633611,0.1909010591639458,1.0,1.0,156.0,0.1538461538461538,0.24104,6.0,4.0,0.0,0.0,40.0,4.0,11.0,5.0,,-0.0719,-0.0692,0.285456862745098,,,312.505,6381.651,2.516,,13578.992,7197.342,4084.146,1720.176,416.186,75.766,79.875,,,,,238271.75,675898.438,442199.688,100.0,100.0,3723.34,1018.664,18150.432,8111.834,7.154,0.421,0.303,100.0,,11939.019,6867.236,2534.509,,,21340.764000000003,31.0,21.0,7.0,11.0,0.0,2.0,0.0,10.0,18227.0,8688.0,734580.0,17912777.0,17643192.0,,,,,,,,1.7417169759825326,675.8984379999999
1952,0.0252,0.017675,0.0175,0.0227929,0.00235342,-0.00500389,,0.722543,0.0,0.0,0.0142857,0.0,0.0,0.0,,,0.598669,0.176293,-0.0383669,,46.0,,,1.7100000381469729,0.1038907253866993,16.459602450382896,59.96,52.26,59.89,39.22,144.45,34.02,142.13,103.2,143.03,65.02,105.26,101.8,18.19,51.46,45.83,115.55,111.75,35.12,71.98,123.54,113.28,53.39,81.02,51.41,20.11,62.07,56.62,153.74,39.41,64.6,200.97,120.78,147.16,74.23,107.8,20.42,380.09,44.69,45.18,65.44,221.93,90.51,97.12,99.2,91.39,85.67,107.6,68.73,40.508,31.825,36.704,110.36399302528336,86.70717088055797,,,,,,,,,,,,2060000.0,12800000.0,2570000.0,868.0,298000000.0,1810000.0,146000.0,26400000.0,6700.0,177000.0,2590000.0,7218.299,115941.585,2729.627,35376.353,11870.501,460914.2340000001,6.0,5825.789,1475.637,572358.528,0.3107687563431754,0.1698713205851766,0.096212674299087,USA,0.3107687563431754,0.1698713205851766,1.8294362772517,0.1442799050623422,0.3647196596414183,0.3095957117157601,2.0,0.2745545116715209,0.0541170788574439,0.0923097552455631,0.1971086853680629,1.0,1.0,156.0,0.1666666666666666,0.2472733333333333,5.0,3.0,2.0,0.0,28.0,4.0,9.0,5.0,,0.0108,0.01,0.368156862745098,,312.18,312.18,6467.7,2.503,,13718.915,7251.215,4030.056,1819.094,447.086,80.746,85.364,,,,,244739.453,689617.375,449450.938,100.0,100.0,3800.598,1036.231,18382.768,8236.997,7.114,0.43,0.309,100.0,,11870.501,7218.299,2729.627,,,21818.427,29.0,15.0,4.0,9.0,0.0,0.0,0.0,14.0,6886.0,6504.0,1006727.0,1637164.0,595749.0,,,,,,,,1.7652019650655022,689.617375
1953,0.0285222,0.0194,0.02,0.0081607,0.0201967,0.0111483,,0.700368,0.0,0.0,0.0142857,0.0,0.0,0.0,,,0.586433,0.175656,-0.0389258,,48.0,,,1.9299999475479128,0.1047251890444238,18.4291856157855,66.88,51.29,78.65,53.02,143.95,37.99,149.07,87.48,127.53,72.13,78.35,88.89,19.45,59.77,54.13,93.94,126.91,36.52,76.55,97.55,75.28,53.8,88.18,51.88,20.1,76.0,52.43,148.28,40.06,67.2,216.1,109.06,110.6,65.14,108.96,12.73,384.75,41.23,36.67,77.73,232.32,94.01,100.57,102.82,89.58,87.82,112.26,72.15,37.897,32.214,35.206,107.6435834800886,91.50144861671303,,,,,,,,,,,,2470000.0,13800000.0,2600000.0,864.0,331000000.0,1870000.0,198000.0,27200000.0,6900.0,193000.0,2670000.0,7632.513,123574.098,2886.345,38262.698,11923.186,472837.4200000001,6.0,42000.0,42000.0,614358.528,0.3104782896505961,0.1727424955589276,0.0948924170458785,USA,0.3104782896505961,0.1727424955589276,1.797347483293031,0.144556614487453,0.3654988257112005,0.3056330191481919,2.0,0.27515964330058,0.0547814399927097,0.0922360867421258,0.1990896605897522,1.0,1.0,156.0,0.1666666666666666,0.2508,3.0,2.0,0.0,0.0,44.0,2.0,9.0,5.0,,0.077,0.0792,0.434356862745098,,,312.45500000000004,6651.039,2.525,,14034.659,7383.62,4061.101,1938.059,474.53,89.546,81.348,,,,,251390.484,703652.062,456834.531,100.0,100.0,3889.637,1054.886,18800.711,8469.682,7.137,0.439,0.315,100.0,,11923.186,7632.513,2886.345,,,22442.044,37.0,26.0,12.0,11.0,0.0,3.0,0.0,10.0,12997.0,9608.0,3394062.0,11233401.0,4286950.0,,,,,,,,1.815239901746725,703.652062
1954,0.0240167,0.0095,0.0144,0.00311333,0.0208385,0.00636685,,0.711778,0.0,0.0,0.0571429,0.0173753,0.0,0.0,,,0.588077,0.176744,-0.0326355,,47.0,,,1.9299999475479128,0.105232332817036,18.340370263420272,64.18,41.18,64.8,52.53,131.66,42.0,154.04,81.1,126.38,64.88,73.14,91.95,20.19,45.96,55.53,97.36,116.27,37.17,79.37,93.02,73.67,54.83,87.11,52.72,19.27,75.32,51.62,138.33,39.86,104.19,287.47,107.69,125.93,66.41,119.18,12.36,382.06,47.87,34.88,111.71,235.57,92.27,101.15,104.23,91.74,86.88,114.22,73.89,38.565,33.066,34.457,111.92210581304234,95.9630844240648,,,,,,,,,,,,2810000.0,16200000.0,2640000.0,965.0,301000000.0,2000000.0,216000.0,30500000.0,6670.0,192000.0,2660000.0,7990.694,131564.79200000002,3027.598,41290.296,11769.438,484606.8580000001,6.0,23255.034,22671.701,637613.562,0.2796951536805444,0.1837100180459131,0.093939146429074,USA,0.2796951536805444,0.1837100180459131,1.522481771302436,0.1304158101971879,0.3459482662417485,0.3358626175424092,2.0,0.2644555671007869,0.0550187066828124,0.0947908844370071,0.2080451823570204,1.0,1.0,157.0,0.1656050955414012,0.2515733333333333,6.0,4.0,0.0,0.0,37.0,2.0,13.0,5.0,,-0.1175,-0.1325,0.239856862745098,,312.73,312.73,6789.734,2.528,,14596.57,7806.836,4053.676,2054.232,501.356,97.134,77.615,,,,,258180.234,718248.625,464641.406,100.0,100.0,3988.856,1074.734,19481.365,8673.794,7.253,0.449,0.322,100.0,,11769.438,7990.694,3027.598,,,22787.730000000003,33.0,27.0,9.0,10.0,0.0,0.0,0.0,6.0,41847.0,38491.0,437446.0,10084464.0,9980804.0,,,,,,,,1.853093340611354,718.248625
1955,0.0281667,0.0174667,0.025,-0.0027933,0.0310467,0.0203167,,0.660821,0.0,0.0,0.0285714,0.0375379,0.0,0.0,,,0.555639,0.169535,-0.021156,,48.0,,,1.9299999475479128,0.10480937327999,18.41438305705796,76.04,39.59,80.5,41.64,131.27,42.16,154.62,68.71,111.44,58.36,64.31,91.0,22.03,46.68,70.38,105.31,107.5,40.34,84.39,96.32,85.16,59.9,93.26,53.26,19.57,79.66,51.69,137.08,42.45,67.85,208.42,108.25,93.49,69.32,114.72,20.54,405.64,35.88,34.8,106.36,232.99,77.14,100.15,105.67,88.81,82.23,116.57,78.88,38.233,38.267,34.831,109.76716143665124,109.86477563090352,,,,,,,,,,,,3140000.0,17800000.0,2900000.0,947.0,364000000.0,2010000.0,239000.0,30500000.0,7000.0,200000.0,2900000.0,8955.483,140520.27500000002,3293.563,44583.859,12787.882,497394.7400000001,8.0,19745.813,12437.48,657359.375,0.2652402007516085,0.1783704929935881,0.0909385752253326,USA,0.2652402007516085,0.1783704929935881,1.4870183756297806,0.1203736010509387,0.3313241503872993,0.3428536661020496,2.0,0.260849058257063,0.0548137962785586,0.096538502574284,0.210136071200765,1.0,1.0,157.0,0.1719745222929936,0.2546266666666666,7.0,3.0,1.0,0.0,46.0,0.0,11.0,5.0,,-0.1987,-0.14,0.158656862745098,,314.71,314.71,7444.103,2.717,,15438.17,7994.067,4386.083,2299.538,547.242,107.436,96.836,,,,,265624.344,733686.812,472635.438,100.0,100.0,4180.018,1095.884,20510.934,9461.887,7.485,0.46,0.328,100.0,,12787.882,8955.483,3293.563,,,25036.928,32.0,25.0,3.0,19.0,0.0,1.0,0.0,7.0,5556.0,5064.0,405729.0,10037230.0,9980330.0,,,,,,,,2.0316875,733.686812
1956,0.031825,0.0265917,0.03,0.0152505,0.0163255,0.0111708,,0.622716,0.0,0.0,0.0428571,0.0013446,0.0447761,0.0203616,,,0.525375,0.176549,-0.0244618,,46.0,,,1.9299999475479128,0.106348173213954,18.14793699996227,129.4,45.31,148.6,38.37,138.52,45.69,152.34,72.85,114.32,55.63,69.34,95.22,21.98,51.34,77.36,109.72,123.74,38.93,89.47,101.59,92.03,61.57,97.87,52.72,18.78,74.18,50.96,163.98,42.24,48.67,212.53,103.33,110.29,78.8,108.2,17.67,403.36,37.13,36.83,101.35,227.53,73.33,104.04,110.16,93.64,88.54,118.25,83.4,39.895,40.977,36.33,109.81282686485,112.79108175061933,,,,,,,,,,,,3370000.0,18800000.0,3200000.0,978.0,389000000.0,2400000.0,259000.0,34200000.0,7020.0,203000.0,3110000.0,9745.858,150266.13300000003,3571.75,48155.609,13514.091,510908.8310000001,13.0,28685.302,11554.406,686044.677,0.2593418650912344,0.1693658996917797,0.0976588310004423,USA,0.2593418650912344,0.1693658996917797,1.5312519554597317,0.1155373274965142,0.324426999209747,0.3765640806434655,2.0,0.2578004772656434,0.0553781959739658,0.0974350441175285,0.2148102926780191,1.0,1.0,157.0,0.1847133757961783,0.2632266666666666,6.0,2.0,2.0,0.0,35.0,6.0,11.0,5.0,,-0.265,-0.1892,0.092356862745098,,315.34,315.34,7926.275,2.835,,15986.904,8060.629,4608.297,2499.033,587.242,116.488,108.174,,,,,273550.594,749673.625,480696.062,100.0,100.0,4309.005,1118.44,21197.357,10025.629,7.583,0.471,0.336,100.0,,13514.091,9745.858,3571.75,,,26831.699,36.0,29.0,9.0,14.0,0.0,0.0,1.0,7.0,7737.0,6974.0,1079589.0,280228.0,0.0,,,,,,,,2.163284661572052,749.673625
1957,0.036475,0.0326417,0.03,0.0334151,0.00296098,-0.000748402,,0.586188,0.0,0.0,0.114286,0.0927066,0.0,0.0,,,0.493282,0.186909,-0.0180943,,47.0,,,1.899999976158142,0.1102137450213927,17.23922888011243,110.14,42.92,137.97,50.51,140.95,44.12,159.83,63.02,96.02,53.83,62.34,91.11,22.46,57.83,52.83,97.01,151.49,42.85,94.29,93.1,75.09,65.08,99.67,50.58,17.25,65.08,49.31,138.74,40.07,52.67,198.39,97.2,101.91,77.12,97.01,15.55,376.07,32.77,52.72,89.76,240.25,83.3,105.03,111.39,90.01,85.73,122.71,85.57,40.108,35.376,36.704,109.27419354838707,96.38186573670444,,,,,,,,,,,,3370000.0,20500000.0,3300000.0,1020.0,423000000.0,2380000.0,286000.0,33200000.0,7190.0,204000.0,3150000.0,10270.767,160536.90000000002,3880.716,52036.325,13893.758,524802.5890000002,12.0,76347.546,52638.086,762392.223,0.2545394988393127,0.1669327599451074,0.0993317488533785,USA,0.2545394988393127,0.1669327599451074,1.5248025547712325,0.1126141377198286,0.3202033845334007,0.3902410011268439,2.0,0.2550483838239432,0.0581167121832207,0.0961061459519859,0.22786543992899,1.0,1.0,157.0,0.1847133757961783,0.2731266666666667,8.0,6.0,0.0,0.0,29.0,2.0,16.0,5.0,,-0.0349,0.0475,0.322456862745098,,315.34,315.34,8185.976,2.87,,16466.127,8280.151,4691.583,2612.05,646.687,122.452,106.383,,,,,281736.562,766139.812,488976.219,100.0,100.0,4435.85,1142.511,21805.078,10355.332,7.644,0.482,0.343,100.0,,13893.758,10270.767,3880.716,,,28045.241,28.0,20.0,11.0,9.0,0.0,0.0,0.0,8.0,10589.0,3619.0,536770.0,2115105.0,1627005.0,,,,,,,,2.234163755458515,766.139812
1958,0.0331583,0.0183833,0.0238,0.0272916,0.00571087,-0.00867161,,0.5906,0.0,0.0,0.0714286,0.0177468,0.0149254,0.0308578,,,0.496616,0.203259,-0.00180421,,45.0,,,2.0799999237060547,0.1131468270410538,18.38319268954272,114.7,43.13,134.29,56.57,131.26,46.85,155.27,62.24,92.08,54.34,57.3,81.84,21.35,56.29,44.78,78.0,131.87,41.71,93.53,89.56,66.1,65.45,99.05,49.39,15.77,67.69,48.0,99.51,38.66,74.22,164.89,95.87,85.02,71.11,96.24,13.64,355.88,29.84,34.81,90.47,236.44,59.56,102.1,108.32,84.39,83.5,119.15,83.92,36.231,32.546,36.33,99.72749793559042,89.58436553812277,,,,,,,,,,,,3510000.0,21400000.0,3190000.0,1050.0,397000000.0,2350000.0,224000.0,33700000.0,7430.0,156000.0,2950000.0,10527.977,171064.87700000004,4174.047,56210.372,14332.808,539135.3970000001,17.0,63220.374,57679.578,825612.597,0.234107308506112,0.1706889714401195,0.1082504864607232,USA,0.234107308506112,0.1706889714401195,1.3715432610023115,0.1057291980686945,0.3093237972257235,0.4623968689892356,3.0,0.2459054284370024,0.0588473630531477,0.0990819241669777,0.2393089222437546,1.0,1.0,157.0,0.1719745222929936,0.27538,11.0,5.0,0.0,2.0,66.0,2.0,18.0,5.0,,-0.0165,0.0592,0.340856862745098,,315.34,315.34,8417.517,2.891,,16629.943,8212.429,4761.458,2719.235,705.853,129.694,95.115,,,,,290154.094,782769.688,497188.656,100.0,100.0,4525.489,1168.204,22099.877,10656.435,7.591,0.493,0.35,100.0,,14332.808,10527.977,4174.047,,,29034.832,24.0,19.0,3.0,13.0,0.0,2.0,0.0,5.0,4061.0,3723.0,29426.0,5597078.0,5490437.0,,,,,,,,2.297357259825328,782.769688
1959,0.0433333,0.0341333,0.04,0.0101068,0.032894,0.0237861,,0.561104,0.0,0.0,0.0571429,0.0199385,0.0,0.0,,,0.476015,0.190031,-0.014121,,46.0,,,2.0799999237060547,0.1141373157516553,18.223662524461357,259.81,66.3,217.64,41.16,128.05,50.34,149.67,58.98,89.13,50.07,55.72,77.56,21.09,67.29,53.76,78.0,123.01,41.36,98.48,95.28,72.81,66.18,100.73,48.21,16.02,66.27,47.6,110.4,39.37,60.82,125.58,92.12,74.7,71.5,86.45,17.61,355.78,29.48,29.3,89.02,236.45,60.62,107.39,114.43,88.56,95.62,118.17,87.98,37.113,35.379,36.33,102.15524360033032,97.38232865400497,,,,,,,,,,,,4060000.0,23100000.0,3430000.0,1130.0,432000000.0,2320000.0,285000.0,38400000.0,6910.0,164000.0,3020000.0,11360.858,182425.73500000004,4659.676,60870.048,14854.895,553990.2920000001,16.0,38406.714,30107.101,864019.311,0.228480173507581,0.170838868113454,0.1167192739398258,USA,0.228480173507581,0.170838868113454,1.3374015880030732,0.1051169699902073,0.3081360813815658,0.5108507760125326,3.0,0.2503679271585389,0.0559764767580757,0.0965375010328773,0.2235768670267024,1.0,1.0,157.0,0.1847133757961783,0.2777933333333333,6.0,0.0,2.0,0.0,55.0,0.0,16.0,5.0,,-0.0465,0.0308,0.310856862745098,315.98,315.97,315.98,8855.112,2.986,,17547.879,8692.767,4953.932,2897.693,758.26,145.245,91.693,,,,,299009.219,800317.625,505881.438,100.0,100.0,4725.665,1195.624,23239.465,11250.872,7.835,0.506,0.358,100.0,,14854.895,11360.858,4659.676,,,30875.429,33.0,30.0,13.0,16.0,0.0,0.0,0.0,3.0,2013208.0,2013139.0,1514863.0,7141411.0,7026429.0,,,,,,,,2.416788209606987,800.317625
1960,0.0411667,0.0294667,0.03,0.0145798,0.0262048,0.014673,138.848,0.617242,0.0,0.0,0.0428571,0.00185604,0.0,0.0,,,0.499094,0.198773,-0.0442839,,47.0,,,1.899999976158142,0.115964595636206,16.384310795328044,270.78,49.21,298.57,47.4,123.95,53.37,147.23,56.72,82.65,46.5,48.38,77.22,21.85,42.2,54.4,75.15,112.75,40.72,96.95,93.24,81.07,64.42,97.65,51.37,15.35,64.4,46.89,121.24,38.75,46.46,122.79,86.73,114.85,68.46,88.65,18.1,375.63,28.16,30.49,88.6,238.73,57.18,107.74,113.87,90.12,98.45,116.24,86.67,37.327,36.781,37.079,100.66884220178538,99.19631058011272,8.51497812264,,0.73134776287,2.11450397643,3545.76114458085,59.65708179959,2671.88414502955,184.24739711659,11475.5429210635,8520.20143740156,1286.08374752276,4490000.0,27600000.0,3940000.0,1190.0,514000000.0,2390000.0,320000.0,41800000.0,7320.0,183000.0,3090000.0,12240.843,194666.57800000004,5072.324,65942.372,15475.8,569466.0920000002,11.0,32681.207,30431.207,896700.518,0.2152831519919682,0.1716618790183047,0.1191834166666656,USA,0.2152831519919682,0.1716618790183047,1.254111589731649,0.1003040501451482,0.3030121326036436,0.5536123731183205,3.0,0.2451881834894079,0.0484254746783228,0.095969075713125,0.1975032972191126,1.0,1.0,160.0,0.1875,0.2887866666666666,11.0,5.0,1.0,0.0,58.0,0.0,18.0,5.0,2.840633990007756,-0.1134,-0.025,0.243956862745098,316.91,316.91,316.91,9386.951,3.113,0.704,16997.52,7610.568,5158.323,3119.97,834.618,157.394,89.14,,,,,308396.156,817315.125,513492.0,100.0,100.0,4861.831,1224.879,22832.379,11855.522,7.572,0.518,0.366,100.0,,15475.8,12240.843,5072.324,,,32788.967,39.0,30.0,7.0,20.0,1.0,0.0,0.0,9.0,39724.0,19793.0,2818827.0,19153098.0,4677837.0,,,,,,,,2.56194077510917,817.315125
1961,0.038825,0.0237583,0.025,0.0107036,0.0278236,0.0129165,141.491,0.622511,0.0,0.0,0.0142857,0.00817948,0.0298507,0.0117596,,,0.494037,0.19104,-0.0221957,,48.0,,,1.7999999523162842,0.1171103536170428,15.370117984635083,248.2,52.78,241.74,51.05,119.84,56.6,145.75,57.81,80.47,51.0,54.85,80.9,21.22,34.01,50.28,67.67,121.27,42.54,95.98,103.11,71.52,68.92,105.7,50.85,16.0,63.75,46.4,120.02,38.81,37.37,117.88,88.18,95.88,68.98,95.66,13.81,384.9,33.19,27.1,81.08,212.71,57.52,106.28,112.03,87.46,96.61,115.15,86.31,36.466,35.242,37.453,97.36469708701571,94.09660107334524,8.04502477751,,0.76863294053,2.07415084711,3244.06229750676,56.46890003071,2620.89398959006,180.62874102382,12553.7829048154,8767.53974161002,1098.16296286278,4700000.0,29400000.0,4090000.0,1230.0,495000000.0,2390000.0,361000.0,45500000.0,7370.0,187000.0,3490000.0,13029.392,207695.97000000003,5449.435,71391.807,14579.534,584045.6260000002,22.0,40982.182,36167.874,937682.7,0.2106548531612973,0.1737590426076019,0.1049435115748872,USA,0.2106548531612973,0.1737590426076019,1.212338937876268,0.0961735296061915,0.2965753282555448,0.4981775164445537,3.0,0.2464636130179974,0.04049645211009,0.092039181113457,0.1643100643304003,1.0,1.0,159.0,0.1886792452830188,0.2938145695364238,11.0,4.0,0.0,0.0,54.0,2.0,20.0,5.0,3.32546400282934,-0.0144,0.0575,0.342956862745098,317.64,317.64,317.64,9414.99,3.072,,17045.148,7630.158,4944.186,3309.097,882.126,164.144,86.219,,,,,317811.156,834360.312,521122.156,100.0,100.0,4904.216,1296.961,22968.943,11899.996,7.494,0.53,0.373,100.0,,14579.534,13029.392,5449.435,,,33058.361,29.0,26.0,8.0,14.0,1.0,1.0,0.0,3.0,17381.0,17281.0,1313555.0,4896975.0,4896975.0,2.2843121045450183,3.17930531962879,0.7184940969468546,,,,,2.5695933406113536,834.360312
1962,0.0394583,0.0277833,0.03,0.0117608,0.0273756,0.0158363,141.726,0.601611,0.0,0.0,0.114286,0.068813,0.0149254,0.000392945,,,0.466601,0.196751,-0.0315664,,48.0,,,1.7999999523162842,0.1183863744191655,15.204452042285723,256.99,53.51,226.83,49.7,115.92,59.7,144.11,62.54,79.58,57.21,50.85,79.72,19.66,60.05,50.84,59.28,102.15,43.04,94.9,103.15,71.2,81.78,100.96,44.48,15.82,59.44,45.85,118.68,44.99,35.36,108.36,84.22,88.86,64.57,95.45,12.8,418.91,30.18,27.81,81.95,189.02,59.91,106.53,112.02,86.91,98.85,113.58,84.95,36.486,34.734,37.453,97.418097348677,92.74023442714868,7.64613777441,,0.80485660783,2.03615641028,3245.29921770188,55.38419532646,2505.41998371683,177.21936433708,12431.9325394999,8858.45303995444,935.26853007015,5060000.0,31100000.0,4220000.0,1290.0,499000000.0,2510000.0,357000.0,63300000.0,7650.0,190000.0,3570000.0,14133.672,221829.642,5961.995,77353.802,14930.751,598976.3770000002,19.0,46814.535,44065.203,984497.235,0.2099114161964051,0.17633719680477,0.1036089981226049,USA,0.2099114161964051,0.17633719680477,1.1903978287054573,0.0961919151820056,0.2973221589033585,0.4935843890723049,3.0,0.2485986285673168,0.0388939869843147,0.0891071575087778,0.1564529426749546,1.0,1.0,159.0,0.1949685534591195,0.2974503311258278,14.0,5.0,1.0,0.0,59.0,4.0,26.0,5.0,3.534858179980576,-0.0588,0.0308,0.298556862745098,318.45,318.45,318.45,9747.241,3.121,,16885.641,7138.4,4928.587,3558.261,967.82,176.364,85.931,,,,,327558.406,851245.938,528260.5,100.0,100.0,4981.43,1341.992,22922.6,12273.166,7.339,0.542,0.381,100.0,,14930.751,14133.672,5961.995,,,35026.418000000005,29.0,24.0,8.0,13.0,0.0,1.0,0.0,5.0,17239.0,3161.0,245454.0,15401282.0,13084543.0,2.27446351216206,3.13448326528459,0.7256263057303495,,,,,2.660273198689956,851.2459379999999
1963,0.040025,0.0315667,0.0325,0.0125606,0.0271237,0.0187703,139.255,0.588083,0.0,0.0,0.0714286,0.015223,0.0298507,0.00920955,,,0.45212,0.20404,-0.0319088,,51.0,,,1.7999999523162842,0.1198004842514312,15.024980604740584,236.98,39.05,271.92,40.9,112.01,59.0,142.42,65.28,87.26,52.65,57.31,76.05,18.37,55.07,50.24,67.77,86.11,42.05,94.78,103.72,72.67,86.49,104.3,43.95,15.63,53.55,45.13,113.67,52.47,42.14,103.64,82.75,92.95,65.63,96.05,11.7,403.7,32.66,81.63,79.32,178.65,62.96,105.51,110.41,87.63,97.99,112.41,84.89,41.419,34.747,37.453,110.58927188743225,92.77494459722853,7.68632940527,,0.81987513656,2.00536917292,3309.99392307195,56.46890003071,2555.93647606559,179.80886588726,12850.1763070486,8924.68247611774,1083.81514797294,5320000.0,30700000.0,4290000.0,1340.0,510000000.0,2560000.0,339000.0,54600000.0,7780.0,194000.0,3660000.0,15164.043,236993.68500000003,6523.504,83877.306,15383.595,614359.9720000002,18.0,36398.959,22654.393,1020896.194,0.2079701135307053,0.1712830225555705,0.1071045712676632,USA,0.2079701135307053,0.1712830225555705,1.2141898854174653,0.094638335935958,0.2947884021719117,0.5149998211250196,3.0,0.2479125299248406,0.0401280656905774,0.0871888086958868,0.1618638061688251,1.0,1.0,160.0,0.2,0.3032715231788079,15.0,11.0,1.0,0.0,60.0,4.0,31.0,5.0,3.2629127484505784,-0.0314,0.0533,0.325956862745098,318.99,318.99,318.99,10266.777,3.216,,17220.107,6953.332,5107.931,3803.658,1046.95,185.981,90.506,,,,,337825.156,868466.0,535213.875,100.0,100.0,5105.29,1386.239,23411.465,12905.588,7.333,0.555,0.388,100.0,,15383.595,15164.043,6523.504,,,37071.142,44.0,34.0,8.0,21.0,1.0,2.0,0.0,7.0,37431.0,33191.0,6195627.0,18745652.0,8746458.0,2.230061705163476,3.06770751799379,0.7269473025322457,,,,,2.802067958515284,868.466
1964,0.0418667,0.035525,0.04,0.0132209,0.028272,0.0220131,138.834,0.567002,0.0,0.0,0.0142857,5.00147e-14,0.0,0.0,,,0.427907,0.197213,-0.0469549,,54.0,,,1.7999999523162842,0.1214747146214046,14.817898176803885,295.1,35.39,297.34,39.99,112.04,54.58,139.35,67.55,85.89,49.68,54.46,63.92,19.01,58.09,51.78,81.64,89.32,41.5,96.62,138.28,81.09,87.44,105.6,47.15,16.71,53.38,44.55,122.63,52.34,38.08,128.16,82.26,85.21,69.73,94.78,10.86,339.65,32.35,55.53,76.14,195.27,65.45,106.07,111.43,89.43,99.85,111.78,87.0,41.046,37.62,38.202,107.44463640647086,98.47651955395006,7.32756973918,,0.75802445578,1.94129963247,4900.64495158511,51.7478028477,2658.06647945263,177.37772265178,17246.2776305461,8801.50618096429,1649.9244529378,5940000.0,33400000.0,4450000.0,1390.0,573000000.0,2530000.0,371000.0,63700000.0,7730.0,197000.0,4030000.0,16376.738,253370.42300000004,7127.606,91004.912,16064.467,630424.4390000001,24.0,127824.408,102706.511,1148720.6020000002,0.202986096635177,0.1674965500477088,0.1100314716622516,USA,0.202986096635177,0.1674965500477088,1.2118822541560386,0.0921323677651313,0.2908037210270427,0.5420640796892068,3.0,0.2469918387567408,0.0420708581109192,0.0868650091438924,0.1703329888254094,1.0,1.0,158.0,0.2088607594936709,0.3037748344370861,6.0,4.0,1.0,0.0,42.0,6.0,25.0,5.0,4.041875552879584,-0.3021,-0.1983,0.055256862745098,319.62,319.62,319.62,10824.47,3.316,,17484.389,6659.918,5213.215,4104.341,1152.992,206.15,112.792,,,,,348649.656,885950.438,541873.812,100.0,100.0,5205.581,1436.231,23798.047,13516.066,7.29,0.567,0.396,100.0,,16064.467,16376.738,7127.606,,,39568.811,63.0,52.0,22.0,22.0,7.0,0.0,0.0,8.0,12892.0,11936.0,7902125.0,23688636.0,12695796.0,2.213501187222966,3.01338956300493,0.7345552710468934,,,,,2.9542767467248905,885.950438
1965,0.042825,0.0394833,0.0463,0.0157869,0.0266179,0.0233281,135.759,0.537099,0.0135135,0.00118639,0.0285714,0.000478721,0.0447761,0.00423821,,,0.410097,0.179296,-0.0266845,,56.0,,,1.7999999523162842,0.123546614365421,14.569399263279845,304.2,48.27,224.04,53.31,109.91,57.24,135.85,64.3,87.57,48.29,50.3,58.13,19.32,59.87,55.79,94.44,85.64,40.8,95.0,153.73,85.19,77.72,101.52,51.92,14.91,58.58,43.82,133.6,51.46,27.04,124.83,79.33,83.07,78.03,94.85,10.99,386.59,33.64,19.11,80.78,163.24,57.53,104.71,110.56,88.18,99.24,109.72,86.11,38.119,40.499,38.951,97.86398295294087,103.97422402505714,7.10759401475,,0.80085566363,2.05602726119,6471.13483169738,53.36535083613,2703.54774949841,175.78781816773,19474.7241779624,8684.27860253455,1557.91453316362,6310000.0,37400000.0,4660000.0,1440.0,611000000.0,2700000.0,425000.0,71400000.0,8010.0,204000.0,4310000.0,18231.082,271601.50500000006,7638.485,98643.397,16381.558,646805.9970000001,24.0,76868.12,44882.787,1225588.722,0.2015388717977571,0.1645467936838465,0.1088896467043727,USA,0.2015388717977571,0.1645467936838465,1.2248119047824515,0.0902453300478,0.2879385330908459,0.5402910402993761,3.0,0.2475715905306519,0.0433236985040687,0.0879439601240374,0.1749946284676991,1.0,1.0,160.0,0.20625,0.30258940397351,12.0,5.0,0.0,0.0,55.0,5.0,27.0,5.0,4.540794635596843,-0.2023,-0.1067,0.155056862745098,320.04,320.04,320.04,11310.603,3.392,,17696.027,6385.424,5289.088,4409.442,1230.667,216.431,130.443,,,,,359960.25,903646.5,548259.25,100.0,100.0,5343.486,1493.052,24194.01,14119.118,7.256,0.581,0.404,100.0,43360.309,16381.558,18231.082,7638.485,40492.973,93.748,42251.125,68.0,53.0,19.0,19.0,7.0,1.0,1.0,9.0,1565529.0,1563663.0,123102411.0,24443364.0,22431898.0,2.213944604493849,2.95633127775667,0.7488824480366894,,,,,3.086954967248908,903.6465
1966,0.0492333,0.0488167,0.05,0.0298938,0.0187782,0.0183737,135.031,0.506481,0.0,0.0,0.0285714,0.00471629,0.0298507,0.00531251,,,0.394307,0.187513,-0.0284112,,56.0,,,1.7999999523162842,0.1269962925587412,14.17364173433415,342.97,58.06,221.97,53.8,109.5,55.65,133.03,66.54,89.85,57.39,53.06,61.74,18.79,54.18,56.02,86.77,87.28,39.67,91.74,137.62,82.83,76.23,101.38,46.87,13.52,65.21,42.62,132.12,50.04,37.26,112.68,75.3,113.97,65.6,91.41,9.98,395.19,35.16,16.73,68.65,198.32,60.41,107.21,110.97,89.69,107.2,107.22,83.43,37.935,40.568,39.7,95.55415617128465,102.18639798488664,6.56522467523,,0.77237937356,2.05128835116,7393.18318121391,45.95657272664,2607.41680674756,169.58554620661,17250.65079938,8394.79831634788,1357.01424001037,6880000.0,40700000.0,4580000.0,1450.0,626000000.0,2850000.0,412000.0,84500000.0,8300.0,211000.0,4500000.0,19796.811,291398.31600000005,8219.038,106862.435,16608.723,663414.7200000001,25.0,108587.776,16420.061,1334176.498,0.2086692138126796,0.1663162617508976,0.1096541858852451,USA,0.2086692138126796,0.1663162617508976,1.2546531025644183,0.0936403451571891,0.2942098066919757,0.5254928788090446,3.0,0.2481376487193258,0.043509688061217,0.0898358060898355,0.1753449679473341,1.0,1.0,162.0,0.2037037037037037,0.2988940397350993,18.0,11.0,1.0,1.0,58.0,3.0,25.0,5.0,4.558318674915364,-0.1454,-0.0558,0.211956862745098,321.37,321.38,321.37,11862.625,3.485,,17779.766,5917.141,5349.978,4758.873,1339.98,233.008,144.566,,,,,371822.875,921426.188,554176.375,100.0,100.0,5545.599,1556.812,24516.84,14822.013,7.202,0.594,0.412,100.0,45732.449,16608.723,19796.811,8219.038,42654.66,93.635,44624.572,83.0,66.0,23.0,27.0,9.0,2.0,1.0,15.0,17218.0,13141.0,12408584.0,26931059.0,23588182.0,2.3072161604773544,2.91968270946056,0.7902283878317844,,,,,3.237615993449781,921.426188
1967,0.0507333,0.0433167,0.045,0.0278455,0.0222678,0.015052,134.541,0.504419,0.0,0.0,0.171429,0.130675,0.0,0.0,,,0.392688,0.182466,-0.0256916,,55.0,,,1.7999999523162842,0.1306877985569405,13.77328237365653,339.45,38.19,230.6,45.95,108.29,54.09,133.42,65.52,82.05,72.74,52.05,52.22,18.63,57.45,57.55,78.08,83.31,42.98,89.61,125.07,76.83,83.84,99.97,42.05,12.18,80.4,41.21,141.96,58.26,41.84,101.9,79.5,92.78,60.45,89.62,8.03,410.18,31.2,17.18,63.81,158.39,52.88,106.88,109.95,87.42,107.26,106.53,81.77,36.846,41.509,39.7,92.81108312342568,104.55667506297227,6.36446339301,,0.76564973149,2.18519963146,5430.23912454796,42.39785388128,2584.69871971848,167.24661322243,15829.9278313343,9262.92615778713,1307.98495796274,7570000.0,44600000.0,4630000.0,1420.0,616000000.0,2870000.0,449000.0,87300000.0,8030.0,218000.0,4840000.0,21238.463,312636.77900000004,8845.135,115707.57,16018.826,679433.5460000001,24.0,53499.488,46099.132,1387675.986,0.2085478761453187,0.1667412630250682,0.1055840116036114,USA,0.2085478761453187,0.1667412630250682,1.2507274585893309,0.0929884797850987,0.2931848951245088,0.5062818838300668,3.0,0.2469065123810447,0.041762957924746,0.0898381549000336,0.1691448213415056,1.0,1.0,163.0,0.2085889570552147,0.2986710526315789,9.0,5.0,1.0,0.0,58.0,7.0,26.0,5.0,4.240871311561424,-0.1157,-0.0233,0.241656862745098,322.18,322.16,322.18,12237.371,3.523,,18487.898,6250.528,5261.868,5074.54,1433.099,239.881,190.783,,,,,384060.219,939914.125,560426.938,100.0,100.0,5608.186,1613.397,25319.172,15210.583,7.289,0.608,0.42,100.0,47410.555,16018.826,21238.463,8845.135,44248.492,93.691,46102.424,79.0,59.0,26.0,25.0,5.0,0.0,1.0,15.0,10045.0,5953.0,6717701.0,14923694.0,13197329.0,2.436531095223157,2.87180105362619,0.848433108604991,,,,,3.339893831877729,939.914125
1968,0.0564583,0.0534667,0.04,0.0424469,0.0134409,0.010571,137.112,0.484827,0.0,0.0,0.0714286,0.0221564,0.0149254,0.000232742,,,0.380959,0.184289,-0.0287573,,58.0,,,1.7999999523162842,0.1361463909087793,13.221062565825328,339.58,34.41,251.95,45.82,105.28,51.91,129.53,60.28,69.56,67.43,46.69,44.18,18.31,57.64,60.46,70.71,71.88,44.44,89.2,115.91,71.93,78.59,97.35,38.67,11.0,93.76,44.05,144.85,77.41,48.39,98.12,77.2,81.46,43.84,89.79,7.55,400.88,28.92,16.44,54.83,140.91,50.42,103.87,107.56,85.04,103.51,104.2,81.24,37.431,43.914,39.326,95.18130498906577,111.66658190510094,6.37212983185,,0.77237937356,2.18101531886,5995.36558710986,42.33604441309,2669.49800495428,187.90541947317,15094.6261886618,10014.3813152753,1269.07563008351,8020000.0,46000000.0,5010000.0,1440.0,668000000.0,3010000.0,497000.0,94100000.0,8560.0,232000.0,4970000.0,23170.031,335806.81000000006,9675.573,125383.143,16464.762,695898.3080000001,22.0,57515.551,35307.495,1445191.537,0.2026894873343415,0.1703963213462092,0.1055531746668374,USA,0.2026894873343415,0.1703963213462092,1.189517976286116,0.0918343273353243,0.2914691825229417,0.5207629465889603,3.0,0.2446080684447366,0.0399911111828947,0.0906183932992331,0.1634905644657009,1.0,1.0,163.0,0.2147239263803681,0.2993092105263158,8.0,6.0,1.0,0.0,50.0,1.0,31.0,5.0,4.557745217505119,-0.164,-0.0825,0.193356862745098,323.05,323.04,323.05,12905.273,3.64,,19232.404,6327.129,5319.659,5528.198,1559.751,255.273,203.8,,,,,396965.5,959146.562,566754.0,100.0,100.0,5702.289,1665.257,26188.367,15934.297,7.387,0.622,0.428,100.0,50246.746,16464.762,23170.031,9675.573,46887.98,93.675,49310.366,82.0,60.0,20.0,25.0,7.0,2.0,2.0,18.0,22174.0,10336.0,26648067.0,8975821.0,4762536.0,2.466119553288214,2.82846907993349,0.8718919965517895,,,,,3.522181495633188,959.146562
1969,0.0667083,0.0668833,0.05,0.0543713,0.0117009,0.0118669,139.014,0.459137,0.0,0.0,0.0142857,0.359996,0.0298507,0.0234529,,,0.36115,0.213303,-0.038004,,58.0,,,1.7999999523162842,0.1434881075131779,12.544593301232108,363.14,42.39,251.14,57.34,106.71,52.34,127.43,58.12,71.4,58.91,44.75,43.55,18.46,54.7,65.17,75.69,61.89,46.82,90.45,122.14,73.82,77.19,96.35,35.9,9.57,60.69,44.12,145.65,61.34,57.19,94.16,67.11,62.92,44.63,88.08,9.41,369.43,26.44,26.26,50.47,123.5,48.4,104.33,107.92,82.98,105.09,103.63,81.77,39.761,47.712,40.449,98.2990926846152,117.95594452273237,5.81922467875,,0.77895133495,2.07026899098,6723.44971662373,45.0875360936,2696.31653897396,188.246572613,15704.8044292679,10829.2563824802,1312.34207994649,8970000.0,51800000.0,5520000.0,1450.0,701000000.0,3240000.0,487000.0,92100000.0,9200.0,229000.0,5340000.0,24940.334,360747.144,10625.758,136008.90099999998,16797.789,712696.0970000001,28.0,59873.291,19703.378,1505064.828,0.1972355678441416,0.1697162421260226,0.1077925282297216,USA,0.1972355678441416,0.1697162421260226,1.1621490399114809,0.0900690513809797,0.2884018639044534,0.5465166826041278,3.0,0.2384406290960764,0.0404521722729538,0.0912972206083179,0.1696530177189484,1.0,1.0,163.0,0.2147239263803681,0.2945986842105263,10.0,7.0,0.0,0.0,52.0,8.0,32.0,5.0,4.050090238681798,-0.0278,0.0525,0.329556862745098,324.62,324.62,324.62,13761.798,3.802,,20702.344,6940.544,5518.273,5978.462,1708.72,270.599,244.035,,,,,410727.312,979848.875,573694.562,100.0,100.0,5885.07,1704.999,27861.912,16961.33,7.698,0.637,0.437,100.0,53700.402,16797.789,24940.334,10625.758,50125.828,93.7,52363.881,78.0,51.0,14.0,25.0,10.0,0.0,1.0,13.0,11714.0,4814.0,12314395.0,20053876.0,19393304.0,2.4835216122572734,2.77109518374277,0.8962238564836714,,,,,3.755949235807861,979.848875
1970,0.0734833,0.0643667,0.03,0.0588369,0.0138326,0.00522249,139.89,0.463631,0.0,0.0,0.0,0.0,0.0,0.0,0.0,0.0,0.358874,0.191269,-0.0263064,,106.0,,,1.7999999523162842,0.1519613757113142,11.845114877979256,365.68,35.38,250.87,55.51,126.44,49.42,121.98,56.57,75.97,41.72,41.41,46.72,18.39,47.9,74.69,74.91,61.14,54.11,90.86,122.12,73.14,68.13,92.75,33.15,12.94,49.11,36.44,146.72,57.27,40.6,116.27,68.34,81.66,60.5,86.54,7.2,386.84,27.34,28.88,54.79,112.79,38.32,102.45,107.71,83.13,101.92,102.94,81.84,42.201,53.5,42.697,98.83832587769632,125.30154343396492,5.21223561082,33.59953534248,0.73229756516,1.92645094069,6098.31566465937,42.38710612435,2645.62073968159,154.82349992746,15823.8734748484,12260.3842938147,1274.26955725129,9650000.0,57800000.0,5900000.0,1480.0,757000000.0,3390000.0,628000.0,95100000.0,9360.0,232000.0,5460000.0,27433.883,388181.027,9760.88,145769.781,17469.682,730165.7790000001,22.0,38349.864,12825.602,1543414.692,0.1805683808413776,0.1710551469201376,0.1124100287360224,USA,0.1805683808413776,0.1710551469201376,1.0556150112552976,0.0857037674779698,0.2807656669086274,0.6225344006089877,3.0,0.2273031237247259,0.0424481984919113,0.0963786277794277,0.1867470969880643,1.0,1.0,163.0,0.2208588957055214,0.2947105263157894,8.0,5.0,1.0,0.0,23.0,3.0,30.0,5.0,3.935648059523642,-0.084,0.0275,0.273356862745098,325.68,325.68,325.68,14899.139,4.033,0.679,21588.809,6689.67,5698.858,6799.016,1790.936,288.231,277.747,,,,,425626.469,1001437.688,580384.25,100.0,100.0,6036.888,1731.281,28904.395,18140.758,7.823,0.653,0.447,100.0,57177.613,17469.682,27433.883,9760.88,53386.539,93.722,54664.445,80.0,64.0,31.0,24.0,2.0,0.0,1.0,12.0,387089.0,307969.0,47204706.0,24145357.0,19422775.0,2.6878809309184657,2.7262343156238,0.98593173576991,100.0,100.0,100.0,26208959267.4717,4.066358897379913,1001.437688
1971,0.0615917,0.0434,0.03,0.0422656,0.0185424,0.00108839,140.3,0.469911,0.00617284,0.00226684,0.0125,0.00206047,0.0,0.0,0.0,0.0,0.35938,0.197167,-0.0266837,,108.0,,,2.240000009536743,0.1586166184431967,14.122101653168992,361.78,38.04,231.25,44.29,137.2,50.17,123.6,58.4,71.67,35.32,36.06,45.53,17.82,67.46,63.83,63.46,63.24,53.52,98.47,112.47,73.83,65.69,93.2,32.5,12.8,35.52,39.67,130.63,47.93,31.03,96.43,75.88,78.71,58.21,88.15,5.64,372.04,28.16,33.37,53.52,104.79,23.83,101.83,109.87,79.88,96.56,106.67,86.5,42.324,50.293,45.318,93.39335363431748,110.97797784544774,6.9220737642,35.55242619719,0.73726229441,2.05714015249,4429.37629378807,42.31066389597,2572.01864882187,167.12985299016,14384.6700142473,12009.593185805,1266.79411087039,10300000.0,62100000.0,5940000.0,1450.0,767000000.0,3490000.0,637000.0,94000000.0,9170.0,235000.0,5520000.0,29000.791,417181.818,10441.183,156210.96399999998,17310.953,747476.7320000001,27.0,225867.952,16736.999,1769282.644,0.1684449198154532,0.1707450327601836,0.1121691964182415,RUS,0.1707450327601836,0.1684449198154532,1.0136549855421606,0.0811846082072211,0.273083184272582,0.6659102366585657,3.0,0.2248518178443678,0.042967396100991,0.0912352739329184,0.191092055705465,1.0,1.0,165.0,0.2121212121212121,0.2939545454545454,10.0,5.0,0.0,1.0,40.0,3.0,29.0,5.0,4.132978598048535,-0.2041,-0.08,0.153256862745098,326.32,326.32,326.32,15503.862,4.113,,21643.262,6139.398,5700.055,7201.027,1933.588,303.058,321.473,,,,,441130.312,1023080.938,586523.625,100.0,100.0,6056.77,1719.66,28942.801,18752.789,7.677,0.668,0.456,100.0,59438.562,17310.953,29000.791,10441.183,55397.43,93.558,56752.92700000001,62.0,51.0,15.0,22.0,7.0,1.0,0.0,9.0,18087.0,14666.0,11737028.0,12842163.0,6536175.0,2.7026527470231376,2.6872974048105,1.005714046456172,99.1002759,100.9532123,97.3148947,27160773232.686,4.231403384279476,1023.080938
1972,0.0621,0.0406917,0.055,0.0327295,0.0284397,0.00770981,131.151,0.454319,0.0,0.0,0.025,0.0126256,0.0,0.0,0.0,0.0,0.350858,0.203056,-0.0337642,-0.0829645,112.0,,,2.4800000190734863,0.163592045621465,15.15966139828062,385.17,75.34,299.92,62.51,144.91,51.26,121.1,59.89,66.88,39.68,37.31,51.04,15.7,68.42,60.81,66.9,72.97,54.64,86.14,115.46,78.64,67.43,100.15,32.16,12.77,33.58,54.73,130.64,50.56,35.95,104.42,77.56,66.4,46.91,90.35,5.45,342.23,30.39,52.24,47.64,104.45,40.19,104.38,108.66,84.31,105.89,102.99,78.71,46.625,49.613,48.689,95.76084947318697,101.89775924746864,6.83371531437,36.045970889,0.71340984051,2.03571868417,3971.34606875211,38.78696659201,2215.71320959815,218.37537797865,14042.7530426455,11564.3735146899,1418.15237725871,11000000.0,64900000.0,6540000.0,1390.0,757000000.0,3450000.0,611000.0,101000000.0,9380.0,244000.0,5440000.0,30649.971,447831.7890000001,10955.471,167166.43499999997,17251.293,764728.025,18.0,31585.134,6684.110000000001,1800867.7780000002,0.1646049333954513,0.1706923614920662,0.1128619644315873,RUS,0.1706923614920662,0.1646049333954513,1.0369820513337245,0.080396822552735,0.2716265310224182,0.6856535955726477,3.0,0.2227903243418453,0.0420656326016687,0.0917650108511773,0.1888126547952056,1.0,1.0,165.0,0.206060606060606,0.2921948051948052,10.0,5.0,0.0,1.0,34.0,2.0,25.0,5.0,4.816752696520945,-0.0902,0.01,0.267156862745098,327.46,327.45,327.46,16224.579,4.22,,22662.668,6438.088,5691.283,7764.705,2052.349,321.256,346.914,,,,,457354.906,1045743.625,592961.75,100.0,100.0,6183.963,1780.741,30118.918,19536.199,7.833,0.684,0.466,100.0,62703.992,17251.293,30649.971,10955.471,58365.336,93.437,58856.735,63.0,55.0,15.0,26.0,7.0,2.0,0.0,7.0,20058.0,4840.0,219159850.0,31991219.0,23495034.0,2.6116288715706983,2.62411313290579,0.9952424835733864,97.9298836,101.1930825,94.7653954,27882643095.7078,4.428105622270742,1045.743625
1973,0.068425,0.0702667,0.0983,0.0625872,0.00549395,0.00722714,119.796,0.425922,0.00617284,0.0401414,0.00625,0.000262027,0.0,0.0,0.0,0.0,0.318944,0.206356,-0.0603544,-0.109169,117.0,100.173,,3.289999961853028,0.1737665842207565,18.93344440536016,492.63,82.2,456.73,89.64,152.74,55.88,148.98,95.7,106.17,83.58,69.81,105.77,14.0,69.0,66.59,68.26,77.02,56.1,95.32,139.36,86.18,61.04,99.75,36.2,15.25,33.12,86.23,147.25,72.28,59.44,121.69,122.78,118.97,76.75,95.7,10.48,533.13,59.33,64.01,45.2,103.32,81.76,136.6,134.25,110.84,155.07,119.68,86.41,69.472,55.72,58.801,118.1476505501607,94.76029319229264,9.08970239387,37.16822207716,0.67990650141,2.24533205063,5780.36541991601,33.44492456943,1939.69389079517,315.10698494579,15547.8428622754,10920.9172376705,2736.89347234813,12100000.0,70400000.0,6920000.0,1350.0,832000000.0,3490000.0,710000.0,111000000.0,9700.0,238000.0,5710000.0,33445.121,481276.91,11482.695,178649.12999999998,17558.373,782286.398,18.0,32099.529,15851.69,1832967.3070000005,0.1588165809057092,0.1674068262598825,0.113420058156265,RUS,0.1674068262598825,0.1588165809057092,1.054089096397771,0.0781293260481501,0.2674781028793247,0.714157536382196,3.0,0.2183299891413877,0.0418883451674505,0.0951074808971979,0.1918579547050873,1.0,1.0,166.0,0.2108433734939759,0.2909415584415584,8.0,5.0,2.0,1.0,44.0,4.0,29.0,5.0,4.655404573562583,0.0525,0.1617,0.409856862745098,329.68,329.68,329.68,17077.285,4.356,,23331.549,6254.265,5860.898,8219.69,2202.723,340.161,402.186,,,,,474432.188,1069075.125,599215.938,100.0,100.0,6345.583,1838.919,30973.744,20513.975,7.9,0.701,0.477,100.0,66337.648,17558.373,33445.121,11482.695,61791.586,93.493,62486.189,63.0,54.0,20.0,22.0,2.0,3.0,2.0,9.0,110594.0,110003.0,11888984.0,16599336.0,16344731.0,2.776992787849705,2.60089388481317,1.0677070695059074,96.7828407,101.005601,92.6636049,29406413789.5783,4.660831058951965,1069.075125
1974,0.075575,0.07875,0.0387,0.110111,-0.0311101,-0.0282501,113.957,0.414429,0.0,0.0,0.00625,0.0167088,0.0,0.0,0.0,0.0,0.306879,0.205957,-0.068777,-0.146023,118.0,102.025,,11.579999923706056,0.1927789951113469,60.06878455309708,349.28,50.96,307.86,69.87,252.99,68.66,365.39,109.73,142.43,134.5,82.67,109.44,17.21,94.59,78.12,85.07,113.86,57.6,110.49,218.71,135.13,110.45,108.84,129.35,19.57,48.16,127.13,161.27,119.89,73.93,115.89,116.06,143.85,122.56,95.28,10.47,576.67,50.99,181.07,56.51,122.32,51.86,198.09,203.57,130.87,158.38,234.48,104.67,102.41,79.813,71.161,143.91309846685684,112.158345160973,29.15785585233,44.87254770133,0.77045819025,4.59618161772,5468.9247746114,35.54734684688,2031.93586142251,423.07453278261,21743.5699467377,10162.7420423037,3293.26597127134,13200000.0,79600000.0,7100000.0,1250.0,881000000.0,3490000.0,770000.0,123000000.0,9260.0,233000.0,5780000.0,33519.68,514796.59,11725.098,190374.228,17712.754,799999.152,21.0,34145.464,19770.522,1867112.771,0.1525208674452912,0.1676730496151634,0.116782275966294,RUS,0.1676730496151634,0.1525208674452912,1.099344977665481,0.0769106830639248,0.2653489289057283,0.7656806437203324,3.0,0.218498252001614,0.0419206277356664,0.0901773254377637,0.1918579547050874,1.0,1.0,167.0,0.2155688622754491,0.290525974025974,10.0,6.0,1.0,0.0,41.0,6.0,31.0,5.0,5.851820523501623,-0.1687,-0.0708,0.188656862745098,330.19,330.18,330.19,16997.912,4.253,,23310.912,6312.999,5857.693,8099.29,2256.541,340.611,391.389,,,,,491430.094,1092386.125,605529.0,100.0,100.0,6363.316,1852.229,31021.443,20463.146,7.762,0.718,0.487,100.0,66696.508,17712.754,33519.68,11725.098,61586.688,92.717,62957.532,68.0,59.0,17.0,28.0,4.0,0.0,0.0,6.0,87525.0,61196.0,45068613.0,24655931.0,24574022.0,2.748771975279781,2.5402435086374,1.0820899515866638,95.3454341,100.6185497,90.2682746,29619563038.317,4.639168122270743,1092.386125
1975,0.079875,0.05825,0.0537,0.091416,-0.0105744,-0.0303881,112.718,0.446025,0.00617284,0.0182079,0.03125,0.0112273,0.0,0.0,0.0,0.0,0.330517,0.219356,-0.0497293,-0.113059,118.0,102.391,,11.529999732971191,0.2104080586772044,54.79828009182783,268.42,46.05,170.6,88.81,286.52,92.27,345.62,91.32,112.7,81.36,71.22,74.8,18.4,158.48,59.34,74.49,137.87,62.67,107.33,171.85,134.14,81.84,124.81,146.0,24.1,69.77,117.78,135.7,103.09,54.07,105.49,89.15,90.67,72.87,95.59,7.16,436.79,37.1,114.29,54.07,139.29,40.55,177.24,191.28,114.15,120.75,229.0,103.51,85.156,76.09,79.026,107.756940753676,96.28476703869616,24.95643600241,64.20615713823,1.02863813597,4.02387352497,2953.74636834702,41.38474360996,2077.45806635487,385.21102752753,16450.0169531613,10935.4599974384,1782.57407206311,12100000.0,74800000.0,6740000.0,1200.0,888000000.0,3440000.0,802000.0,109000000.0,9430.0,222000.0,5850000.0,31837.768,546634.358,11750.097,202124.325,18767.678,818766.83,25.0,26358.193,11813.916,1893470.964,0.1436189697584298,0.1741993492564525,0.1184132754944956,RUS,0.1741993492564525,0.1436189697584298,1.2129271610112475,0.0765693924861568,0.265276971541744,0.82449606548264,3.0,0.21418845526296,0.0428136192849539,0.0884870540650514,0.1998876140751446,1.0,1.0,167.0,0.2155688622754491,0.2944675324675324,16.0,7.0,2.0,2.0,55.0,2.0,24.0,5.0,5.992978337040579,-0.106,-0.0125,0.251356862745098,331.13,331.11,331.13,16988.477,4.173,,23111.973,6123.497,6018.315,8005.122,2241.266,339.876,336.728,,,,,508418.562,1115498.125,611652.438,100.0,100.0,6448.271,1906.747,31003.484,20498.238,7.616,0.734,0.497,100.0,67157.297,18767.678,31837.768,11750.097,61701.688,92.263,62355.543,59.0,50.0,17.0,25.0,0.0,3.0,0.0,8.0,26858.0,22224.0,51139331.0,17913059.0,17811146.0,2.742180710059686,2.49868942002974,1.0974476011616714,93.5558012,99.7971052,87.6303107,29403639660.639,4.636593067685589,1115.498125
1976,0.0761167,0.0499917,0.0417,0.0577489,0.017365,-0.00733371,115.602,0.447644,0.0123457,0.00168978,0.025,0.0269518,0.00625,0.00123753,0.00854701,0.00142414,0.339575,0.220212,-0.0473725,-0.118979,122.0,106.439,,12.800000190734863,0.2226229829714986,57.49631066785943,302.36,62.8,291.67,73.19,275.3,115.01,343.44,81.68,100.04,52.88,70.48,62.9,19.41,128.41,60.77,75.57,151.98,64.46,100.51,181.62,121.53,90.73,137.48,73.65,15.55,67.14,86.32,120.58,96.09,83.94,217.65,120.45,85.73,64.52,92.23,9.34,562.94,36.88,61.05,53.14,156.35,46.49,173.27,190.8,119.39,116.97,224.85,96.69,83.11,81.408,78.652,105.66800589940496,103.50404312668464,27.48371653598,64.18381201824,1.37261036379,4.10037503163,3310.21629913642,53.69131844825,2103.06351734006,294.96156051422,17925.9565681089,11752.2623644217,1681.20153166326,12600000.0,77400000.0,7260000.0,1210.0,886000000.0,3690000.0,792000.0,109000000.0,9840.0,218000.0,5690000.0,34590.738,581225.096,12256.773,214381.098,19299.518,838066.348,21.0,59579.365,16546.465,1953050.329,0.1421437101568034,0.1756332374528684,0.1173919048374009,RUS,0.1756332374528684,0.1421437101568034,1.235603300765976,0.0763037610715034,0.2648504977252515,0.8258677412310549,3.0,0.2126889476501124,0.0420487962217905,0.0893740845981602,0.1977008993009059,1.0,1.0,168.0,0.2202380952380952,0.2959025974025974,11.0,5.0,2.0,1.0,55.0,2.0,25.0,5.0,5.59139938376767,-0.2108,-0.0975,0.146556862745098,332.03,332.04,332.03,17862.492,4.31,,23922.773,6060.281,6226.34,8475.642,2359.009,356.053,395.431,,,,,526281.062,1139420.875,617712.75,100.0,100.0,6544.579,1955.474,31968.012,21468.15,7.714,0.75,0.508,100.0,70744.766,19299.518,34590.738,12256.773,65115.391,92.413,66147.029,88.0,59.0,16.0,30.0,6.0,0.0,1.0,26.0,280480.0,3038.0,24405364.0,76012429.0,18782514.0,2.7396242913574618,2.46540453081511,1.1112270855005242,91.4892185,98.4079385,84.93377989999999,30446463952.2529,4.875134279475982,1139.420875
1977,0.0741917,0.0526417,0.0653,0.0646956,0.00891909,-0.0113214,113.628,0.43577,0.0,0.0,0.00625,0.015387,0.00625,1.02612e-07,0.0042735,0.014587,0.352692,0.237494,-0.0277422,-0.113585,122.0,106.104,,13.920000076293944,0.2372035058101413,58.68378727688608,270.66,64.94,456.68,65.8,264.81,147.16,347.86,65.86,77.88,53.39,55.22,49.44,21.07,119.43,54.59,94.35,155.66,61.05,105.77,240.15,105.21,90.61,142.87,119.31,14.55,61.28,95.98,112.34,96.09,146.09,335.87,105.46,56.67,79.02,90.98,9.24,532.01,41.99,40.27,82.19,151.4,43.96,172.51,192.84,126.79,110.52,229.31,102.26,93.125,87.752,86.517,107.63780528682226,101.42746512246148,27.4691084935,62.69584823163,1.727066901,3.91677481432,2861.13772997592,50.41286422406,2500.59686718984,322.94147068079,23620.2632639071,11189.134485811,1289.10605395158,13800000.0,81900000.0,7420000.0,1210.0,844000000.0,3410000.0,828000.0,121000000.0,10300.0,231000.0,5920000.0,35798.867,617023.963,12774.155,227155.253,19885.986,857952.334,19.0,47861.903,41694.123,2000912.232,0.1415664816954718,0.1732378777151259,0.1180830774916454,RUS,0.1732378777151259,0.1415664816954718,1.2237210082523875,0.0752215805116647,0.2628635009233923,0.8341174837251217,3.0,0.2138454177289337,0.0427878167607209,0.0884337254888895,0.2000876016663492,1.0,1.0,171.0,0.2105263157894736,0.299948051948052,10.0,4.0,0.0,1.0,74.0,5.0,34.0,5.0,5.855840634559162,0.1051,0.1783,0.462456862745098,333.84,333.83,333.84,18358.039,4.352,,24978.129,6620.091,6375.023,8767.405,2411.72,372.71,381.487,,,,,544639.062,1164399.0,624332.812,100.0,100.0,6627.559,2001.852,33141.996,22017.164,7.858,0.767,0.519,100.0,73306.172,19885.986,35798.867,12774.155,67221.594,92.075,68459.008,138.0,97.0,47.0,29.0,16.0,1.0,1.0,19.0,22406.0,17909.0,27991798.0,50768802.0,40188659.0,2.7189060092674486,2.42568257185454,1.1208828561557116,88.5352412,95.6108932,81.8530892,31345048084.215,5.010381823144105,1164.399
1978,0.0841,0.0722333,0.1084,0.0762991,0.00724785,-0.00377759,104.227,0.425222,0.0,0.0,0.025,0.0140564,0.01875,0.0119507,0.0042735,0.0155436,0.370037,0.260065,-0.0242504,-0.082221,120.0,97.1267,,14.020000457763672,0.2550288748649928,54.97416896492829,357.02,77.65,512.4,71.84,270.59,157.54,322.8,70.25,76.34,67.99,49.57,57.22,20.27,102.52,50.5,96.11,155.12,51.06,108.61,262.83,88.05,87.53,147.11,56.13,14.44,57.98,116.68,171.88,104.37,121.9,216.79,96.69,84.55,83.18,84.95,10.39,520.0,37.37,36.04,55.08,141.58,42.35,173.54,191.63,126.51,123.88,219.04,102.53,93.627,91.149,98.876,94.69133055544316,92.18516121202312,24.29875736789,54.66497541518,1.70404833928,4.33091914856,2567.5164398153,40.35161384836,2492.43455021185,363.52038385606,24220.7661950521,8670.89399210061,1117.27254039343,14100000.0,81000000.0,7280000.0,1210.0,833000000.0,3460000.0,658000.0,127000000.0,10700.0,241000.0,5850000.0,36124.168,653148.1309999999,13206.601,240361.854,20194.787,878147.121,24.0,32426.661,19759.405,2033338.893,0.1394021536121667,0.1705187786511068,0.1207535308917402,RUS,0.1705187786511068,0.1394021536121667,1.2232148086141494,0.0741979730517164,0.2610497642433939,0.8662242853700156,3.0,0.2136140908572959,0.0444413824864352,0.0870228800659926,0.2080451823570204,1.0,1.0,172.0,0.2209302325581395,0.3055454545454545,11.0,7.0,2.0,0.0,47.0,8.0,37.0,5.0,6.625385527093194,0.0055,0.0667,0.362856862745098,335.41,335.4,335.41,19024.742,4.433,,25588.641,6563.897,6510.128,9133.723,2541.737,397.889,390.189,,,,,563663.875,1189987.625,630896.75,100.0,100.0,6657.352,2040.121,33813.844,22732.695,7.878,0.784,0.53,100.0,76179.039,20194.787,36124.168,13206.601,69471.414,91.587,69525.556,132.0,98.0,47.0,38.0,9.0,1.0,1.0,11.0,38096.0,9874.0,54882154.0,28954791.0,22812489.0,2.773840034820431,2.40777297620088,1.1520355375020248,85.68404670000001,92.7871614,78.98626130000001,32680936694.734,5.192342248908297,1189.987625
1979,0.094425,0.100425,0.1477,0.11253,-0.016274,-0.0108809,105.272,0.412283,0.00617284,0.00283282,0.025,0.00809072,0.0125,0.000682652,0.0042735,0.018631,0.365542,0.259301,-0.026798,-0.104022,119.0,95.594,,31.61000061035156,0.2839738698648504,111.31306068898336,432.76,107.35,583.89,55.5,293.35,183.59,433.67,74.95,77.95,55.35,46.12,64.59,20.38,117.38,63.92,135.14,154.16,59.75,97.61,267.21,95.28,76.27,147.01,57.22,16.81,64.33,166.42,262.42,192.13,106.0,207.65,92.34,77.85,81.41,74.54,11.95,816.22,37.27,40.03,52.87,131.53,43.67,206.03,230.98,147.04,136.4,269.84,97.66,113.25,121.1,114.61,98.81336707093622,105.66268213942938,52.21804152348,52.09226580556,1.98992792653,5.496735035,3347.89915159254,39.62992057075,2703.04427429802,517.15781560133,26050.1942669779,10094.66827815,1250.73153574361,14600000.0,85500000.0,7350000.0,1210.0,898000000.0,3510000.0,686000.0,134000000.0,10800.0,245000.0,5990000.0,37653.043,690801.1739999999,14097.017,254458.871,21380.146,899527.267,28.0,89007.647,54751.376,2122346.54,0.1369853120178151,0.1670439481023956,0.1196475932554806,RUS,0.1670439481023956,0.1369853120178151,1.219429628197447,0.0723772976503976,0.2576676833725831,0.8734337389392544,3.0,0.215023616561941,0.0455016171266026,0.0852636198099435,0.2116121840667449,1.0,1.0,173.0,0.2254335260115607,0.3145064935064935,7.0,5.0,1.0,0.0,55.0,5.0,39.0,5.0,7.049517114452134,0.0881,0.1633,0.445456862745098,336.84,336.84,336.84,19508.59,4.466,,25364.418,5855.829,6799.882,9224.317,2668.065,403.703,360.159,,,,,583172.438,1215352.0,636752.562,100.0,100.0,6825.825,2098.113,33813.141,23333.852,7.74,0.801,0.541,100.0,78698.641,21380.146,37653.043,14097.017,71666.602,91.462,73130.206,115.0,85.0,34.0,30.0,9.0,4.0,1.0,26.0,7297.0,4469.0,61733267.0,18947910.0,16730504.0,2.814032368205749,2.36136095004641,1.1916993749517382,83.34747999999999,90.6706792,76.50850630000001,33469109497.41,5.324396834061136,1215.352
1980,0.1146,0.11615,0.22,0.135017,-0.0179884,-0.0166228,96.3065,0.418655,0.0185185,0.0300948,0.025,0.00448483,0.01875,0.00068684,0.017094,0.0384257,0.370583,0.29679,-0.019568,-0.130937,124.0,95.35,,36.83000183105469,0.3223064308120329,114.27014266598272,364.83,59.37,587.5,47.69,276.01,217.92,602.33,79.16,79.68,63.97,52.07,61.27,20.97,112.57,62.48,95.94,150.9,55.96,99.42,279.6,84.18,66.66,145.06,63.46,20.63,90.48,290.58,354.53,317.24,73.83,165.71,98.23,70.36,64.02,80.0,11.88,826.73,32.66,104.59,51.34,112.47,40.06,244.78,277.88,155.58,133.24,346.97,101.75,138.83,144.72,125.47,110.647963656651,115.3423129034829,56.52604756317,61.54270644212,2.4364620645,6.4699758231,3345.51666519448,43.06673480352,2721.24245842062,931.95887726587,25718.7416118448,9994.2345138968,1167.07427238718,15400000.0,89200000.0,7200000.0,1220.0,884000000.0,3520000.0,779000.0,147000000.0,10700.0,245000.0,5950000.0,35949.586,726750.7599999999,14283.338,268742.209,20968.074,920495.341,17.0,13558.987,6600.0,2135905.527,0.1328445838308905,0.1683505780173192,0.1192562221302706,RUS,0.1683505780173192,0.1328445838308905,1.2672746841649738,0.0714465789259607,0.2558435297075637,0.897712339421246,3.0,0.2121613943153124,0.047056418666778,0.0844658473233633,0.2217953875097707,1.0,1.0,173.0,0.2312138728323699,0.3224350649350649,10.0,9.0,3.0,2.0,59.0,6.0,33.0,5.0,8.319555592264601,0.1915,0.2542,0.548856862745098,338.76,338.75,338.76,19409.793,4.364,0.607,25411.107,6001.314,6984.99,8912.474,2741.514,406.156,316.456,,,,,602582.25,1240763.125,642753.875,100.0,100.0,6785.667,2117.527,33850.023,23138.926,7.611,0.818,0.552,100.0,78010.562,20968.074,35949.586,14283.338,70683.391,91.017,71200.998,124.0,96.0,39.0,36.0,13.0,3.0,1.0,20.0,22998.0,13534.0,75466559.0,121158636.0,23811866.0,2.5965258448813344,2.32082858145598,1.1187926008961828,81.5080934,89.2105091,74.388272,33276578288.843,5.297432587336245,1240.763125
1981,0.139108,0.140775,0.1313,0.103783,0.0320038,0.0335137,106.174,0.410501,0.0308642,0.0365307,0.0625,0.0556499,0.0375,0.0066526,0.025641,0.0565789,0.394054,0.326085,-0.0098174,-0.107532,128.0,104.758,,35.93000030517578,0.3555540602026324,101.05355085721438,296.32,48.87,507.15,51.71,270.12,245.86,587.85,73.09,72.11,64.76,53.6,50.98,13.52,113.18,45.15,69.68,139.43,46.3,94.25,213.93,84.77,67.56,142.85,63.01,19.33,102.12,199.11,211.65,145.37,53.43,124.24,80.76,45.53,56.71,73.7,8.49,592.12,28.81,56.12,41.21,103.95,33.05,229.25,262.25,128.38,111.35,337.28,93.32,117.94,124.21,119.1,99.02602854743913,104.29051217464315,54.34246527183,82.11478134613,3.03731784788,7.04453551272,2667.65839921454,43.01760925052,1933.77137830719,704.07707700119,21683.5780199079,9116.67542431802,1295.04596876821,15100000.0,85300000.0,7690000.0,1280.0,843000000.0,3350000.0,726000.0,145000000.0,11200.0,238000.0,5950000.0,33858.336,760609.0959999999,14530.98,283273.18899999995,21445.23,941940.571,13.0,15794.51,5781.578,2151700.037,0.1375499172764737,0.1689316353243503,0.1194722231103695,RUS,0.1689316353243503,0.1375499172764737,1.2281478511164758,0.0724791922779879,0.2580868214748438,0.8685735729686536,3.0,0.2128055539981785,0.0482009560895401,0.0842154887930306,0.2265023406764689,1.0,1.0,174.0,0.2298850574712643,0.3234740259740259,11.0,3.0,1.0,1.0,46.0,4.0,35.0,5.0,7.627283096485224,0.247,0.3208,0.604356862745098,340.12,340.11,340.12,18879.756,4.169,,24716.338,5836.581,6942.941,8483.404,2763.373,406.189,237.177,,,,,621461.938,1265479.5,648590.438,100.0,100.0,6610.78,2069.155,32964.98,22477.447,7.279,0.834,0.563,100.0,77654.789,21445.23,33858.336,14530.98,69843.836,90.366,69834.546,130.0,109.0,41.0,47.0,9.0,2.0,2.0,16.0,119439.0,112771.0,32022205.0,46040831.0,39588224.0,2.565989453998597,2.29896208010124,1.1161512737459325,79.8368748,87.8251131,72.51910620000001,33274078140.196,5.152771834061136,1265.4795
1982,0.130017,0.10725,0.112,0.0615836,0.0644632,0.0430173,118.762,0.459193,0.0432099,0.0454498,0.03125,0.051916,0.0625,0.044762,0.042735,0.0464236,0.422526,0.36291,0.0030921,-0.0590506,131.0,115.752,,32.970001220703125,0.3774583807430268,87.34738159953338,269.66,42.57,415.44,71.46,259.7,287.83,505.21,55.04,52.57,36.23,40.41,41.19,10.0,102.13,36.17,49.37,161.76,35.45,90.27,182.53,70.33,73.33,138.91,52.1,13.76,93.63,153.36,146.31,103.23,42.02,126.01,64.96,40.88,41.68,45.7,6.11,528.67,23.02,26.24,40.76,108.17,27.27,200.85,233.88,112.18,94.74,298.07,87.44,96.784,110.54,115.73,83.62913678389354,95.51542383133156,51.53147498344,86.4468666029,3.89083902271,7.02402987872,2336.77898884761,51.29909461988,1565.12222323855,593.17011572828,20244.6747007897,7635.65977634515,1175.59109809159,13400000.0,79300000.0,7580000.0,1340.0,783000000.0,3450000.0,621000.0,129000000.0,11500.0,219000.0,6130000.0,32518.732,793127.8279999999,14597.483,297870.672,22204.41,964144.981,13.0,27781.718,11666.464,2179481.755,0.1293058103575932,0.171117052864752,0.1185830656982823,RUS,0.171117052864752,0.1293058103575932,1.323351614220045,0.0710918189413198,0.2553676824471272,0.9170745333898196,3.0,0.2080987720694964,0.0521441934865006,0.0853715436473863,0.2505742487951187,1.0,1.0,175.0,0.2342857142857143,0.3249675324675324,7.0,3.0,1.0,0.0,58.0,4.0,32.0,5.0,7.568720583663293,0.031,0.1383,0.388356862745098,341.48,341.45,341.48,18729.742,4.06,,24261.297,5531.553,7066.997,8276.258,2701.499,404.047,235.583,,,,,640191.688,1289740.75,654122.0,100.0,100.0,6683.251,2127.098,32682.762,22398.619,7.085,0.85,0.574,100.0,77277.594,22204.41,32518.732,14597.483,69135.172,89.9,69320.625,153.0,127.0,48.0,51.0,11.0,3.0,2.0,19.0,14036.0,8765.0,151214748.0,36240224.0,28870704.0,2.474373963345475,2.27466321735515,1.0877979405771272,77.2813851,85.3322953,69.9519295,33275441916.764,5.111829148471616,1289.74075
1983,0.11105,0.0862,0.0992,0.0315953,0.0770212,0.0529323,124.326,0.48931,0.0432099,0.0117163,0.08125,0.0491671,0.05625,0.0451366,0.0683761,0.0378645,0.464993,0.404245,0.0169599,-0.0590859,131.0,120.455,,29.549999237060547,0.3895839867564431,75.85013820276542,266.76,48.27,325.58,55.92,243.48,293.6,454.35,59.33,67.2,33.08,35.4,41.34,14.06,94.72,37.66,37.28,128.15,33.18,102.79,179.02,69.94,62.55,161.02,46.77,11.92,73.24,167.06,182.79,144.11,49.72,115.12,73.05,79.22,45.49,51.66,7.34,481.62,25.68,25.57,53.66,108.59,24.69,188.04,222.12,109.81,89.63,278.22,97.66,102.78,118.37,110.49,93.0219929405376,107.1318671372975,48.08806431077,61.91842712632,4.20356195941,6.56679881798,2581.19782921292,47.02152240035,2332.32155878418,685.10358137308,21059.1022604016,7576.62654732236,1239.31437774712,13900000.0,78700000.0,7610000.0,1400.0,728000000.0,3350000.0,673000.0,143000000.0,12100.0,197000.0,6280000.0,32122.473,825250.3009999999,14728.053,312598.725,22137.172,986282.153,6.0,3974.666,3374.333,2183456.421,0.1326521584306681,0.1717996716281895,0.1187828819891688,RUS,0.1717996716281895,0.1326521584306681,1.2951140310165568,0.0719599008729338,0.2571442604643253,0.8954462814206807,3.0,0.2116441697955984,0.0542664634516986,0.0859620930114894,0.2564042444642254,1.0,1.0,175.0,0.2285714285714285,0.3277792207792207,7.0,5.0,0.0,1.0,75.0,8.0,34.0,5.0,7.255886444089972,0.2208,0.3133,0.578156862745098,343.15,343.05,343.15,18901.775,4.024,,24741.631,5839.854,7269.239,8214.693,2743.12,413.275,212.848,,,,,659093.5,1314482.375,659961.875,100.0,100.0,6684.616,2165.249,33217.363,22615.838,7.072,0.866,0.585,100.0,78599.125,22137.172,32122.473,14728.053,69852.227,89.322,68987.698,202.0,159.0,48.0,55.0,27.0,2.0,11.0,36.0,461724.0,457754.0,106278497.0,51856167.0,48195565.0,2.3716334464085262,2.22656610481107,1.0651529461820155,74.5181848,82.54593489999999,67.2454963,33828647137.807,5.158781386462882,1314.482375
1984,0.124383,0.0957333,0.0874,0.043682,0.0773236,0.0498728,131.987,0.505839,0.0123457,0.335245,0.0625,0.0173694,0.025,0.00614352,0.0470085,0.0324585,0.480205,0.430296,0.0111146,-0.0602018,134.0,128.685,,28.780000686645508,0.4064033757429935,70.81634259073125,238.24,60.35,311.46,52.13,229.8,289.06,420.69,63.16,62.82,28.71,27.99,40.47,11.73,101.29,31.22,37.13,136.42,32.35,107.44,161.61,80.86,62.26,133.02,37.25,12.92,75.93,136.63,148.11,98.46,53.87,120.87,67.42,47.35,63.39,42.91,6.33,525.57,24.66,15.05,67.25,109.18,23.32,176.67,210.47,104.68,84.01,261.58,97.48,103.54,112.81,108.61,95.3319215541847,103.86704723321978,47.34600675458,51.32639270054,4.40177354358,6.23377345531,2283.47874367683,43.35456804691,2074.59483217228,597.6423060471,20282.1318131495,7878.77397937335,1528.49030343092,15700000.0,87200000.0,7810000.0,1460.0,823000000.0,3200000.0,773000.0,154000000.0,13100.0,188000.0,6520000.0,32752.219,858002.5199999999,15988.612,328587.337,23105.615,1009387.768,14.0,12524.969,5919.827,2195981.39,0.1355497004332164,0.1697466442950597,0.1160554771748197,RUS,0.1697466442950597,0.1355497004332164,1.2522834336966433,0.0714218713172107,0.2561606097996788,0.8561839443680563,3.0,0.2165050903847382,0.0585929310837134,0.0863677255661363,0.2706307319591954,1.0,1.0,175.0,0.24,0.3339285714285714,5.0,2.0,2.0,0.0,89.0,6.0,34.0,5.0,7.465707025222297,0.046,0.1533,0.403356862745098,344.87,344.65,344.87,19457.25,4.069,,25882.049,6424.799,7586.115,8238.706,2972.027,421.117,186.753,,,,,678550.75,1340364.375,666386.688,100.0,100.0,6767.443,2177.692,34452.648,23246.703,7.204,0.882,0.597,100.0,82129.477,23105.615,32752.219,15988.612,72534.719,88.772,71846.446,151.0,119.0,46.0,53.0,6.0,1.0,7.0,20.0,15726.0,8613.0,66250550.0,28616467.0,28383283.0,2.5273108849868087,2.2173944117852,1.1397660567531145,71.8320243,79.8806095,64.54340309999999,35424287151.361,5.310384825327511,1340.364375
1985,0.106233,0.0748917,0.0775,0.035279,0.0685364,0.0382628,136.655,0.554455,0.037037,0.0305532,0.0625,0.0215205,0.025,0.0081399,0.0425532,0.0257982,0.515461,0.477175,0.0194755,-0.025025,134.0,133.554,,27.559999465942383,0.4208758732429813,65.48248834884237,218.01,50.66,286.54,50.02,222.98,263.38,383.89,45.57,49.4,23.48,30.65,35.86,9.41,103.07,31.03,31.69,128.54,32.2,113.24,147.23,66.35,58.5,124.26,39.16,12.34,82.41,116.35,116.91,71.39,48.95,118.25,48.09,28.29,42.04,33.47,4.85,394.1,18.94,11.34,41.44,98.82,21.51,162.17,195.28,91.78,72.29,244.52,99.82,91.268,105.59,109.59,83.28132128843873,96.35003193722056,45.54267407263,56.54439913984,4.2066240644,6.11517205512,2374.66930175288,44.49834788605,1743.61984577221,532.61892057924,19332.3904501116,8207.803478599,1312.57002378616,15400000.0,84200000.0,7990000.0,1530.0,845000000.0,3390000.0,813000.0,151000000.0,13100.0,181000.0,6760000.0,32465.682,890468.2019999999,16410.34,344997.677,24276.461,1033664.229,11.0,15686.829,10257.001,2211668.219,0.1372445998874867,0.1755607455304052,0.1134679317206822,RUS,0.1755607455304052,0.1372445998874867,1.2791814444745375,0.0732963280974853,0.2598161468194281,0.8267569858027449,3.0,0.2184793112544359,0.0616634470297182,0.0845794496121553,0.2822392961405232,1.0,1.0,174.0,0.2471264367816092,0.3419415584415585,8.0,3.0,1.0,0.0,71.0,4.0,31.0,5.0,7.648585852873349,0.046,0.1167,0.403356862745098,346.35,346.12,346.35,20144.863,4.137,,26932.607,6787.743,8144.824,8247.613,3089.7,425.741,181.449,,,,,698695.625,1367297.0,673174.375,100.0,100.0,6857.225,2176.914,35584.656,23965.072,7.308,0.899,0.609,100.0,84332.883,24276.461,32465.682,16410.34,73943.641,88.141,73152.483,171.0,135.0,57.0,49.0,3.0,8.0,12.0,21.0,60231.0,22425.0,27998412.0,47484370.0,28766033.0,2.573444642455037,2.18821523486319,1.1760473108194645,69.7531144,77.9047038,62.4385823,36547551889.287,5.498052128820961,1367.297
1986,0.076825,0.059725,0.05875,0.0194393,0.0562915,0.0395175,114.746,0.588842,0.00617284,0.000267024,0.01875,0.00109667,0.01875,0.000484178,0.0170213,0.00517677,0.560426,0.495536,0.016877,-0.0321625,136.0,109.772,,14.43000030517578,0.4286988448644773,33.65999343837157,207.87,62.16,311.66,53.97,205.12,199.85,204.76,36.17,37.02,21.8,22.09,32.39,10.21,90.19,29.44,32.31,120.09,25.09,111.17,77.18,62.69,54.46,108.09,38.44,10.62,80.15,132.12,182.48,62.34,44.12,154.25,37.83,34.66,21.19,48.32,5.06,440.44,17.27,16.6,38.59,98.78,22.84,117.67,141.47,85.76,72.74,158.84,96.72,88.358,105.34,130.3,67.81120491174212,80.84420567920183,20.90292416997,45.33822402721,2.81861730097,5.31677165299,2001.1187459536,38.25162290617,1675.05255089891,535.60162254879,8974.95332520837,5653.60977307858,1098.36248002088,15400000.0,88200000.0,7940000.0,1610.0,855000000.0,3240000.0,852000.0,141000000.0,13000.0,173000.0,6840000.0,34069.391,924537.593,16834.781,361832.458,24852.248,1058516.477,4.0,7628.941000000001,5800.608,2219297.16,0.135187999553206,0.1744090573746927,0.1138800825606014,RUS,0.1744090573746927,0.135187999553206,1.2901223329815634,0.0724948294852889,0.2582594086757964,0.8423830734752579,3.0,0.2181832854886287,0.0649966330076237,0.0832905809267893,0.2978992311994095,1.0,1.0,175.0,0.2514285714285714,0.3473896103896103,4.0,2.0,1.0,0.0,89.0,6.0,35.0,5.0,8.641403283850796,0.0923,0.1792,0.449656862745098,347.61,347.42,347.61,20438.045,4.122,,27381.361,6943.316,8261.466,8490.594,3014.606,441.784,169.67,,,,,719133.688,1394678.375,680117.75,100.0,100.0,6942.08,2184.726,36097.883,24304.691,7.281,0.915,0.621,100.0,86200.781,24852.248,34069.391,16834.781,75395.406,87.925,75756.42,168.0,121.0,49.0,53.0,3.0,2.0,5.0,23.0,10349.0,4376.0,32401807.0,39201584.0,30836212.0,2.5504110467305225,2.15390963795259,1.1840845139422047,68.12566559999999,76.37934010000001,60.78744699999999,37851441974.295,5.57806905021834,1394.678375
1987,0.0838417,0.0582583,0.068125,0.0357821,0.0463993,0.0216997,103.293,0.606263,0.0493827,0.0108469,0.0375,0.0266569,0.00625,0.00361311,0.0255319,0.00277917,0.572911,0.535862,0.0203392,-0.0397146,135.0,97.1558,,18.435039520263672,0.444344788107734,41.48814167207917,228.71,74.87,319.77,49.87,193.43,165.98,250.92,40.36,30.15,24.24,23.31,29.59,13.41,84.19,36.93,45.82,121.76,30.33,76.19,80.85,64.02,44.52,90.25,35.18,9.45,66.13,154.77,210.39,77.52,41.01,86.85,56.95,35.37,27.25,35.59,5.96,618.72,17.25,17.89,37.05,98.4,27.57,124.84,145.58,89.97,78.97,166.86,71.91,95.215,108.047,142.9,66.63051084674598,75.61021693491952,24.12040350579,36.55445766664,2.20988312257,3.44276528569,2369.39791414476,33.63010105331,2080.76059327645,593.47491274799,8859.24974322021,6476.40865034083,1061.7962241321,16500000.0,91600000.0,8240000.0,1660.0,869000000.0,3430000.0,891000.0,147000000.0,14000.0,180000.0,7190000.0,34148.086,958685.679,17678.574,379511.03200000006,25321.213,1083837.69,6.0,15691.151,4021.541,2234988.311,0.1336434867982648,0.1726822485660423,0.111261612244575,RUS,0.1726822485660423,0.1336434867982648,1.292111218459203,0.0710550060007758,0.2554390334077403,0.8325255117933639,3.0,0.2191164117093785,0.0667933249001513,0.0803669601973023,0.3048303154431972,1.0,1.0,175.0,0.2514285714285714,0.3519415584415584,9.0,4.0,1.0,1.0,121.0,10.0,34.0,5.0,9.052418109212931,0.2382,0.3208,0.595556862745098,349.31,349.19,349.31,21106.189,4.18,,27604.137,6497.945,8549.229,8579.333,3281.567,458.382,163.009,,,,,740239.875,1422282.625,686615.688,100.0,100.0,7003.95,2231.983,36294.992,24910.322,7.187,0.932,0.633,100.0,89321.43,25321.213,34148.086,17678.574,78018.578,87.802,77147.87299999999,222.0,164.0,66.0,57.0,15.0,5.0,7.0,18.0,21524.0,13650.0,374242515.0,39629497.0,34433477.0,2.556157997535481,2.12251271645102,1.2043075067222893,66.322487,74.5704139,59.04727870000001,39313507088.214,5.760422762008734,1422.282625
1988,0.08845,0.0667167,0.086875,0.0410004,0.0455807,0.0247034,97.6627,0.612964,0.037037,0.00162643,0.03125,0.00655842,0.0125,0.000690031,0.0510638,0.248562,0.559698,0.503588,0.00541427,-0.084596,136.0,90.4271,,14.92384147644043,0.4627287714194427,32.251812288786,231.7,78.93,341.4,31.38,182.26,161.3,200.81,49.56,42.57,30.09,34.61,35.67,20.95,129.02,51.77,48.37,144.51,82.37,73.72,81.83,95.54,43.85,82.86,31.26,11.71,60.82,145.49,192.8,69.34,31.29,101.0,46.43,46.11,33.39,42.16,6.88,591.45,23.3,25.91,34.0,84.93,30.35,112.63,131.61,92.47,79.3,143.18,72.01,116.574,155.777,153.3,76.04305283757338,101.61578604044357,18.37158451222,43.53217770142,2.09911432739,2.94583338711,3247.49629574441,30.33209801131,3183.56692634532,545.5388017427,8802.09190973282,17198.5700232197,1549.69351640034,18500000.0,97400000.0,8720000.0,1870.0,967000000.0,3420000.0,952000.0,166000000.0,15500.0,205000.0,6770000.0,35607.57,994293.2489999998,18457.764,397968.7960000001,25936.246,1109773.936,6.0,33140.558000000005,7769.557000000001,2268128.8690000004,0.1343863356445334,0.1705516644421204,0.1128285455197387,RUS,0.1705516644421204,0.1343863356445334,1.269114628538189,0.0710025809199848,0.2553357535691677,0.8395834664186589,3.0,0.2213900241304424,0.0672842351042824,0.076395665565813,0.3039171948625778,1.0,1.0,175.0,0.2685714285714285,0.3595714285714286,6.0,3.0,3.0,0.0,52.0,6.0,35.0,5.0,8.375439946665718,0.2776,0.3875,0.6349568627450981,351.69,351.57,351.69,21918.756,4.263,,28075.438,6156.68,8836.429,8889.34,3435.978,481.928,185.629,,,,,762158.562,1450358.0,692772.312,100.0,100.0,7115.852,2229.207,36855.246,25811.611,7.168,0.949,0.645,100.0,92666.555,25936.246,35607.57,18457.764,80713.859,87.56,80001.58,230.0,171.0,75.0,60.0,15.0,6.0,0.0,22.0,57454.0,15035.0,206532826.0,67801488.0,30697489.0,2.6166806919566947,2.07529136578485,1.2608738874442809,64.5467006,72.7827188,57.360105100000006,40808619339.025,5.982193231441048,1450.358
1989,0.08503,0.0811417,0.0825,0.0479109,0.035422,0.0317114,100.992,0.615702,0.0308642,0.0198256,0.05,0.00444414,0.03125,0.00543278,0.0508475,0.00644654,0.541097,0.509986,0.0057986,-0.0636612,136.0,94.2936,,18.226112365722656,0.4850242405403102,37.57773497138828,225.61,77.33,313.38,24.69,172.24,153.88,235.13,50.51,41.69,30.95,26.99,39.0,15.31,145.36,54.09,47.35,171.97,75.93,79.92,94.49,121.72,46.91,87.43,29.26,12.65,58.43,121.14,176.76,55.79,23.38,75.82,52.99,46.74,25.54,35.14,5.38,535.41,20.14,31.03,37.51,104.0,26.11,119.5,140.04,90.6,75.94,159.41,76.68,118.705,151.529,152.925,77.62301781919241,99.087134216119,22.40133920434,47.71882907432,2.13060385955,2.62453559909,3576.9155243051,34.94776350364,2450.30745675792,478.98611855792,10717.1885652511,16711.8560030575,2083.01060633821,19000000.0,103000000.0,9040000.0,2010.0,999000000.0,3400000.0,987000.0,163000000.0,16400.0,233000.0,6820000.0,36037.48,1030330.7289999998,19096.994,417065.7900000001,26394.402,1136168.338,11.0,13159.215,6252.383,2281288.0840000003,0.1481329839952729,0.1367228138515124,0.1143841199641672,USA,0.1481329839952729,0.1367228138515124,1.0834547638564,0.0655208655816958,0.2442956630633901,0.7721718477487588,3.0,0.2198814918596311,0.0666922482382374,0.0697619496971445,0.3033099679022222,1.0,1.0,177.0,0.2655367231638418,0.3645096774193548,10.0,3.0,0.0,0.0,42.0,4.0,38.0,5.0,8.797077210076148,0.1749,0.2708,0.5322568627450981,353.2,353.12,353.2,22200.213,4.241,,28181.033,5980.82,8827.798,9037.386,3604.958,492.073,150.973,,,,,784358.812,1478539.0,698753.125,100.0,100.0,7274.316,2249.944,37119.141,26165.598,7.091,0.966,0.658,100.0,94454.031,26394.402,36037.48,19096.994,82335.383,87.621,81528.87599999999,187.0,147.0,46.0,72.0,7.0,5.0,2.0,23.0,12628.0,10053.0,172735508.0,67413082.0,50525119.0,2.645711577012022,2.06228328235603,1.282904050887452,63.5743437,71.8383787,56.4036784,41656739954.856,6.059010098253275,1478.539
1990,0.085613,0.0751,0.07,0.0541922,0.0298056,0.019833,96.2975,0.631423,0.0679012,0.325507,0.0625,0.00409402,0.05,0.0143232,0.0720339,0.0232662,0.509026,0.523012,0.0184287,-0.0737077,143.0,89.9118,,23.72582054138184,0.5112311954728884,46.40917993948995,213.56,75.17,342.01,36.83,163.59,147.72,278.81,50.98,39.84,26.59,25.98,29.62,12.21,99.2,47.96,54.07,184.92,47.96,79.03,63.92,105.83,45.17,81.89,28.02,11.55,51.27,115.54,155.18,46.45,22.64,59.43,54.63,43.23,20.03,54.05,4.55,472.26,17.15,28.88,40.12,105.67,20.17,127.46,148.17,85.8,73.55,176.85,73.86,113.918,135.879,166.647,68.35886634622887,81.5370213685215,27.67450646328,47.98056848123,2.05429408749,3.41105554077,3219.31369797119,39.31181031026,1983.06310320296,463.83904185557,7360.84416200579,10721.9636237272,1830.67036653769,19300000.0,113000000.0,9200000.0,2180.0,982000000.0,3370000.0,974000.0,162000000.0,16600.0,221000.0,7150000.0,36726.777,1067057.5059999998,19697.164,436762.9540000001,26344.895,1162513.233,12.0,21087.2,4048.333,2302375.2840000005,0.1402358882967451,0.1285990999050104,0.1110546598550508,USA,0.1402358882967451,0.1285990999050104,1.0904888790071643,0.0624032318772208,0.2379403234134404,0.791913262745228,3.0,0.2211690820735594,0.0645814673337564,0.0622356188553656,0.2920004312007636,1.0,1.0,188.0,0.324468085106383,0.4095178571428571,5.0,0.0,11.0,1.0,40.0,4.0,47.0,5.0,9.529724555041152,0.355,0.4467,0.712356862745098,354.45,354.39,354.45,22732.145,4.267,0.528,28561.215,5829.07,8659.787,9196.439,3790.182,492.522,256.788,22732.143,4.267,-0.002,-0.0,807091.0,1507100.25,704582.25,100.0,100.0,7320.985,2266.202,37574.773,26666.188,7.053,0.983,0.67,100.0,95856.289,26344.895,36726.777,19697.164,83316.875,87.376,82768.83600000001,292.0,229.0,60.0,135.0,12.0,13.0,4.0,45.0,53152.0,7994.0,84383386.0,112503951.0,91036384.0,2.5990353938726507,2.05110699511945,1.2671378919076288,62.6811227,71.0306149,55.4894903,42131232195.713,6.204188045851528,1507.10025
1991,0.078446,0.0540917,0.04,0.0421583,0.0348198,0.0114506,94.967,0.678799,0.0802469,0.0644244,0.0375,0.121807,0.01875,0.000599891,0.111111,0.0461379,0.536404,0.542807,0.0259472,-0.0787685,146.0,88.5887,,20.00091361999512,0.5327443674322332,37.54317237814683,212.94,62.14,284.12,31.29,153.87,135.95,234.69,47.91,37.49,27.63,26.24,27.77,9.32,96.05,40.44,35.75,208.18,42.39,76.47,56.41,75.03,48.45,76.55,27.07,12.47,43.92,104.72,118.67,37.37,20.5,54.17,48.34,25.21,22.49,48.44,4.17,489.74,15.98,19.79,31.33,104.62,14.81,114.19,132.98,78.35,70.56,154.17,70.22,103.689,111.752,165.558,62.63001485884101,67.50021140627453,23.64830939453,48.42587770185,1.81495306345,3.80183833974,2855.23349536719,42.43571871218,1589.73814222131,442.15980127944,6830.54126437226,9956.54357856772,1363.64626497448,19700000.0,111000000.0,9330000.0,2160.0,956000000.0,3260000.0,1010000.0,150000000.0,15600.0,201000.0,7270000.0,36627.707,1103685.2129999998,19959.688,456722.6420000001,25628.758,1188141.991,6.0,80866.093,1209.667,2383241.3770000003,0.134921387761566,0.1015961190157998,0.1166407870644796,USA,0.134921387761566,0.1166407870644796,1.1567256288058212,0.0552149056974334,0.2232639885219161,0.8645092449731391,3.0,0.2165904030299164,0.0678302341011468,0.0548174199776729,0.3131728513925791,1.0,1.0,192.0,0.3385416666666667,0.4270292397660819,14.0,4.0,5.0,1.0,43.0,4.0,45.0,7.0,10.625336764253882,0.3338,0.4042,0.691156862745098,355.7,355.61,355.7,23205.592,4.282,,28925.889,5720.298,8574.09,9656.487,3851.52,504.694,272.16,23205.592,4.282,0.0,0.0,830296.562,1536026.125,710302.562,100.0,100.0,7265.909,2263.283,37889.742,27100.34,6.992,1.0,0.683,100.0,96516.406,25628.758,36627.707,19959.688,83536.398,87.017,82216.153,267.0,181.0,75.0,66.0,15.0,8.0,8.0,42.0,189707.0,155802.0,285706508.0,86678528.0,81849315.0,2.503485483495689,2.00557063119747,1.2482659271894745,61.6091396,69.99980839999999,54.3542372,41176239797.864,6.333403930131005,1536.026125
1992,0.069932,0.0346,0.03,0.0304162,0.0383494,0.00406034,92.6146,0.702739,0.0679012,0.0508223,0.05625,0.0141572,0.08125,0.0415651,0.106838,0.0398234,0.569059,0.538607,0.0349228,-0.0751658,151.0,86.9986,,19.320837020874023,0.5487814592561449,35.20679624829669,190.52,57.6,303.56,19.28,141.29,140.03,218.06,46.74,34.85,24.53,27.56,31.02,8.72,90.96,38.36,33.82,163.84,35.36,62.99,59.73,80.66,44.25,70.61,26.28,12.71,28.68,96.48,110.26,35.33,18.31,39.63,35.76,37.49,25.34,30.36,4.22,520.18,15.25,19.41,29.14,99.81,14.9,104.71,122.4,74.38,65.0,141.1,59.46,101.897,111.151,171.841,59.297257348362734,64.68246809550689,22.79496209507,46.21410168453,2.12320216491,3.06595985244,2733.78657149909,39.66772812338,1503.15922224651,411.93717261666,7311.59519558832,8390.41858346963,1485.77213396282,19500000.0,105000000.0,9470000.0,2260.0,930000000.0,3200000.0,1010000.0,139000000.0,14900.0,191000.0,7250000.0,37157.996,1140843.2089999998,20018.34,476740.9820000001,25572.383,1213714.3739999998,9.0,6267.668,1986.835,2389509.0450000004,0.1476672939348362,0.0669955236864683,0.1233584124363884,USA,0.1476672939348362,0.1233584124363884,1.1970589684022002,0.0551711297157614,0.2234324963750899,0.8353807342797583,2.0,0.2208889066280232,0.0722881264970738,0.0474017851881102,0.3272601037353451,0.0,0.0,193.0,0.3523316062176165,0.4453953488372093,10.0,3.0,5.0,2.0,61.0,2.0,50.0,7.0,9.392024354070069,0.12,0.2217,0.477356862745098,356.54,356.45,356.54,22520.424,4.09,,28488.322,5967.898,8361.174,9154.655,3901.366,525.922,239.794,22520.424,4.09,0.0,0.0,852816.938,1564514.5,716270.438,100.0,100.0,7268.79,2271.714,37455.109,26432.863,6.803,1.017,0.696,100.0,97104.883,25572.383,37157.996,20018.34,84052.555,87.023,82748.719,231.0,168.0,58.0,76.0,11.0,7.0,8.0,34.0,18827.0,7795.0,68609485.0,119314576.0,113529297.0,2.4166335333573343,2.00101331307033,1.2077048751111414,60.1198509,68.4920136,52.8812806,47088951358.747,6.1464039301310045,1564.5145
1993,0.058468,0.0301917,0.03,0.0296965,0.0279417,0.000480889,95.3122,0.718761,0.0493827,0.0106949,0.05,0.015694,0.025,0.0151369,0.119658,0.053431,0.617315,0.573899,0.0263013,-0.0677112,157.0,89.9002,,16.971633911132812,0.5652096996615477,30.027145537834134,197.26,59.0,316.94,21.38,119.0,159.4,191.13,41.18,33.72,20.9,28.67,27.97,7.68,69.31,31.22,24.61,147.11,25.98,64.52,49.1,60.79,41.76,61.85,25.51,12.43,18.47,98.05,111.32,37.45,18.06,42.52,34.77,40.11,23.62,40.28,3.95,939.71,16.03,20.86,28.48,75.94,13.56,103.22,120.43,80.99,77.08,127.17,58.52,99.068,95.373,170.123,58.23316071313109,56.06120277681443,19.51014538729,36.29794490658,2.45686887732,3.09497902581,2216.19419517249,33.69916651061,1319.52586907097,416.7737757141,5978.89901718326,6132.13523231243,1114.40483088464,19800000.0,110000000.0,9490000.0,2280.0,953000000.0,2900000.0,928000.0,119000000.0,14100.0,190000.0,6910000.0,37105.156,1177948.3649999998,20246.297,496987.27900000016,24802.193,1238516.5669999998,3.0,5061.29,727.957,2394570.3350000004,0.1530392350919613,0.0578408151043115,0.1313955668819196,USA,0.1530392350919613,0.1313955668819196,1.164721449312609,0.0576419453675999,0.2292337628824834,0.8585743832486096,2.0,0.2207385456663658,0.0789629653788616,0.0406085627635638,0.3577216889804546,0.0,0.0,195.0,0.3743589743589743,0.4659653179190751,5.0,1.0,6.0,1.0,88.0,0.0,49.0,7.0,8.02380621163826,0.1611,0.23,0.5184568627450981,357.21,357.1,357.21,22749.873,4.069,,28483.164,5733.292,8470.028,9172.321,4007.804,549.567,232.44,22749.873,4.069,0.0,0.0,875566.875,1592997.625,722003.75,100.0,100.0,7261.674,2256.92,37427.73,26668.346,6.694,1.033,0.708,100.0,97894.812,24802.193,37105.156,20246.297,84220.555,86.514,82153.64600000001,262.0,227.0,84.0,107.0,6.0,3.0,2.0,28.0,21870.0,10926.0,171864862.0,107553465.0,103817972.0,2.399086160976147,1.96290904098544,1.2222095425123385,58.1092963,66.3660057,50.9784962,48213081969.5218,6.209026473799127,1592.997625
1994,0.070724,0.0427,0.055,0.0259561,0.0436353,0.0163203,94.8042,0.710839,0.0555556,0.0394305,0.125,0.0033118,0.0375,0.0250359,0.123932,0.0881146,0.646426,0.559,0.0166446,-0.0663646,162.0,88.4258,,15.817625999450684,0.5796821971619657,27.28672033899149,171.42,62.4,312.88,18.22,121.21,140.94,172.31,40.86,34.08,23.17,29.6,28.04,9.69,68.07,36.65,32.32,142.73,30.22,64.65,50.58,61.38,37.5,58.9,25.14,12.11,16.99,102.04,117.61,44.79,22.01,87.9,46.68,33.52,32.22,34.34,5.22,722.9,15.44,24.57,25.66,72.57,16.52,94.7,110.65,76.33,68.8,118.44,58.86,114.839,115.39,170.123,67.50351216472788,67.82739547268741,18.97370477305,38.57641612482,2.29308727429,2.91811279871,2755.78630506794,31.61355216173,1763.74539460847,458.63138854859,6525.56505398154,7571.75029338896,1191.59921913737,19200000.0,106000000.0,9500000.0,2260.0,982000000.0,2800000.0,932000.0,127000000.0,14000.0,178000.0,7050000.0,37619.203,1215567.5679999995,20542.516,517529.79500000016,25371.557,1263888.1239999998,6.0,5368.334000000001,4045.0,2399938.669,0.1455758834337847,0.067006828147937,0.1370168648796954,USA,0.1455758834337847,0.1370168648796954,1.062466898228947,0.0579014198982854,0.2298616404898963,0.941205793485826,2.0,0.2216660489396956,0.082530833692647,0.0349938371741093,0.3723205880531554,0.0,0.0,196.0,0.3928571428571428,0.4706531791907514,6.0,3.0,5.0,1.0,83.0,2.0,52.0,7.0,10.095683721040256,0.2274,0.3125,0.5847568627450981,358.96,358.83,358.96,22974.598,4.048,,29643.506,6668.908,8513.747,9196.235,4040.174,586.744,312.927,22974.6,4.048,0.002,0.0,898541.438,1622641.125,728672.625,100.0,100.0,7336.296,2286.923,38666.152,26925.629,6.813,1.05,0.721,100.0,99137.25,25371.557,37619.203,20542.516,85272.977,86.496,83533.276,254.0,213.0,88.0,80.0,12.0,9.0,13.0,31.0,15590.0,11742.0,273924024.0,146183998.0,83418889.0,2.464304805368849,1.94943929896853,1.264109534814826,56.2008977,64.3275453,49.2023326,49560859914.294,6.2703597161572056,1622.641125
1995,0.065718,0.0551333,0.055,0.0280542,0.036636,0.0263402,91.6627,0.70665,0.116564,0.0723718,0.025,0.0124995,0.01875,0.000873089,0.128205,0.104076,0.665729,0.523774,0.0293227,-0.0711588,170.0,83.4143,,17.016679763793945,0.5961104375672034,28.54618656442422,133.52,61.61,274.18,19.73,144.51,114.83,179.34,56.89,38.46,27.02,30.92,32.93,11.53,115.41,45.32,36.05,138.1,38.16,62.87,55.83,61.65,33.47,62.96,25.09,11.78,24.43,99.27,119.75,42.86,21.96,86.12,54.8,35.15,37.25,31.82,7.13,584.28,15.45,26.21,24.9,70.62,19.99,93.93,109.8,74.15,62.36,122.85,58.8,128.768,138.508,171.841,74.9343870205597,80.60241735092323,18.69378419441,42.8325183341,1.8739113448,2.96725294221,3193.65171260029,30.87466122817,1964.37856260036,417.93299865519,6760.01505385571,8951.30098107538,1121.75397357469,19700000.0,112000000.0,10000000.0,2230.0,1020000000.0,2710000.0,1040000.0,130000000.0,14900.0,201000.0,7280000.0,38135.516,1253703.0839999998,20883.5,538413.2950000002,26146.545,1290034.6689999998,9.0,8853.284,1508.333,2408791.953,0.1403229215802388,0.062892643692985,0.1428993897307701,CHN,0.1428993897307701,0.1403229215802388,1.0183609927837634,0.0577229484550055,0.2294710064507885,1.0183609927837634,2.0,0.2217257102185154,0.0873952626766161,0.0307361989357631,0.3941593538723418,0.0,0.0,196.0,0.4030612244897959,0.476271676300578,5.0,1.0,3.0,1.0,75.0,2.0,54.0,7.0,8.66231612652976,0.3711,0.4433,0.728456862745098,360.97,360.82,360.97,23516.639,4.084,,29794.719,6278.081,8758.441,9283.901,4196.848,620.204,324.364,23516.637,4.084,-0.002,-0.0,922058.125,1652435.875,734950.688,100.0,100.0,7426.246,2342.963,38933.977,27528.576,6.761,1.067,0.734,100.0,101315.359,26146.545,38135.516,20883.5,86770.078,86.138,85165.561,275.0,215.0,93.0,80.0,6.0,13.0,7.0,31.0,27158.0,14991.0,222760396.0,309823247.0,107085413.0,2.48206517217212,1.9120487617154,1.2981181347829895,54.0360964,62.0324969,47.2029372,50934078679.817,6.4182966703056765,1652.435875
1996,0.064296,0.0502417,0.0525,0.0293667,0.0339328,0.0202794,94.3954,0.698998,0.0245399,0.00100966,0.0375,0.0134984,0.01875,0.00216304,0.0897436,0.0826815,0.661851,0.52804,0.0205821,-0.0635221,170.0,87.2463,,20.668487548828125,0.6137121237151665,33.67782181604856,121.45,59.28,342.09,28.22,134.66,156.16,209.29,63.58,50.7,27.71,38.31,35.82,9.35,86.53,34.43,43.07,145.56,33.82,61.06,53.89,59.53,37.22,63.8,24.64,11.44,18.18,97.31,108.85,41.64,21.67,67.63,44.36,40.04,30.58,32.68,6.1,559.71,17.65,22.92,26.97,79.28,16.75,101.48,118.11,75.33,63.88,135.93,56.75,123.471,118.752,168.075,73.46184738955824,70.6541722445337,22.64645903787,42.22551693524,3.03228175413,3.15427541202,2545.07235550678,33.27099760706,1669.82793276238,429.96757143663,6837.27318574404,8318.65511225443,1136.916197952,20800000.0,117000000.0,11000000.0,2290.0,1020000000.0,2920000.0,1060000.0,135000000.0,15100.0,220000.0,7480000.0,39151.238,1292854.3219999997,21899.963,560313.2580000001,26502.836,1316537.5049999997,7.0,8018.333,6450.0,2416810.2860000003,0.1383636492595176,0.0591836945164828,0.1464547467059252,CHN,0.1464547467059252,0.1383636492595176,1.058477045739317,0.0577155216237033,0.2294547363665327,1.058477045739317,2.0,0.2225269603223924,0.0893041772276837,0.0271682296826428,0.4013184609105418,0.0,0.0,196.0,0.413265306122449,0.4825780346820809,6.0,3.0,4.0,2.0,68.0,4.0,49.0,7.0,8.010330782591192,0.2708,0.3308,0.628156862745098,362.74,362.61,362.74,24233.477,4.148,,30775.305,6541.828,8976.964,9562.137,4381.599,633.559,348.548,24233.477,4.148,0.0,0.0,946291.562,1683211.125,741492.562,100.0,100.0,7512.808,2393.537,39997.945,28302.801,6.847,1.084,0.748,100.0,104245.836,26502.836,39151.238,21899.963,89353.367,86.204,87554.037,270.0,207.0,92.0,76.0,6.0,5.0,4.0,18.0,31595.0,14128.0,220007272.0,84152337.0,83008323.0,2.521692601723347,1.90712042257704,1.322251375356703,53.0421358,61.0120352,46.2224307,52209401027.319,6.613940229257642,1683.211125
1997,0.063391,0.0507,0.055,0.0233757,0.0391013,0.0267002,99.0545,0.674298,0.0368098,0.166021,0.05625,0.0192384,0.01875,0.00123605,0.0897436,0.235946,0.653495,0.52775,0.00497249,-0.0407192,173.0,93.9341,,19.092588424682617,0.6277934726348744,30.412212386583533,125.39,58.57,345.49,21.73,122.22,163.21,188.42,50.5,35.23,24.26,37.96,26.84,9.7,92.38,33.39,33.89,139.01,30.51,62.21,48.25,74.66,33.27,64.53,23.7,11.18,18.82,81.24,105.82,38.4,23.56,102.27,42.73,34.59,30.73,32.82,4.36,517.1,16.72,21.3,32.71,89.58,16.91,94.08,110.8,73.0,59.39,125.86,57.3,120.882,122.247,168.634,71.68305323956024,72.49249854714945,22.31211275244,40.84997229533,2.88837110313,3.186994206,2649.80237677781,35.08991186032,1861.37143401551,385.34406663305,6571.95836249199,8062.39994408308,1531.76485065225,21700000.0,122000000.0,11500000.0,2450.0,1040000000.0,3100000.0,1140000.0,143000000.0,16500.0,241000.0,7540000.0,40023.195,1332877.5169999998,21882.971,582196.2290000002,26894.83,1343432.3349999995,9.0,8039.831,3370.832,2424850.117,0.139455021674042,0.0559645585184438,0.1491492462657634,CHN,0.1491492462657634,0.139455021674042,1.0695150628163137,0.0583492724683301,0.2308389788321448,1.0695150628163137,2.0,0.2239683098933611,0.0924348958583443,0.0252418812195024,0.4127141732790489,0.0,0.0,196.0,0.4183673469387755,0.488242774566474,3.0,2.0,1.0,0.0,79.0,2.0,49.0,7.0,6.604987652206643,0.4151,0.4633,0.7724568627450981,363.88,363.73,363.88,24380.322,4.115,,32399.938,8019.617,8927.3,9702.211,4395.058,658.829,350.78,24380.322,4.115,0.0,0.0,970671.938,1715611.125,749512.188,100.0,100.0,7485.23,2350.142,41519.98,28417.307,7.008,1.102,0.762,100.0,105269.266,26894.83,40023.195,21882.971,90245.734,86.22,88800.996,322.0,233.0,95.0,79.0,18.0,13.0,15.0,26.0,30024.0,16238.0,70394749.0,76427478.0,66993443.0,2.4845603158096106,1.88912231375134,1.3151929325718856,51.7500764,59.6143703,44.9995846,53318894948.303,6.654018013100437,1715.611125
1998,0.052523,0.0481917,0.0475,0.0154701,0.0364885,0.0322231,106.199,0.642118,0.0613497,0.050991,0.0625,0.0474989,0.0125,0.0103547,0.111111,0.240985,0.68324,0.54823,0.00274235,-0.0211828,176.0,98.4502,,12.71566104888916,0.6375721871618184,19.943876638492505,114.65,50.12,262.62,13.4,101.61,134.55,130.98,43.5,28.53,23.94,24.82,20.52,8.11,81.06,23.9,28.22,127.4,20.06,58.16,46.63,57.26,30.23,66.3,23.33,11.01,14.94,71.07,98.23,42.78,24.03,72.03,34.79,39.14,37.2,32.33,3.04,347.12,13.56,16.46,31.99,83.33,12.65,72.66,86.34,59.66,47.82,95.42,53.21,106.333,99.364,167.617,63.43807609013405,59.28038325468181,15.89910408141,35.57320499497,2.53972623853,2.94000972946,2012.9482965579,37.72623730116,1652.00657776371,357.98649687227,6742.44935680199,5634.015995632,1246.75072818695,22600000.0,123000000.0,12100000.0,2500.0,1050000000.0,3060000.0,1180000.0,144000000.0,17200.0,231000.0,7570000.0,41034.703,1373912.2199999995,22023.701,604219.9300000002,26412.434,1369844.7689999996,12.0,9947.269,4001.102,2434797.386,0.1414295774409269,0.0512257802649317,0.1540933220740211,CHN,0.1540933220740211,0.1414295774409269,1.0895409917941934,0.0597485274248539,0.2338662266786326,1.0895409917941934,2.0,0.2295958804298078,0.0923255319012691,0.0233902839869524,0.4021219010046432,0.0,0.0,197.0,0.4263959390862944,0.4899080459770115,1.0,0.0,3.0,1.0,70.0,4.0,54.0,7.0,6.299582166335414,0.572,0.6075,0.929356862745098,366.84,366.7,366.84,24295.713,4.045,,31087.949,6792.238,8689.001,9821.975,4443.504,656.596,334.982,24295.715,4.045,0.002,0.0,994967.625,1746699.0,756304.375,100.0,100.0,7419.233,2378.566,40128.703,28197.176,6.68,1.119,0.776,100.0,105852.398,26412.434,41034.703,22023.701,90618.578,86.101,89470.838,362.0,254.0,94.0,88.0,20.0,12.0,18.0,34.0,62672.0,40168.0,343760968.0,161554273.0,159270436.0,2.4527498495870126,1.87056560345851,1.311234337385492,50.4664511,58.1777225,43.8092504,54255607358.261,6.630926037117904,1746.699
1999,0.056419,0.046575,0.055,0.0219314,0.0337475,0.0241147,105.15,0.605026,0.0,0.0,0.04375,0.0200255,0.01875,0.00852454,0.0643777,0.167974,0.693995,0.584647,0.00490332,-0.0133899,177.0,97.0442,,17.970077514648438,0.6516535360817174,27.576122156413785,118.32,46.13,256.52,12.76,88.98,142.83,171.84,38.0,24.37,19.13,22.14,17.33,7.95,61.86,22.23,26.29,112.83,25.48,49.6,44.43,58.85,28.14,55.72,30.07,10.77,18.98,65.89,97.31,39.32,15.92,54.15,27.59,23.68,23.65,27.63,2.59,391.23,11.0,11.31,28.14,74.32,10.17,79.39,94.12,57.51,45.98,109.99,46.34,93.311,97.679,165.445,56.40001208860952,59.040164405089314,22.42347394177,32.12708864706,2.81254203798,2.64399632026,1951.64877072394,34.23442712993,1688.87772462046,345.90337780473,6704.95545534918,7458.89560747339,1335.55419914495,23600000.0,129000000.0,12800000.0,2570.0,1020000000.0,3080000.0,1170000.0,137000000.0,17600.0,245000.0,7960000.0,40104.688,1414016.9079999998,23102.75,627322.6800000002,26421.254,1396266.0229999996,19.0,28473.486,11943.099,2463270.872,0.1424859783445804,0.0514687399568028,0.1575313640888851,CHN,0.1575313640888851,0.1424859783445804,1.105592044347829,0.0609338492320838,0.2365697471355262,1.105592044347829,2.0,0.2288551734565356,0.096359826110669,0.0234786001219883,0.4210515526273203,0.0,0.0,199.0,0.4271356783919598,0.4898800000000001,6.0,5.0,2.0,1.0,97.0,4.0,47.0,7.0,6.2143249951340325,0.318,0.3808,0.6753568627450981,368.54,368.38,368.54,24837.771,4.079,,31399.629,6561.857,8809.093,10064.188,4586.166,688.047,328.418,24837.771,4.079,0.0,0.0,1019805.375,1778098.625,762866.25,100.0,100.0,7436.038,2398.701,40450.992,28691.545,6.643,1.136,0.79,100.0,107613.984,26421.254,40104.688,23102.75,92016.5,85.997,89628.69200000001,413.0,298.0,122.0,106.0,23.0,8.0,21.0,38.0,76886.0,48724.0,281998861.0,205327614.0,129024797.0,2.521079199542041,1.85058095661083,1.3623177038194358,48.6643792,56.1624015,42.2015856,55321929112.076,6.778867631004367,1778.098625
2000,0.060298,0.0583917,0.065,0.0336668,0.0257638,0.0239195,108.698,0.545224,0.0124224,0.00917124,0.025,0.0123452,0.0,0.0,0.0425532,0.168096,0.67477,0.549408,-0.00844209,-0.0312486,182.0,101.802,,28.49544906616211,0.6735578566221794,42.3058669511536,121.76,49.63,241.82,16.48,90.79,262.46,262.08,37.39,23.14,15.08,24.53,17.23,8.77,64.24,24.82,23.02,118.75,35.45,58.34,43.34,59.68,29.12,51.9,29.9,10.42,12.0,63.81,136.02,36.13,12.29,43.9,29.68,28.85,16.28,26.95,2.66,384.25,11.17,14.29,27.77,70.37,10.0,103.89,126.92,63.01,45.5,157.39,52.5,92.753,107.338,161.945,57.27438327827349,66.28052733952885,35.48230196637,32.9939668175,5.41520026814,4.84958940841,2279.37300988772,36.18652589241,1947.13528573823,350.71853527736,6832.21258588906,10856.886835931,1417.96547678901,24300000.0,136000000.0,13300000.0,2590.0,969000000.0,3200000.0,1290000.0,132000000.0,18100.0,278000.0,8770000.0,41796.285,1455813.1929999995,24011.674,651334.3540000002,26812.115,1423078.1379999996,19.0,33050.062,14978.333,2496320.934,0.1426155208623329,0.0514480410630924,0.1622509686735764,CHN,0.1622509686735764,0.1426155208623329,1.1376810019871375,0.062372584135774,0.2396616427375197,1.1376810019871375,2.0,0.228622952430392,0.098797682762009,0.0240725972656299,0.4321424498797408,0.0,0.0,196.0,0.4285714285714285,0.4934857142857143,8.0,1.0,4.0,5.0,102.0,4.0,45.0,7.0,6.351579099309604,0.3255,0.3925,0.682856862745098,369.71,369.55,369.71,25511.482,4.134,0.426,31657.244,6145.762,9156.638,10211.624,4727.823,718.165,345.576,25511.482,4.134,0.0,0.0,1045316.812,1809755.875,769012.0,100.0,100.0,7544.741,2390.251,40795.379,29457.48,6.61,1.154,0.804,100.0,110416.398,26812.115,41796.285,24011.674,94467.258,86.045,92620.074,502.0,352.0,147.0,95.0,27.0,28.0,27.0,35.0,16579.0,9371.0,174227226.0,82618808.0,81031389.0,2.574025518125754,1.82593935552926,1.4096993475337285,47.2215375,54.5681729,40.8896736,56523812168.507,6.9627407205240175,1809.755875
2001,0.05005,0.0345167,0.0175,0.0281663,0.0212842,0.00617641,114.852,0.53146,0.0124224,0.134446,0.01875,0.0214555,0.0125,0.00892557,0.0340426,0.149513,0.682002,0.521799,0.00995434,-0.0127876,186.0,107.85,,24.443891525268555,0.6927241370940093,35.286617307448154,129.52,50.89,271.37,16.61,110.68,234.36,217.75,44.21,22.78,12.52,26.24,18.24,7.95,70.09,21.02,23.48,104.95,23.84,41.52,34.8,45.63,28.56,47.92,29.08,10.13,4.72,60.26,128.59,31.04,14.1,30.54,23.45,25.44,14.67,26.07,2.23,312.85,10.04,14.66,23.0,69.07,11.5,90.35,109.24,58.25,43.97,132.85,39.52,88.68,95.077,157.179,56.41975073005936,60.48963283899248,31.79919692386,42.19443718987,5.16562200749,5.29838077827,2060.96674501611,39.21389396709,1885.1321058588,353.86415077914,5855.89144250022,7762.76660572821,1156.65534952555,24300000.0,137000000.0,13700000.0,2600.0,937000000.0,3120000.0,1350000.0,126000000.0,18700.0,246000.0,8910000.0,41854.5,1497667.6929999995,24583.936,675918.2900000002,27948.264,1451026.4019999995,12.0,12286.325,6960.325,2508607.259,0.1413121319521966,0.0534742807717967,0.1653508377640117,CHN,0.1653508377640117,0.1413121319521966,1.1701107008982568,0.0629830149436699,0.2409384705713643,1.1701107008982568,2.0,0.2262552209800584,0.1034060693853057,0.0245488168223148,0.4570328540370773,0.0,0.0,196.0,0.4387755102040816,0.4961485714285715,4.0,0.0,2.0,0.0,75.0,5.0,45.0,7.0,7.106868938559822,0.4835,0.5317,0.8408568627450981,371.32,371.14,371.32,25692.994,4.108,,31153.697,5460.704,9208.429,10283.57,4771.715,750.748,334.076,25692.994,4.108,0.0,0.0,1071009.875,1840909.5,774472.75,100.0,100.0,7523.762,2385.423,40260.363,29614.561,6.437,1.171,0.817,100.0,111493.289,27948.264,41854.5,24583.936,95595.227,86.207,94386.7,430.0,331.0,151.0,100.0,22.0,20.0,14.0,29.0,39423.0,9569.0,108969335.0,46587010.0,33887788.0,2.6083041837006933,1.81338112778184,1.4383651311576278,45.6713694,52.9140444,39.431147,57491987090.516,7.01228002183406,1840.9095
2002,0.045939,0.016125,0.0125,0.0159567,0.0295114,0.000165657,114.572,0.55538,0.00621118,0.000382008,0.0375,0.0162533,0.025,0.000603461,0.0170213,0.00468054,0.697172,0.51904,0.00758804,-0.0153299,188.0,106.152,,25.023256301879883,0.7036762973645757,35.56074916207572,127.64,48.63,299.54,12.58,87.22,196.25,215.8,50.49,24.83,13.68,29.98,21.66,7.31,63.87,20.43,21.94,91.99,26.67,46.56,30.99,39.46,24.61,49.87,28.62,9.98,5.49,67.85,128.98,32.13,23.09,29.7,22.24,27.89,20.64,21.43,2.92,316.41,10.74,11.51,21.34,62.11,19.27,88.89,106.8,57.48,44.06,129.98,42.98,92.114,90.655,155.212,59.34721542148803,58.40721078267145,32.93835674129,33.44262024313,4.43313953488,4.032329105,2060.62037526427,38.72885835095,1783.71432346723,409.58201198027,5365.35412262156,8947.87372269204,1029.00369978858,26100000.0,144000000.0,13600000.0,2550.0,982000000.0,2850000.0,1350000.0,136000000.0,18800.0,233000.0,8880000.0,41349.258,1539016.9509999997,25156.049,701074.3390000002,28287.121,1479313.5229999996,11.0,7020.124,4973.5,2515627.383,0.1527759897278035,0.0493339935454956,0.1528482593543792,CHN,0.1528482593543792,0.1527759897278035,1.0004730430920756,0.0625328654218838,0.240051370603887,1.0004730430920756,2.0,0.21865135215071,0.1116622245177027,0.025266476104846,0.5106861833661894,0.0,0.0,196.0,0.4489795918367347,0.5076857142857143,2.0,0.0,4.0,2.0,62.0,2.0,46.0,7.0,7.18856318190915,0.5372,0.6275,0.894556862745098,373.45,373.28,373.45,26265.332,4.144,,32359.027,6093.696,9630.182,10269.353,4913.652,779.004,323.111,26265.332,4.144,0.0,0.0,1097275.125,1873268.625,780566.438,100.0,100.0,7480.677,2402.932,41423.414,30085.199,6.536,1.189,0.831,100.0,113894.43,28287.121,41349.258,25156.049,97731.234,86.292,94792.428,489.0,362.0,165.0,117.0,25.0,15.0,21.0,44.0,20882.0,10570.0,659390074.0,87481539.0,83963661.0,2.497956964266556,1.78781817689513,1.3972097367332457,44.4983943,51.6829678,38.3065339,58707813309.241,7.168485807860262,1873.268625
2003,0.040028,0.0101333,0.01,0.02298,0.0166651,-0.0125581,107.363,0.58625,0.00621118,0.000535904,0.025,0.000960084,0.0125,0.000671433,0.012766,0.00422393,0.707434,0.496654,-0.00327122,-0.0296109,188.0,93.1252,,28.83070373535156,0.7197133891898734,40.058590222705305,125.86,39.55,320.48,13.9,93.47,312.69,251.54,47.44,25.77,13.78,25.87,22.59,7.58,72.85,22.78,24.39,114.38,37.02,59.1,36.48,41.01,23.0,58.36,27.99,9.75,13.05,77.8,161.68,33.29,22.23,30.3,29.84,33.09,23.41,28.88,4.04,354.33,13.03,11.59,21.01,58.55,21.95,102.91,127.57,65.85,46.13,154.93,53.3,98.879,99.672,166.853,59.2611460387287,59.73641468837839,36.29603515383,32.768933685,6.89774261073,4.90663987273,2234.5451310391,40.12810851545,1797.65605375534,456.55509503475,6147.8233065394,12094.2831574981,1039.55716737838,28000000.0,153000000.0,13800000.0,2540.0,1080000000.0,3200000.0,1370000.0,138000000.0,18800.0,258000.0,9520000.0,43184.227,1582201.1779999996,26056.537,727130.8760000002,30361.062,1509674.5849999995,15.0,14055.167,9064.667,2529682.55,0.1511935865302691,0.0494656017850663,0.1597224028949736,CHN,0.1597224028949736,0.1511935865302691,1.0564099083858762,0.0640406339562453,0.2431878350971987,1.0564099083858762,2.0,0.2166322467315492,0.1192475041944923,0.0261069405481475,0.5504605431261759,0.0,0.0,196.0,0.4846938775510204,0.5139714285714285,4.0,3.0,7.0,0.0,81.0,6.0,54.0,7.0,7.368192574592742,0.5383,0.6158,0.895656862745098,375.98,375.8,375.98,27652.691,4.307,,34973.902,7321.209,10466.565,10540.85,5096.196,857.435,343.439,27652.691,4.307,0.0,0.0,1124927.875,1908242.5,787887.625,100.0,100.0,7668.747,2419.463,44206.871,31648.42,6.885,1.208,0.847,100.0,117849.602,30361.062,43184.227,26056.537,101858.211,86.886,99601.826,386.0,314.0,156.0,84.0,14.0,25.0,14.0,40.0,113104.0,80391.0,255105908.0,115673335.0,102003619.0,2.533070403013632,1.76282608884209,1.4369372106794018,43.5156567,50.6665223,37.3618957,61532949107.723,7.547131823144104,1908.2425
2004,0.042598,0.0137333,0.0225,0.0266757,0.0155086,-0.0126061,102.271,0.66105,0.0,0.0,0.00625,0.000113044,0.00625,1.33683e-05,0.00851064,0.000787538,0.723278,0.46804,-0.0158651,-0.0414522,188.0,85.4754,,38.26499938964844,0.7388796696615203,51.78786338400349,154.1,37.88,323.79,18.0,174.4,327.56,326.43,43.68,26.64,16.14,27.7,22.93,8.86,106.19,35.71,40.76,202.74,51.75,90.33,61.64,50.56,25.85,67.48,27.26,10.6,14.44,85.31,192.46,44.27,19.17,36.99,28.38,26.81,23.88,27.88,4.66,363.75,14.74,11.41,22.74,59.06,17.95,132.55,165.86,77.93,51.06,207.21,78.29,112.819,141.579,178.361,63.25317754441835,79.37777877450789,44.37655851233,62.26968912933,6.93269097268,5.03057744326,3370.43974675605,44.57250382218,2017.57144537222,481.25553726136,10011.4470383002,16256.8984476067,1232.21598259438,29900000.0,164000000.0,14700000.0,2420.0,1200000000.0,3150000.0,1350000.0,142000000.0,20000.0,298000.0,9600000.0,45349.148,1627550.3259999997,26944.168,754075.0440000001,32984.902,1542659.4869999995,6.0,4979.668,1426.0,2534662.218,0.1508476029850685,0.0474423665225253,0.1673818830078119,CHN,0.1673818830078119,0.1508476029850685,1.1096091664405168,0.0660154495241765,0.2472356731050694,1.1096091664405168,2.0,0.2130125647310992,0.1227747226997403,0.0271221612855683,0.576373148948878,0.0,0.0,196.0,0.4846938775510204,0.5143485714285714,2.0,0.0,1.0,1.0,60.0,0.0,55.0,7.0,6.926978694131464,0.4624,0.5333,0.819756862745098,377.7,377.52,377.7,28610.023,4.399,,35053.887,6443.865,10813.392,10924.574,5257.67,895.93,341.454,28610.023,4.399,0.0,0.0,1153537.875,1943296.375,794331.5,100.0,100.0,7809.036,2487.873,44421.227,32630.893,6.83,1.228,0.862,100.0,123841.742,32984.902,45349.148,26944.168,106903.773,86.773,105278.218,393.0,299.0,125.0,124.0,11.0,16.0,8.0,48.0,244704.0,14179.0,162274848.0,220002193.0,157459430.0,2.633332588879062,1.75839041343746,1.4975812929571122,42.9278308,50.12129360000001,36.7731788,64868477524.092,7.8084123908296945,1943.296375
2005,0.04285,0.0315167,0.0425,0.0336583,0.0088924,-0.00207189,100.85,0.65453,0.0,0.0,0.00625,8.31695e-05,0.00625,0.0040758,0.00425532,0.000348222,0.702548,0.43575,-0.0185839,-0.040938,190.0,83.8763,,54.521087646484375,0.7639131788506872,71.3707907599025,152.48,35.86,304.03,16.59,146.31,473.25,430.02,40.58,22.74,18.81,27.45,20.84,9.47,112.39,44.34,43.55,128.09,53.51,110.12,51.92,64.42,27.45,77.68,26.37,12.66,13.19,89.7,197.43,47.01,18.4,51.06,24.46,25.19,20.85,23.86,5.24,362.29,12.78,15.22,21.5,58.15,16.65,161.03,204.6,82.24,50.51,262.3,92.91,121.482,167.96,178.361,68.1101810373344,94.168568240815,60.87916145586,54.29977511719,10.16610356542,7.21398707716,4194.84198023565,74.11630558723,2164.5474154314,507.23213606994,8414.85509312049,16811.8122386925,1575.03525275561,31900000.0,178000000.0,15000000.0,2470.0,1320000000.0,3470000.0,1460000.0,152000000.0,20800.0,296000.0,10000000.0,45735.105,1673285.4309999996,27582.227,781657.2710000001,35064.484,1577723.9709999994,8.0,8799.423,3066.09,2543461.641,0.155792921259768,0.040590740302651,0.1713954793484757,CHN,0.1713954793484757,0.155792921259768,1.1001493390235113,0.0684103283686337,0.2520573258861313,1.1001493390235113,2.0,0.2100014097996939,0.127627293128146,0.0278578346844596,0.6077449349024895,0.0,0.0,196.0,0.4795918367346938,0.5183257142857143,2.0,2.0,1.0,2.0,71.0,0.0,56.0,7.0,6.884223092715935,0.6023,0.6792,0.959656862745098,379.98,379.8,379.98,29598.951,4.494,,35530.062,5931.112,11498.5,11030.305,5376.289,966.776,346.552,29598.951,4.494,0.0,0.0,1183136.875,1978826.5,800262.562,100.0,100.0,7929.648,2510.292,45006.918,33687.422,6.833,1.248,0.878,100.0,127936.719,35064.484,45735.105,27582.227,110657.062,86.96,108381.816,481.0,395.0,190.0,130.0,19.0,30.0,13.0,33.0,93488.0,13401.0,160684678.0,334211562.0,323750003.0,2.67178392839617,1.73317663983269,1.5415531613985332,42.2031513,49.44708,36.074307,67362982273.514,8.078316320960699,1978.8265
2006,0.04792,0.0472167,0.0525,0.0322209,0.0152091,0.0145277,100.018,0.64189,0.0,0.0,0.0,0.0,0.0,0.0,0.0,0.0,0.662143,0.372735,-0.0241538,-0.0577693,192.0,82.6037,98.6005,65.1440658569336,0.7885555394595741,82.61189300829615,143.13,36.5,281.14,15.17,151.51,350.81,487.41,48.22,27.2,19.4,26.76,23.65,12.42,101.66,78.65,55.79,113.44,84.63,101.06,59.62,147.64,30.26,92.44,25.54,14.11,13.65,118.05,243.36,72.03,18.45,49.27,24.66,28.51,22.78,23.14,7.09,413.71,12.1,22.05,23.67,59.96,16.43,172.9,214.67,88.03,51.64,284.01,91.84,153.017,282.602,181.215,84.43947796815937,155.94845901277486,71.4870000447,54.58643759961,7.47197052595,9.41936320842,7474.85210719448,77.09700137144,2857.66568442122,672.00693131695,9764.06686682234,26970.3205270766,3642.04575781163,33900000.0,193000000.0,15100000.0,2370.0,1470000000.0,3630000.0,1570000.0,151000000.0,20100.0,293000.0,10300000.0,46100.176,1719385.6069999996,28520.127,810177.398,36829.426,1614553.3969999994,11.0,42596.666,9000.0,2586058.307,0.1535560638272353,0.0409011427611385,0.1787154538484078,CHN,0.1787154538484078,0.1535560638272353,1.1638449787921057,0.0700750077890865,0.2554048716345376,1.1638449787921057,2.0,0.2033472850734615,0.1338761717451028,0.0293976659359885,0.6583622284248277,0.0,0.0,196.0,0.4744897959183674,0.5216685714285715,3.0,2.0,2.0,3.0,46.0,0.0,55.0,7.0,6.187175055456573,0.5663,0.6417,0.923656862745098,382.09,381.9,382.09,30594.152,4.586,,36627.895,6033.741,12136.238,11142.928,5531.006,1047.294,346.573,30594.152,4.586,0.0,0.0,1213731.0,2015454.25,806296.375,100.0,100.0,8057.693,2546.306,46217.527,34735.453,6.928,1.268,0.894,100.0,131481.203,36829.426,46100.176,28520.127,113695.703,86.931,111449.729,458.0,364.0,225.0,76.0,9.0,24.0,10.0,37.0,29871.0,16790.0,126303472.0,51775662.0,46362369.0,2.682744932537009,1.71691753911831,1.5625356905111942,41.2951521,48.5931377,35.203315,70301417323.854,8.34993231441048,2015.45425
2007,0.046319,0.0441,0.0425,0.0287055,0.017122,0.0149649,95.4382,0.64585,0.0124224,0.240197,0.00625,0.0677993,0.00625,2.68431e-05,0.00851064,0.280412,0.622972,0.34232,-0.028396,-0.0607497,192.0,77.9562,93.81,72.38907623291016,0.8110152909844307,89.2573506783608,141.56,37.08,287.78,14.7,188.5,352.89,518.71,69.3,35.52,20.2,39.26,34.51,12.39,140.91,81.02,108.58,255.65,126.67,90.08,95.98,142.83,32.66,99.23,29.36,15.04,13.27,132.33,270.68,81.14,22.0,51.74,26.41,36.41,35.59,32.07,7.5,450.23,16.78,14.62,25.03,65.09,22.61,182.82,226.01,101.76,54.97,299.97,88.01,177.004,311.703,189.732,93.2915902430797,164.2859401682373,74.52222467784,68.88098606308,7.31630586503,8.96468615739,7459.10719899403,128.87718746725,2764.51762199169,730.085140941,15232.98176674,39012.6865241538,3397.62923958224,37900000.0,221000000.0,15500000.0,2350.0,1680000000.0,3710000.0,1740000.0,160000000.0,20800.0,301000.0,11100000.0,46004.738,1765390.3449999995,29275.635,839453.033,38453.008,1653006.404999999,8.0,17620.0,6370.0,2603678.307,0.1490436833024004,0.04088265818405,0.1849410971858245,CHN,0.1849410971858245,0.1490436833024004,1.2408516287844986,0.0709443745917743,0.2571099827105899,1.2408516287844986,2.0,0.1961178875368941,0.1398703532638785,0.0305913088910156,0.7131952878982841,0.0,0.0,196.0,0.4642857142857143,0.5202857142857144,0.0,0.0,2.0,4.0,39.0,0.0,52.0,7.0,6.476598901047671,0.5855,0.6658,0.942856862745098,384.02,383.79,384.02,31499.256,4.662,,37092.461,5593.206,12724.451,11184.312,5736.637,1126.199,342.25,31499.254,4.662,-0.002,-0.0,1245230.25,2052546.75,811889.562,100.0,100.0,8108.338,2612.956,46734.879,35622.355,6.916,1.288,0.91,100.0,135617.984,38453.008,46004.738,29275.635,117667.508,87.204,113733.381,443.0,381.0,215.0,103.0,11.0,25.0,17.0,27.0,22391.0,16118.0,212851808.0,109690744.0,87688523.0,2.75642954935567,1.69991971003379,1.6215057294093491,40.1428042,47.3578765,34.1396352,73114110776.315,8.596958515283843,2052.54675
2008,0.036504,0.0146,0.00125,0.0381495,-0.00158506,-0.0226841,91.3892,0.73431,0.154321,0.301273,0.025,0.0235253,0.01875,0.00104145,0.102128,0.50467,0.639379,0.338955,-0.0213521,-0.0633929,192.0,74.4655,90.8801,97.25597381591795,0.842154629526453,115.48469889740484,163.64,31.66,292.59,14.38,354.66,431.68,688.01,77.62,46.64,38.74,47.69,37.82,11.65,235.62,76.19,84.87,351.27,69.45,139.32,117.75,79.78,26.62,120.18,131.95,33.79,10.26,159.44,314.52,87.5,27.96,56.37,28.69,51.35,43.77,39.63,8.26,472.92,22.02,17.88,28.65,67.86,20.19,245.48,305.39,122.88,65.11,410.75,127.09,194.575,290.844,202.444,96.11299915038232,143.666396633143,94.32116479477,123.60611365036,8.61344200209,13.03769976336,6764.44601121592,151.70021718694,2501.98304645207,847.71686278324,18000.6720639243,20529.6555804078,1823.1145255924,39700000.0,224000000.0,15600000.0,2300.0,1730000000.0,3880000.0,1630000.0,166000000.0,21300.0,258000.0,11900000.0,46497.789,1811888.134,30327.17,869780.2030000001,39718.609,1692725.0139999993,17.0,20219.667,18469.667,2623897.974,0.1465733387597357,0.0406140399735083,0.1894114345701569,CHN,0.1894114345701569,0.1465733387597357,1.2922639012859072,0.0717788798727823,0.2587845513495751,1.2922639012859072,2.0,0.1902674538922448,0.1459743227128869,0.031075842051142,0.7672059499758552,0.0,0.0,196.0,0.4642857142857143,0.5239942857142856,3.0,2.0,2.0,2.0,54.0,2.0,51.0,7.0,6.170884533115565,0.4592,0.545,0.8165568627450981,385.83,385.6,385.83,32049.66,4.683,,38000.68,5951.02,13149.669,11143.34,5905.5,1137.397,333.686,32049.66,4.683,0.0,0.0,1277279.875,2090547.5,817840.562,100.0,100.0,8177.437,2582.949,47666.078,36193.508,6.964,1.309,0.927,100.0,137229.406,39718.609,46497.789,30327.17,118540.047,86.853,116543.56799999998,389.0,316.0,163.0,110.0,16.0,10.0,5.0,32.0,241993.0,147267.0,221831943.0,270125962.0,148705226.0,2.74202898891586,1.69747439731958,1.6153580833064098,38.7193914,45.7816396,32.8353591,74463757064.013,8.747177947598253,2090.5475
2009,0.032498,0.0016,0.00125,-0.00320358,0.0358163,0.00481901,95.2605,0.86598,0.00617284,0.00444936,0.03125,0.00367814,0.0,0.0,0.102128,0.487916,0.731359,0.36599,0.0624937,0.0322972,193.0,77.6627,96.7509,61.6712646484375,0.8391584313940414,73.49180123947141,138.55,22.26,252.73,12.45,193.42,193.01,427.58,49.88,34.72,33.19,37.34,25.99,7.57,137.54,56.7,69.96,183.95,48.37,108.16,87.05,70.44,30.15,150.47,121.51,41.53,6.63,178.6,241.24,85.74,31.46,58.21,25.28,35.42,31.22,28.07,6.15,466.33,17.94,25.43,32.36,80.37,17.46,163.38,199.42,92.92,57.21,260.65,103.58,163.481,219.018,191.039,85.57467323426107,114.64570061610458,64.02334876167,74.48078650909,4.09526401272,9.02964959569,5338.72961158339,82.91433409358,1725.92732738959,1008.67293869652,14072.0266604465,15192.4419448476,1715.85570875665,37200000.0,209000000.0,16000000.0,2490.0,1710000000.0,3780000.0,1410000.0,162000000.0,22300.0,237000.0,11600000.0,45339.039,1857227.173,29408.004,899188.207,39704.273,1732429.2869999993,12.0,16045.004,10616.667,2639942.978,0.1452960207948738,0.039154446625468,0.2071214108082373,CHN,0.2071214108082373,0.1452960207948738,1.4255133050109297,0.0781805385061877,0.2709322274413352,1.4255133050109297,2.0,0.1837224851859938,0.1528453133942434,0.0312627216579318,0.8319358038266709,0.0,0.0,196.0,0.4642857142857143,0.5262,2.0,2.0,3.0,3.0,43.0,0.0,51.0,7.0,6.3362268391936105,0.59,0.6567,0.947356862745098,387.64,387.43,387.64,31513.014,4.546,,38047.828,6534.817,13003.172,10899.597,5765.684,1170.606,328.636,31513.012,4.546,-0.002,-0.0,1308793.0,2128595.5,824375.375,100.0,100.0,8124.256,2552.738,47682.02,35619.578,6.878,1.33,0.943,100.0,135033.219,39704.273,45339.039,29408.004,116256.578,86.565,114451.316,387.0,317.0,151.0,86.0,18.0,25.0,9.0,25.0,16038.0,9208.0,201811795.0,66414076.0,57845325.0,2.613876272342082,1.66954654457083,1.5656204858990617,36.877125,43.7304842,31.1678583,74852465298.2302,8.600713427947598,2128.5955
2010,0.031975,0.00134167,0.00125,0.0163657,0.015358,-0.0147821,90.9874,0.95162,0.0,0.0,0.00625,3.34197e-14,0.0125,0.000549793,0.0635593,0.289651,0.747124,0.37311,-0.00910961,-0.0351618,193.0,75.3853,93.0541,79.49553680419922,0.8529229499619422,93.20365550926536,170.73,35.15,246.53,16.35,265.59,211.04,541.94,60.54,38.37,28.76,37.48,31.59,9.7,170.91,81.43,86.0,209.0,70.74,111.44,128.23,90.28,29.27,160.28,56.52,24.3,26.93,221.17,317.49,116.09,33.57,78.03,41.1,34.4,38.66,30.32,11.52,444.37,18.62,29.36,33.72,80.9,23.01,197.35,241.22,106.94,61.94,321.42,108.37,204.535,306.068,195.844,104.4377157329303,156.28153019750414,79.04077178472,98.96604166667,4.38525376984,8.2875,7534.77958333333,145.86318542569,2173.117,1224.66425,20405.62325,21808.8524166667,2160.74325,41800000.0,239000000.0,16100000.0,2590.0,1870000000.0,4160000.0,1710000.0,183000000.0,23300.0,266000.0,12300000.0,46236.66,1903463.833,31447.281,930635.488,41832.457,1774261.7439999992,14.0,32118.467,15500.0,2672061.4450000003,0.1470808179022063,0.0389584505347294,0.208539921146423,CHN,0.208539921146423,0.1470808179022063,1.4178594062828829,0.0791342234582413,0.2726956145433688,1.4178594062828829,2.0,0.1766597867269612,0.1573111630333747,0.031287722683533,0.8904752232974729,0.0,0.0,196.0,0.4744897959183674,0.5272857142857144,3.0,1.0,3.0,1.0,36.0,0.0,51.0,7.0,6.702644608667067,0.6736,0.725,1.030956862745098,390.1,389.9,390.1,33317.672,4.745,0.371,39835.5,6517.829,13918.224,11253.694,6205.78,1251.813,339.741,33317.676,4.745,0.004,0.0,1342110.5,2168430.75,830893.25,100.0,100.0,8257.109,2617.387,49602.09,37505.77,7.064,1.351,0.961,100.0,141602.047,41832.457,46236.66,31447.281,121801.43,86.51,119516.398,429.0,359.0,184.0,92.0,17.0,27.0,7.0,28.0,330148.0,90958.0,259962169.0,185057916.0,118961936.0,2.7538365654681507,1.65942447620893,1.659513045004302,35.1531515,41.8612842,29.5962132,79166602108.4249,9.093251091703056,2168.43075
2011,0.027636,0.000575,0.00125,0.0313965,-0.00364605,-0.0298833,86.4457,0.99498,0.00617284,0.000342084,0.0,0.0,0.0,0.0,0.0635593,0.26895,0.750671,0.36339,-0.0186483,-0.0343798,192.0,70.8683,88.7767,111.25559997558594,0.879845706796973,126.44898885806406,197.39,38.83,244.67,18.96,322.59,186.49,628.74,76.79,58.36,30.97,56.05,38.12,10.39,168.21,92.4,93.16,255.47,72.03,119.51,159.0,88.95,31.63,177.69,85.09,27.86,59.5,274.73,328.76,196.71,30.95,104.63,58.08,62.58,47.94,44.64,14.74,604.75,21.71,34.76,33.09,81.18,32.7,228.73,276.82,126.45,75.16,369.43,119.03,254.44,367.429,211.988,120.0256618299149,173.32537690812686,93.66840555253,109.37349903939,3.60102535428,9.46956051873,7950.4570425072,151.0754382805,2162.6320845341,1413.19419428434,23463.3240273775,20632.5258165226,1975.77487091739,46800000.0,254000000.0,16100000.0,2680.0,2030000000.0,4750000.0,2340000.0,200000000.0,23300.0,268000.0,12500000.0,46622.32,1950086.153,32640.678,963276.166,44787.504,1819049.2479999992,5.0,6850.0,1350.0,2678911.4450000003,0.1423182388257639,0.0396973651212597,0.2134074587789259,CHN,0.2134074587789259,0.1423182388257639,1.4995088510067525,0.0799344457687709,0.2742113050534668,1.4995088510067525,2.0,0.1712032483389166,0.1617175730372244,0.0325524110292289,0.9445940693665212,0.0,0.0,197.0,0.4720812182741117,0.5305397727272727,2.0,1.0,1.0,1.0,,2.0,59.0,7.0,6.556742910084562,0.5326,0.6075,0.889956862745098,391.85,391.65,391.85,34479.988,4.849,,40872.547,6392.556,14704.223,11310.148,6389.33,1344.747,356.251,34479.988,4.849,0.0,0.0,1376590.625,2209303.5,837285.75,100.0,100.0,8498.255,2703.093,50934.176,38830.555,7.163,1.374,0.979,100.0,144913.297,44787.504,46622.32,32640.678,124911.508,86.683,124050.502,353.0,290.0,153.0,82.0,16.0,15.0,8.0,36.0,34124.0,10001.0,212774526.0,493201844.0,181097721.0,2.79651739048731,1.64959244207045,1.6952777662931835,33.4410414,40.0057175,28.0500189,84201582744.05899,9.410477074235809,2209.3035
2012,0.017878,0.000875,0.00125,0.0207319,-0.00279594,-0.0194536,88.5942,1.03065,0.0,0.0,0.025,0.00298528,0.01875,0.00328957,0.0550847,0.0486589,0.793003,0.37475,-0.00707398,-0.0201792,194.0,73.5943,91.6361,111.6697006225586,0.8980536732471747,124.34635473265676,199.5,38.58,162.83,17.27,250.06,125.7,610.2,86.62,58.49,31.46,54.28,38.58,8.58,149.16,81.66,78.46,212.17,54.04,112.0,126.23,77.4,27.39,133.36,94.27,32.34,45.04,286.37,290.51,170.36,24.34,70.52,33.63,56.22,41.07,56.71,10.11,546.98,23.56,28.22,32.17,76.29,32.25,215.55,258.79,111.55,71.04,347.97,108.77,,,,,,95.2641103918,87.42099851825,2.49663582207,10.40853971998,7223.39386992585,116.57073929595,1835.51047159843,1514.57649157821,19165.3764036392,15919.0293463928,1769.40352740269,49300000.0,253000000.0,16700000.0,2740.0,2070000000.0,5080000.0,2570000.0,216000000.0,24300.0,254000.0,13300000.0,47892.43,1997978.583,33416.98,996693.146,45246.113,1864295.360999999,11.0,14650.0,850.0,2693561.4450000003,0.1380699891726634,0.0393868329726292,0.2189670225971098,CHN,0.2189670225971098,0.1380699891726634,1.585913230740394,0.0810590081800127,0.2762647262026538,1.585913230740394,2.0,0.1672342090264209,0.1665666082819387,0.0329962948920082,0.9960079893439936,0.0,0.0,197.0,0.4771573604060913,0.5318124999999999,6.0,3.0,3.0,2.0,,2.0,64.0,7.0,5.932950901465755,0.5715,0.6467,0.928856862745098,394.06,393.85,394.06,34954.734,4.854,,41636.855,6682.122,14867.802,11432.716,6523.143,1377.354,374.059,34954.734,4.854,0.0,0.0,1411545.25,2250940.25,843967.875,100.0,100.0,8568.392,2717.485,51787.148,39379.574,7.191,1.397,0.997,100.0,147002.422,45246.113,47892.43,33416.98,126707.328,86.681,126555.52300000002,371.0,318.0,136.0,91.0,21.0,51.0,6.0,29.0,11616.0,9005.0,123480831.0,208030033.0,183429875.0,2.770147284749966,1.61766039428314,1.7124405682056314,32.3710899,38.8422426,27.0858778,87155724199.983,9.54004748908297,2250.94025
2013,0.023355,0.000591667,0.00125,0.0146597,0.00856965,-0.0138648,88.7635,1.04343,0.0,0.0,0.01875,0.035688,0.00625,0.000317096,0.00423729,0.000307255,0.779646,0.40056,-0.00914949,-0.0191975,194.0,75.921,92.7611,108.65851593017578,0.9112080000286856,119.24666588392014,192.98,43.31,167.65,17.79,216.0,167.81,625.56,71.86,50.11,27.86,55.52,35.62,7.72,134.9,74.13,80.18,165.16,45.63,103.36,131.31,74.72,26.29,138.41,63.46,27.05,24.69,238.61,274.44,128.61,24.46,52.0,33.57,53.11,33.78,34.65,8.24,456.73,21.5,22.84,31.31,80.2,29.42,213.1,256.3,102.2,64.39,349.36,99.84,,,,,,94.83143279962,77.04981247463,3.39315110099,10.73880030372,6680.72936445054,123.33593488996,1682.61409425971,1286.07043439102,20303.2315595363,13696.3985277155,1740.55259259355,52200000.0,296000000.0,18400000.0,2960.0,2230000000.0,4930000.0,2610000.0,232000000.0,26700.0,322000.0,13200000.0,47965.855,2045944.438,33702.988,1030396.134,45969.586,1910264.946999999,4.0,4100.0,2200.0,2697661.4450000003,0.1317713789704891,0.0387709212504396,0.2267569411426538,CHN,0.2267569411426538,0.1317713789704891,1.7208360640548297,0.0828003138197121,0.2794145314506622,1.7208360640548297,2.0,0.1664808357812798,0.1725833317413593,0.0319726292989016,1.0366558464909252,0.0,0.0,197.0,0.467005076142132,0.5277613636363636,1.0,1.0,2.0,4.0,,2.0,66.0,7.0,5.903832624376024,0.6186,0.6775,0.975956862745098,396.74,396.52,396.74,35275.82,4.838,,41595.344,6319.521,14953.153,11516.626,6573.116,1441.334,382.017,35275.816,4.838,-0.004,-0.0,1446821.125,2292535.5,850287.438,100.0,100.0,8520.598,2700.372,51689.281,39676.91,7.089,1.42,1.015,100.0,149599.734,45969.586,47965.855,33702.988,128401.547,86.35,127638.429,352.0,296.0,148.0,105.0,9.0,14.0,10.0,33.0,22201.0,20501.0,99385790.0,157783712.0,145805473.0,2.7866034573901395,1.62108816969612,1.718970941545086,31.7382643,38.1353535,26.500441,90327218264.589,9.627680131004366,2292.5355
2014,0.025302,0.00035,0.00125,0.0161546,0.00900195,-0.0155534,90.2553,1.04242,0.0248447,0.00481371,0.01875,0.0289237,0.00625,0.00729344,0.0211864,0.00486675,0.784761,0.415266,-0.00867641,-0.0197251,194.0,78.3729,95.5876,98.94600677490234,0.925989825577136,106.85431312728826,232.32,49.67,212.6,20.79,184.86,194.62,585.21,46.66,36.67,22.92,53.12,31.06,7.68,154.36,68.29,77.27,159.73,50.47,105.28,127.0,83.19,26.74,98.0,54.61,19.99,28.31,210.53,251.36,101.2,30.22,73.53,30.37,43.82,31.97,28.33,5.67,415.02,18.6,21.61,29.29,85.83,26.51,202.67,244.37,98.46,65.78,328.09,97.16,,,,,,88.90069284065,64.78521939954,4.03648190916,9.28560431101,6340.32101616628,89.56347540066,1725.09930715935,1169.1247113164,20229.9045419554,15605.8899153195,1996.2779060816,54100000.0,258000000.0,18600000.0,3040.0,2370000000.0,4630000.0,2130000.0,235000000.0,28000.0,322000.0,13500000.0,49090.754,2095035.192,34451.488,1064847.622,45840.074,1956105.020999999,8.0,9181.0,6601.0,2706842.4450000003,0.1285183271781647,0.0389222521428542,0.2271083160170422,CHN,0.2271083160170422,0.1285183271781647,1.7671278564200603,0.0823953334769369,0.2786851494347661,1.7671278564200603,2.0,0.1649033561229116,0.1789953059640051,0.0308260336653273,1.085455809829546,0.0,0.0,197.0,0.467005076142132,0.5279488636363636,4.0,3.0,2.0,2.0,,2.0,70.0,7.0,5.754703935870976,0.6679,0.7492,1.0252568627450982,398.81,398.65,398.81,35465.695,4.805,,41875.609,6409.911,15014.883,11561.832,6604.976,1492.451,383.772,35465.695,4.805,0.0,0.0,1482286.875,2334411.25,856697.312,100.0,100.0,8601.788,2733.968,52086.367,39923.324,7.056,1.443,1.033,100.0,151239.172,45840.074,49090.754,34451.488,129225.125,85.966,129382.316,342.0,289.0,136.0,99.0,18.0,17.0,4.0,31.0,20889.0,7093.0,142763712.0,126225432.0,116744697.0,2.740677447187331,1.60754409974315,1.7048847665362528,31.6690208,38.071988000000005,26.3834578,91743938407.672,9.679501910480347,2334.41125
2015,0.021316,0.000525,0.00375,0.00121137,0.0200803,-0.000685542,100.0,1.04661,0.0,0.0,0.08125,0.0357441,0.0125,0.0012565,0.0337553,0.00510721,0.797648,0.44695,-0.0106749,-0.0110867,194.0,90.9802,108.17,52.38676071166992,0.9270883007827176,56.506764962346175,209.47,39.37,162.67,13.72,149.27,116.45,305.78,35.27,32.23,20.89,44.56,26.11,6.84,158.96,54.77,65.85,149.09,35.4,94.15,93.06,74.27,23.79,56.42,59.41,19.93,30.94,192.85,191.11,83.32,30.9,58.59,25.71,46.05,25.29,29.34,4.56,361.58,15.03,17.05,29.86,84.31,24.04,127.09,154.59,78.53,57.21,191.11,84.51,,,,,,51.85733910062,60.2218929873,2.67059194169,6.96963633222,5630.38384251218,57.06975239263,1700.91022104152,1185.92350396785,16416.2988317837,12120.8082149791,1973.71853819693,57800000.0,294000000.0,19300000.0,3100.0,2370000000.0,4940000.0,2110000.0,261000000.0,27600.0,307000.0,13300000.0,50735.289,2145770.481,35151.949,1099999.571,44567.742,2000672.762999999,3.0,11000.0,3200.0,2717842.4450000003,0.131376477251341,0.0362977163790284,0.2282970164644222,CHN,0.2282970164644222,0.131376477251341,1.737731298942192,0.0835632379686584,0.2807834345780486,1.737731298942192,2.0,0.1612688439175987,0.1903896592751265,0.0293142225746447,1.1805731017232766,0.0,0.0,197.0,0.4771573604060913,0.5266704545454547,2.0,0.0,3.0,1.0,,2.0,69.0,7.0,5.953328521210295,0.818,0.8967,1.175356862745098,401.01,400.83,401.01,35403.527,4.739,0.331,41916.152,6512.625,14655.017,11770.022,6728.989,1440.666,381.194,35403.531,4.739,0.004,0.0,1517690.375,2376327.25,863210.0,100.0,100.0,8616.349,2741.356,52119.312,39824.973,6.977,1.466,1.052,100.0,152357.625,44567.742,50735.289,35151.949,129769.422,85.694,130454.97999999998,401.0,355.0,161.0,120.0,29.0,12.0,13.0,30.0,24340.0,13331.0,431876955.0,112649041.0,104128479.0,2.6877657756073714,1.5899568005391,1.690464655829669,31.6275314,38.0687196,26.2812118,91565211490.417,9.662534661572051,2376.32725
2016,0.018329,0.003175,0.00625,0.0126736,0.00558461,-0.00937973,104.242,1.06582,0.00625,0.0251313,0.025,0.00960407,0.0,0.0,0.0421941,0.00532659,0.83669,0.47524,-0.0137105,-0.0145747,193.0,91.4923,113.066,43.734169006347656,0.9387842910874576,46.58596167569805,184.25,31.54,140.44,12.45,165.54,109.91,267.74,33.97,29.84,21.18,34.66,22.03,6.51,134.88,47.78,67.89,114.21,28.27,82.61,102.59,79.36,20.85,58.13,53.86,17.31,13.21,204.94,176.88,89.75,28.14,59.26,26.76,43.53,27.7,30.93,4.6,398.24,15.34,22.62,28.51,81.26,25.97,115.64,140.76,74.89,54.62,171.56,75.69,,,,,,45.53009086934,70.32152859017,2.65044843844,4.85315627353,5176.96213974264,62.13353894147,1706.03176291255,1328.287071502,19072.3829274345,10204.3806941047,2222.66829735191,59400000.0,286000000.0,20500000.0,3180.0,2370000000.0,4670000.0,2000000.0,265000000.0,28600.0,309000.0,13800000.0,50937.781,2196708.262,35535.949,1135535.52,42191.59,2042864.3529999992,8.0,32640.0,8900.0,2750482.4450000003,0.1321610055236955,0.0362270055799336,0.2290637614691479,CHN,0.2290637614691479,0.1321610055236955,1.7332174536768217,0.0844083326498741,0.2822920260524758,1.7332174536768217,2.0,,,,,0.0,0.0,197.0,0.482233502538071,0.5256875,1.0,0.0,2.0,1.0,,4.0,68.0,7.0,5.5724756758754,0.9248,1.0117,1.282156862745098,404.41,404.24,404.41,35392.832,4.682,0.321,40769.383,5376.553,14322.989,11900.264,6914.85,1476.147,371.508,35392.832,4.682,0.0,0.0,1553083.125,2417096.75,868586.5,100.0,100.0,8652.835,2759.229,51013.094,39812.508,6.749,1.488,1.07,100.0,154221.484,42191.59,50937.781,35535.949,130666.328,85.283,128665.32,349.0,294.0,159.0,86.0,14.0,12.0,10.0,30.0,10729.0,7045.0,205470848.0,236174215.0,146042981.0,2.640941982852164,1.57863383346267,1.672928786189362,31.1454081,37.5621374,25.7702126,92695820822.125,9.659615720524018,2417.09675
2017,0.023266,0.00930833,0.01375,0.0213144,0.00191082,-0.0117556,104.033,1.05529,0.0,0.0,0.0,0.0,0.0129032,3.03617e-05,0.0470085,0.00683489,0.824388,0.49394,-0.027431,-0.0265823,193.0,91.0794,112.81,54.19244003295898,0.958781429184698,56.52220452271551,194.91,29.6,163.37,13.34,215.15,127.79,309.01,34.57,28.37,20.88,31.15,21.8,7.81,151.04,59.29,82.43,124.63,30.03,87.85,112.36,107.48,22.9,69.13,42.82,14.2,15.85,202.04,166.41,87.46,19.34,53.34,29.51,32.82,27.68,32.33,5.59,377.21,14.58,19.65,32.74,76.86,27.23,129.55,158.66,79.11,55.25,197.62,81.13,,,,,,54.27587624627,90.98399972591,3.04355534998,5.87629078418,6341.80285743653,73.75886524823,2022.46291157022,1292.58830986398,20619.970363518,10699.5939973276,2971.39137287148,59400000.0,308000000.0,20100000.0,3260.0,2440000000.0,4570000.0,2190000.0,252000000.0,26500.0,341000.0,13700000.0,51008.156,2247716.418,36843.316,1172378.836,43193.328,2086057.6809999992,7.0,20800.0,17800.0,2771282.4450000003,,,,,,,,,,,,,,,,0.0,0.0,197.0,0.4720812182741117,0.5231136363636364,1.0,1.0,1.0,3.0,,2.0,69.0,7.0,5.80805374183339,0.8365,0.9142,1.193856862745098,406.76,406.55,406.76,35974.609,4.705,0.314,41282.379,5307.768,14494.168,12085.292,7084.615,1499.947,384.212,35974.605,4.705,-0.004,-0.0,1589057.75,2458379.0,873894.312,100.0,100.0,8797.017,2814.724,51702.664,40479.066,6.762,1.511,1.088,100.0,157625.312,43193.328,51008.156,36843.316,133092.719,84.997,131044.8,368.0,318.0,127.0,130.0,11.0,10.0,15.0,25.0,11906.0,8749.0,104234119.0,406049351.0,394099267.0,2.7127608949130533,1.57607833344067,1.721209433157386,30.8852702,37.343040300000006,25.465451700000003,93461750738.895,9.818397652838428,2458.379
2018,0.029121,0.0193917,0.02375,0.02439,0.00461837,-0.00487931,103.005,1.06847,0.0,0.0,0.0,0.0,0.0,0.0,0.0470085,0.00677038,0.825243,0.493377,-0.0225055,-0.0289193,192.0,89.0155,112.004,71.31005859375,0.9822004642280124,72.60234666025953,181.93,24.18,170.02,11.85,248.08,131.58,384.08,34.64,29.47,21.49,40.57,24.35,8.17,147.56,61.26,77.89,135.47,36.94,98.78,110.14,106.06,24.75,66.54,40.97,13.69,27.07,199.05,150.64,78.61,21.34,45.89,31.49,30.47,22.98,28.02,4.28,374.15,14.27,14.97,28.9,78.89,37.08,149.72,183.77,81.39,53.62,237.77,88.67,,,,,,67.0994502258,105.06823090516,3.10202729236,7.54140943832,6410.56188232214,68.47797630735,2069.97349302965,1246.05013417108,19777.3471758623,12874.5966686302,2869.0154787617,63300000.0,341000000.0,20600000.0,3310.0,2460000000.0,4520000.0,2380000.0,224000000.0,25900.0,327000.0,13100000.0,52229.098,2299945.516,38559.543,1210938.3790000002,45150.984,2131208.664999999,5.0,87760.0,86140.0,2859042.4450000003,,,,,,,,,,,,,,,,0.0,0.0,197.0,0.4771573604060913,0.5233352272727273,0.0,0.0,3.0,2.0,,4.0,75.0,7.0,5.774418496672037,0.7532,0.8492,1.110556862745098,408.72,408.52,408.72,36734.004,4.752,0.309,41616.027,4882.023,14762.694,12142.828,7419.413,1546.849,404.041,36734.004,4.752,0.0,0.0,1625791.75,2499995.25,878776.312,100.0,100.0,8935.43,2814.039,52139.289,41362.039,6.745,1.534,1.106,100.0,161806.125,45150.984,52229.098,38559.543,136007.172,84.619,135939.625,334.0,287.0,127.0,95.0,16.0,27.0,10.0,30.0,15986.0,6702.0,84121984.0,162100646.0,152414320.0,2.7181095786562017,1.55402364144679,1.7490786537363434,30.8975673,37.4378072,25.400315000000003,94201013949.213,10.02565611353712,2499.99525
2019,0.021393,0.0207167,0.01625,0.0181326,0.00320234,0.00253806,105.956,1.08004,0.0,0.0,0.0,0.0,0.0,0.0,0.034188,0.00332798,0.838018,0.48836,-0.0203741,-0.01653,191.0,92.0268,115.733,64.2105712890625,1.0,64.2105712890625,202.75,17.88,167.2,12.14,177.09,105.03,331.79,36.01,29.94,20.98,38.2,24.78,6.83,119.06,55.38,68.17,138.19,38.49,96.71,100.21,90.91,21.94,87.24,40.27,15.94,16.73,214.5,145.35,79.69,21.39,44.36,26.36,32.62,21.26,27.75,4.41,372.12,13.11,14.94,25.55,72.93,33.4,134.33,163.83,76.42,55.54,206.53,88.1,,,,,,61.72848813832,78.29295670822,2.57929567082,4.82745402713,6041.56111781263,94.33973327972,1803.86844926953,1399.77717464147,18758.7019166332,13986.6388553813,2563.74145556896,62600000.0,388000000.0,20400000.0,3260.0,2450000000.0,4650000.0,2590000.0,224000000.0,25800.0,294000.0,13600000.0,52156.902,2352102.418,39725.438,1250663.8170000005,45802.574,2177011.238999999,3.0,2300.0,1000.0,2861342.4450000003,,,,,,,,,,,,,,,,0.0,0.0,197.0,0.4720812182741117,0.5219374999999999,2.0,1.0,2.0,3.0,,4.0,80.0,7.0,5.923788666449621,0.8873,0.9775,1.244656862745098,411.65,,411.65,37086.566,4.748,0.304,41973.746,4887.178,14702.956,12325.908,7574.056,1615.727,432.392,37086.566,4.748,0.0,0.0,1662878.375,2541969.0,883663.5,100.0,100.0,9008.441,2819.104,52571.34,41798.785,6.73,1.558,1.124,100.0,163694.609,45802.574,52156.902,39725.438,136678.062,84.092,137684.914,437.0,363.0,195.0,92.0,16.0,21.0,14.0,35.0,22669.0,11654.0,109240064.0,120350467.0,117479026.0,2.685962924643325,1.54325142596092,1.7404571150620418,,,,96182257155.953,10.121879366812228,2541.969
2020,0.008828,0.00381667,0.00125,0.0124919,-0.00361869,-0.00856819,107.372,1.31831,0.0,0.0,,,0.0,0.0,0.0213675,0.00232849,0.987668,0.56999,0.0484783,0.0471301,191.0,,117.774,41.83834457397461,1.0123358439630663,41.328522370784505,196.38,14.75,165.62,10.8,145.6,82.27,225.98,33.7,28.77,24.62,33.59,26.39,6.41,105.48,56.2,61.55,141.24,37.68,87.06,90.84,79.82,21.49,99.47,34.39,14.86,7.96,269.37,146.8,99.68,21.39,50.58,24.05,35.81,26.25,37.87,4.59,375.44,14.27,14.92,26.58,68.21,20.59,106.48,130.32,73.08,55.73,152.97,82.72,,,,,,42.14277607536261,62.08886618998978,2.0575842696629207,3.311566945240041,6306.201055498805,111.25468164793666,1740.537963908754,1808.2269322437896,17491.92969016006,14082.999659516548,2315.065543071164,65000000.0,393000000.0,20600000.0,3050.0,2470000000.0,4430000.0,,221000000.0,24100.0,276000.0,13800000.0,48711.66,2400814.078,38669.66,1289333.4770000002,43486.125,2220497.363999999,,,,,,,,,,,,,,,,,,,,,,,,,,,,,,,,,,0.9162,1.0067,1.2735568627450982,414.21,,414.21,35158.23,4.458,0.296,39674.77,4516.54,14267.035,10932.342,7520.82,1624.052,400.001,35158.23,4.458,0.0,0.0,1698036.625,2581643.75,888180.062,100.0,100.0,8903.343,2852.967,50601.266,40091.508,6.416,1.581,1.142,100.0,157993.891,43486.125,48711.66,38669.66,130121.617,82.985,130867.445,406.0,371.0,201.0,126.0,11.0,5.0,9.0,20.0,15749.0,15305.0,103460577.0,205883090.0,188312993.0,2.51750028030611,1.52532267952271,1.6504706276929306,,,,95798301948.974,9.595586790393014,2581.64375
2021,0.014377,0.000438889,0.00125,0.0468219,-0.0309937,-0.0443084,105.208,1.24524,,,,,,,0.00854701,0.00244833,0.940303,0.56895,-0.0725053,-0.0725689,191.0,,113.105,70.91189575195312,1.059893953138463,66.9047082889521,214.7,19.91,199.59,16.07,293.16,150.58,373.17,54.79,43.11,21.7,40.53,31.17,8.88,152.19,81.0,70.89,197.92,48.2,114.62,164.09,100.99,30.73,139.04,53.22,31.96,28.08,261.55,173.18,116.66,20.92,65.58,32.31,44.12,37.7,30.59,5.25,348.84,19.55,19.61,25.29,62.43,20.55,157.33,194.99,94.39,60.28,246.26,108.9,,,,,,63.13579118424132,126.18829981718464,3.5204829372303474,14.731149861407678,8516.499085923217,147.81535648994517,2260.3732480194976,1644.9992382693508,29601.59811090795,16878.396556977423,2744.5345825715995,67500000.0,384000000.0,,3120.0,2680000000.0,4550000.0,,238000000.0,25000.0,305000.0,13300000.0,49280.457,2450094.535,40465.746,1329799.2230000002,45359.484,2265856.8479999998,,,,,,,,,,,,,,,,,,,,,,,,,,,,,,,,,,0.7673,0.8475,1.124656862745098,416.41,,416.41,36866.863,4.635,0.293,41523.965,4657.103,14969.249,11513.166,7878.698,1666.885,402.216,36866.863,4.635,0.0,0.0,1734903.5,2623167.5,892837.125,100.0,100.0,9089.303,2895.432,52639.844,41943.742,6.618,1.605,1.16,100.0,166043.5,45359.484,49280.457,40465.746,136714.719,82.95,135105.68699999998,438.0,394.0,222.0,119.0,17.0,3.0,19.0,37.0,14619.0,7728.0,119488215.0,289682339.0,275456584.0,2.6554771973251787,1.51716610949777,1.7502877112145787,,,,99180891178.069,10.06191675764192,2623.1675
2022,0.029399,0.022275,0.04375,0.0799169,-0.0467794,-0.0533762,115.344,1.18617,,,,,,,0.00429185,0.0041821,0.903515,0.541695,-0.0800884,-0.100666,187.0,,120.698,,,,209.18,14.58,174.67,15.74,657.76,231.17,480.1,64.15,49.03,19.15,39.81,39.14,9.0,167.78,71.06,64.21,172.98,62.51,132.94,147.23,108.52,34.61,98.25,106.44,47.07,51.06,242.3,141.33,93.55,19.1,75.77,38.42,60.76,39.4,28.56,4.25,271.38,20.96,19.01,26.57,59.4,18.45,202.71,255.57,105.41,57.79,335.49,119.77,,,,,,82.67466061208172,293.6511990918093,5.422151270046829,34.34666423346104,7511.592876401302,103.27870015609196,2303.1240244075525,1533.0800340570456,26679.782886334608,21995.50872711792,2964.136511990915,,,,3160.0,,,,228000000.0,,,12900000.0,51482.996,2501577.5309999995,40503.566,1370302.7890000003,48548.547,2314405.394999999,,,,,,,,,,,,,,,,,,,,,,,,,,,,,,,,,,0.8018,0.8908,1.159156862745098,418.53,,418.53,37527.773,4.678,0.288,42313.164,4785.392,15449.177,11914.912,7758.746,1578.739,398.871,37527.773,4.678,0.0,0.0,1772431.25,2665480.75,897622.562,100.0,100.0,9278.556,2881.229,53515.586,42687.125,6.672,1.629,1.179,100.0,169061.531,48548.547,51482.996,40503.566,138548.688,82.573,140535.109,436.0,382.0,177.0,109.0,23.0,40.0,15.0,36.0,80333.0,74528.0,186243051.0,234112011.0,220979393.0,2.6809078818875185,1.50432217514506,1.7821367830524746,,,,99732528386.097,10.242296124454148,2665.48075
2023,0.039582,0.051775,0.05375,0.0412827,-0.00163327,0.0100763,116.056,1.18725,,,,,,,0.00436681,0.00138325,0.914691,0.560883,-0.0305089,-0.0542463,157.0,,120.266,,,,175.23,12.61,115.26,12.45,297.05,87.09,379.27,45.66,37.32,23.31,35.25,25.37,7.21,154.84,65.64,61.2,161.56,49.97,116.25,116.75,79.34,28.82,94.07,123.55,20.07,27.47,251.08,136.4,96.47,25.15,58.68,26.99,39.57,26.29,33.09,3.56,242.8,17.82,23.12,22.92,67.02,17.75,152.4,188.41,81.94,49.96,246.26,106.63,,,,,,70.77624403544259,151.42784107508328,2.2241966111568803,11.492903809114813,7441.096260590123,105.6741162722787,1976.9843704352936,1702.5993280747855,22732.789950335933,18861.62576687117,2324.8064563248645,,,,,,,,,,,,52501.914,2554079.445,40642.184,1410944.9730000002,50074.297,2364479.691999999,,,,,,,,,,,,,,,,,,,,,,,,,,,,,,,,,,1.1098,1.1675,1.467156862745098,421.08,,421.08,38094.039,4.708,,42839.594,4745.551,15636.373,12278.241,7802.845,1540.286,411.343,38094.039,4.708,0.0,0.0,1810525.375,2708320.25,902368.062,100.0,100.0,9416.93,2911.154,54092.184,43274.887,6.685,1.654,1.197,100.0,172238.781,50074.297,52501.914,40642.184,140308.984,82.148,143218.395,454.0,401.0,163.0,139.0,13.0,45.0,16.0,36.0,139656.0,72400.0,118503603.0,203160285.0,151222180.0,2.6466291571355924,1.49137953790965,1.7746181235966034,,,,101737438854.411,10.396844705240174,2708.32025
2024,0.042081,0.0507417,0.04375,0.0292693,0.0124474,0.0208618,118.827,1.21005,,,,,,,0.0,0.0,0.947082,0.569174,-0.00743347,-0.0261281,150.0,,122.893,,,,205.86,10.66,133.22,12.7,233.3,73.23,359.74,36.18,27.34,24.07,30.15,22.07,7.51,141.54,68.65,57.59,153.94,37.91,105.66,131.56,80.66,28.94,84.34,56.9,15.01,25.62,299.76,130.96,113.21,54.59,70.56,23.91,34.87,27.75,30.47,5.0,218.49,13.39,19.51,24.7,76.57,17.21,143.39,176.51,79.17,52.03,227.09,97.18,,,,,,68.40462399845352,118.28554879814943,1.9036562409470028,9.52416119251955,7942.780191138141,95.04561251086012,2101.665218650452,2074.4591659426587,26121.867216912862,14608.13423110339,2411.678974804518,,,,,,,,,,,,52831.051,2606910.496,41244.516,1452189.4890000003,50618.328,2415098.019999999,,,,,,,,,,,,,,,,,,,,,,,,,,,,,,,,,,1.169,1.2842,1.526356862745098,424.61,,424.61,38598.578,4.729,,43184.086,4585.508,15805.254,12470.596,8009.828,1472.818,415.708,38598.578,4.729,0.0,0.0,1849123.875,2751504.25,906953.562,100.0,100.0,9498.914,2935.779,54433.398,43714.777,6.669,1.678,1.216,100.0,176737.094,50618.328,52831.051,41244.516,142420.891,81.257,144693.89500000002,404.0,372.0,141.0,147.0,12.0,18.0,21.0,21.0,20107.0,16125.0,167559670.0,0.0,0.0,2.638158154589961,1.47804723524233,1.7848943468693863,,,,104265902043.036,10.534546397379913,2751.50425
2025,,,,,,,,,,,,,,,,,,,,,,,,,,,232.04,8.01,176.87,13.6,184.38,115.01,299.91,29.87,28.41,16.25,23.97,20.46,7.95,150.05,72.78,53.21,153.14,33.31,100.44,145.24,81.14,29.18,76.75,55.44,17.22,45.5,420.98,170.77,155.3,56.59,103.62,20.81,32.45,28.26,22.36,4.65,215.43,11.69,15.68,23.04,92.12,19.01,128.22,161.51,84.83,53.71,196.49,95.86,,,,,,58.07524643506461,93.3598908986477,3.036369509043928,10.302665409465977,8567.876830318692,86.28911857594316,2266.7492104507583,2964.259977031292,29335.77591157046,13059.56790123454,2469.877978753945,,,,,,,,,,,,,,,,,,,,,,,,,,,,,,,,,,,,,,,,,,,,,,,,,,,1.048,1.1925,1.405356862745098,427.35,,427.35,,,,,,,,,,,,,,,,,,,,,,,,,,,,,,,,,,,63.0,56.0,22.0,20.0,1.0,0.0,8.0,6.0,4175.0,593.0,21597396.0,0.0,0.0,,,,,,,,,
