year,petroleo_precio_nominal_usd_bbl,deflactor_eeuu_2019,petroleo_precio_real_usd2019_bbl,jacks_beef,jacks_hides,jacks_lamb,jacks_pork,jacks_coal,jacks_natural_gas,jacks_petroleum,jacks_barley,jacks_corn,jacks_rice,jacks_rye,jacks_wheat,jacks_aluminum,jacks_chromium,jacks_copper,jacks_lead,jacks_manganese,jacks_nickel,jacks_steel,jacks_tin,jacks_zinc,jacks_bauxite,jacks_iron_ore,jacks_phosphate,jacks_potash,jacks_sulfur,jacks_gold,jacks_platinum,jacks_silver,jacks_cocoa,jacks_coffee,jacks_cotton,jacks_cottonseed,jacks_palm_oil,jacks_peanuts,jacks_rubber,jacks_saw_logs,jacks_soybeans,jacks_sugar,jacks_tea,jacks_tobacco,jacks_wool,jacks_indice_vp1975,jacks_indice_vp2019,jacks_indice_igual,jacks_sub_cultivados,jacks_sub_subsuelo,jacks_sub_subsuelo_sin_energia,gycpi_nominal,gycpi_metales_nominal,muv_g5,gycpi_real,gycpi_metales_real,cmo_petroleo_real2010,cmo_carbon_aus_real2010,cmo_gas_eeuu_real2010,cmo_gas_europa_real2010,cmo_cobre_real2010,cmo_hierro_real2010,cmo_aluminio_real2010,cmo_oro_real2010,cmo_estano_real2010,cmo_niquel_real2010,cmo_zinc_real2010,usgs_prod_mundial_aluminio_t,usgs_prod_mundial_bauxita_t,usgs_prod_mundial_cobre_t,usgs_prod_mundial_oro_t,usgs_prod_mundial_hierro_t,usgs_prod_mundial_plomo_t,usgs_prod_mundial_niquel_t,usgs_prod_mundial_fosfato_t,usgs_prod_mundial_plata_t,usgs_prod_mundial_estano_t,usgs_prod_mundial_zinc_t,mundo_oil_prod_twh,mundo_oil_cum_twh,mundo_gas_prod_twh,mundo_gas_cum_twh,mundo_coal_prod_twh,mundo_coal_cum_twh,mundo_gigantes_n,mundo_gigantes_eur_mbep,mundo_gigantes_eur_petroleo_mbep,mundo_gigantes_eur_cum_mbep
1850,,,,76.81,64.52,78.37,55.13,94.97,,,116.84,98.8,124.97,189.66,98.05,,,115.81,138.68,,397.66,58.31,61.75,86.29,,,,,,107.53,,214.4,79.91,138.99,134.81,,117.31,,,101.71,,210.84,191.12,181.27,121.18,,,,,,,,,,,,,,,,,,,,,,,,,,,,,,,,,,,,,,,,,,,0.0
1851,,,,78.47,77.74,81.92,76.31,108.08,,,126.47,98.94,118.76,205.84,70.05,,,118.31,137.69,,406.25,60.08,66.32,83.36,,,,,,109.85,,219.03,78.67,120.28,111.49,,111.85,,,113.35,,224.01,182.45,202.11,129.03,,,,,,,,,,,,,,,,,,,,,,,,,,,,,,,,,,,,,,,,,,,0.0
1852,,,,80.21,73.57,81.05,92.36,104.16,,,143.71,106.77,132.18,224.24,68.54,,,133.55,140.16,,401.91,62.09,68.01,94.93,,,,,,108.68,,216.69,63.19,112.38,110.3,,114.61,,,140.17,,196.05,155.16,180.21,144.9,,,,,,,,,,,,,,,,,,,,,,,,,,,,,,,,,,,,,,,,,,,0.0
1853,,,,100.92,85.27,99.47,84.04,113.5,,,166.83,109.24,160.08,200.92,111.95,,,159.06,189.52,,354.01,67.44,90.42,153.49,,,,,,108.68,,216.69,92.88,115.69,107.06,,146.22,,,149.52,,221.62,193.16,183.08,156.98,,,,,,,,,,,,,,,,,,,,,,,,,,,,,,,,,,,,,,,,,,,0.0
1854,,,,102.38,90.77,91.53,67.31,128.82,,,166.45,118.18,166.22,146.9,152.6,,,158.79,174.38,,325.74,63.7,85.41,163.24,,,,,,100.0,,199.38,94.58,123.18,86.57,,174.55,,,149.61,,196.08,180.65,169.19,134.13,,,,,,,,,,,,,,,,,,,,,,,,,,,,,,,,,,,,,,,,,,,0.0
1855,,,,101.76,104.61,87.26,84.3,124.43,,,156.75,135.84,170.64,119.3,178.46,,,154.24,165.86,,292.22,44.28,82.25,130.28,,,,,,97.14,,193.67,91.88,116.69,92.79,,155.42,,,140.32,,220.94,170.5,166.46,128.74,,,,,,,,,,,,,,,,,,,,,,,,,,,,,,,,,,,,,,,,,,,0.0
1856,,,,96.67,131.02,88.96,86.45,122.91,,,188.18,97.08,133.82,187.65,144.36,,,147.67,179.88,,297.9,43.51,96.97,143.94,,,,,,99.03,,197.44,93.66,129.51,112.33,,151.24,,,136.24,,256.3,168.62,173.91,157.19,,,,,,,,,,,,,,,,,,,,,,,,,,,,,,,,,,,,,,,,,,,0.0
1857,,,,96.22,159.87,88.06,99.91,135.64,,,187.29,106.94,133.92,177.48,123.68,,,150.12,169.54,,267.33,42.27,94.93,170.08,,,,,,96.33,,192.14,85.81,128.76,126.38,,157.45,,,115.83,,309.41,195.24,172.03,168.0,,,,,,,,,,,,,,,,,,,,,,,,,,,,,,,,,,,,,,,,,,,0.0
1858,,,,99.58,138.1,88.17,80.96,126.41,,,164.13,110.75,104.76,220.69,93.49,,,138.03,164.91,,234.55,44.82,87.87,154.82,,,,,,102.01,,203.38,90.05,128.75,133.98,,144.66,,,114.02,,264.01,196.88,175.44,159.08,,,,,,,,,,,,,,,,,,,,,,,,,,,,,,,,,,,,,,,,,,,0.0
1859,,,,98.59,139.84,90.72,88.15,120.67,,,156.9,124.31,117.37,183.39,125.3,,,136.66,165.11,,232.22,44.37,99.64,124.34,,,,,,100.99,,201.36,76.42,138.22,120.59,,165.26,,,119.84,,245.55,218.7,169.06,171.93,,,,,,,,,,,,,,,,,,,,,,,,,,,,,,,,,,,,,,,,,,,0.0
1860,,,,100.99,142.94,95.86,101.24,115.86,,500.0,171.37,107.57,140.57,193.56,132.43,,,132.47,161.44,,232.22,44.37,97.41,119.71,,,,,,100.99,,201.36,71.87,147.43,120.59,,168.93,,,128.52,,253.47,219.52,167.61,179.94,,,,,,,,,,,,,,,,,,,,,,,,,,,,,,,,,,,,,,,,,,,0.0
1861,0.4900000095367431,0.03528725009077666,13.886035558911933,95.32,117.31,88.85,66.82,110.83,,468.63,159.1,63.32,136.53,226.93,96.72,,,117.13,141.98,,219.17,43.26,83.51,99.65,,,,,,99.21,,190.04,69.55,159.44,143.69,,155.97,,,124.58,,216.8,189.08,164.32,157.35,,,,,,,,,,,,,,,,,,,,,,,,,,,,,,,,,,,,,,,,,,,0.0
1862,1.0499999523162842,0.03920805565631523,26.780209697727283,77.52,95.05,75.0,46.67,117.22,,306.51,135.49,62.01,119.59,175.53,90.17,,,100.29,125.87,,172.77,43.07,71.3,101.07,,,,,,116.32,,220.18,124.1,223.45,256.69,,130.54,,,109.12,,183.34,186.63,152.9,140.47,,,,,,,,,,,,,,,,,,,,,,,,,,,,,,,,,,,,,,,,,,,0.0
1863,3.150000095367432,0.04835660197623882,65.14105554636077,65.29,65.86,61.22,55.07,122.67,,354.51,102.4,103.14,99.42,98.72,94.2,,,79.42,100.84,,211.47,53.0,59.1,123.6,,,,,,118.71,,201.48,134.36,245.13,307.47,,89.99,,,82.82,,141.64,145.85,121.53,117.58,,,,,,,,,,,,,,,,,,,,,,,,,,,,,,,,,,,,,,,,,,,0.0
1864,8.0600004196167,0.06142595386152055,131.2149004277128,55.99,50.98,49.82,83.72,121.78,,412.83,71.94,151.8,69.34,54.18,115.83,,,65.68,81.55,,234.52,53.89,40.93,161.63,,,,,,97.81,,242.41,117.04,104.85,274.42,,66.08,,,66.18,,134.14,113.44,94.78,104.56,,,,,,,,,,,,,,,,,,,,,,,,,,,,,,,,,,,,,,,,,,,0.0
1865,6.590000152587891,0.06011901867315202,109.61589689970864,56.46,46.0,55.92,104.38,131.02,,424.07,71.27,86.09,75.93,69.26,83.14,,,59.08,74.91,,165.95,45.86,34.54,126.35,,,,,,73.02,,150.28,132.1,100.34,178.51,,69.36,,,59.4,,109.17,119.45,90.81,96.56,,,,,,,,,,,,,,,,,,,,,,,,,,,,,,,,,,,,,,,,,,,0.0
1866,3.740000009536743,0.0575051482960399,65.03765524232722,59.19,45.57,54.68,91.15,103.38,,331.16,91.71,75.56,85.77,77.27,97.96,,,59.15,78.78,,157.09,52.29,31.93,134.85,,,,,,73.67,,144.15,93.93,89.28,151.57,,80.78,,,55.48,,107.86,118.79,91.57,98.65,,,,,,,,,,,,,,,,,,,,,,,,,,,,,,,,,,,,,,,,,,,0.0
1867,2.4100000858306885,0.05489127791891413,43.9049731979416,60.82,48.9,52.92,70.22,94.31,,261.73,104.98,128.8,91.28,58.59,159.74,,,55.65,81.46,,165.33,56.12,36.36,126.89,,,,,,79.82,,152.51,77.02,83.73,118.61,,84.63,,,56.62,,124.66,124.84,98.28,90.78,,,,,,,,,,,,,,,,,,,,,,,,,,,,,,,,,,,,,,,,,,,0.0
1868,3.630000114440918,0.052277407541845705,69.43726334430923,60.48,56.34,51.06,94.14,93.54,,217.63,117.44,129.43,87.81,54.29,143.58,,,57.09,82.62,,129.03,52.65,41.32,132.86,,,,,,80.34,,159.26,72.0,75.46,119.91,,85.92,,,61.97,,129.72,132.67,107.56,86.5,,,,,,,,,,,,,,,,,,,,,,,,,,,,,,,,,,,,,,,,1.0,3500.0,3500.0,3500.0
1869,3.640000104904175,0.05227740754185252,69.62855038268768,67.49,60.67,60.58,115.2,100.85,,221.72,112.54,109.9,79.94,75.3,97.07,,,58.71,86.19,,164.12,51.42,57.17,144.81,,,,,,74.1,,149.2,68.07,78.71,143.47,,91.87,,,68.88,,144.99,127.69,100.25,83.38,,,,,,,,,,,,,,,,,,,,,,,,,,,,,,,,,,,,,,,,0.0,0.0,0.0,3500.0
1870,3.859999895095825,0.04966353716476086,77.7230160286432,73.54,65.34,63.26,107.81,99.9,,186.15,103.24,121.37,83.48,103.39,88.1,,,57.75,86.5,,157.82,50.28,59.22,131.01,,,,,156.43,71.97,,142.0,78.82,88.07,124.85,,91.26,203.42,,71.93,,151.41,128.85,93.16,84.52,,,,,,,,,,,,,,,,,,,,,,,,,,,,,,,,,,,,,,,,1.0,900.0,900.0,4400.0
1871,4.340000152587891,0.04704966678769023,92.24295194633302,86.76,76.15,73.41,68.47,106.73,,174.48,130.24,88.39,84.54,105.25,118.16,,,65.5,91.17,,173.89,48.56,67.83,116.33,,,,,164.76,77.07,,149.81,66.69,108.73,95.43,,95.0,221.77,,77.98,,167.16,131.73,104.66,114.58,,,,,,,,,,,,,,,,,,,,,,,,,,,,,,,,,,,,,,,,2.0,2658.0,2658.0,7058.0
1872,3.640000104904175,0.04704966678764502,77.36505598080066,85.12,88.85,78.07,58.64,102.59,,166.36,124.66,69.23,92.91,102.1,121.52,,,88.28,101.16,,296.4,48.3,73.9,117.27,,,,,120.91,78.9,,153.73,71.59,140.09,123.13,,97.5,188.51,,80.05,,161.76,134.46,109.79,140.23,,,,,,,,,,,,,,,,,,,,,,,,,,,,,,,,,,,,,,,,0.0,0.0,0.0,7058.0
1873,1.830000042915344,0.04704966678763517,38.89506914417245,93.56,95.0,84.44,62.87,109.72,,130.56,166.03,67.14,91.03,106.03,116.06,,,81.39,119.82,,516.32,52.4,68.2,139.49,,,,,163.33,77.94,,153.88,65.75,172.87,103.69,,96.97,178.83,,82.86,,154.1,136.34,90.07,136.45,,,,,,,,,,,,,,,,,,,,,,,,,,,,,,,,,,,,,,,,0.0,0.0,0.0,7058.0
1874,1.1699999570846558,0.044435796410605764,26.330122369662416,89.53,95.28,77.48,87.61,115.09,,96.72,174.28,127.55,99.64,125.98,113.2,,,80.43,119.2,,437.97,53.71,53.2,123.06,,,,,129.67,83.6,,160.55,69.92,187.24,93.54,112.38,96.52,230.71,,83.63,,153.25,146.09,150.77,130.49,,,,,,,,,,,,,,,,,,,,,,,,,,,,,,,,,,,,,,,,0.0,0.0,0.0,7058.0
1875,1.350000023841858,0.0431288612221019,31.301545776730002,100.18,87.1,92.06,112.7,113.0,,100.68,160.9,126.5,85.81,115.9,110.38,,,86.62,125.07,,433.91,53.75,47.32,122.81,,,,,142.46,86.87,,164.58,69.36,175.67,91.35,126.1,100.15,197.43,,79.44,,150.01,149.17,87.92,127.2,,,,,,,,,,,,,,,,,,,,,,,,,,,,,,,,,,,,,,,,0.0,0.0,0.0,7058.0
1876,2.559999942779541,0.04182192603351003,61.21190929199024,97.0,72.32,95.61,105.65,103.28,,154.13,131.86,91.23,95.28,106.34,113.83,,,82.21,123.81,,378.3,55.05,42.69,130.2,,,,,140.48,83.7,,158.99,80.7,184.24,84.19,102.12,108.26,171.85,,76.41,,159.76,149.93,85.36,116.27,,,,,,,,,,,,,,,,,,,,,,,,,,,,,,,,,,,,,,,,1.0,514.0,514.0,7572.0
1877,2.4200000762939453,0.04182192603351622,57.86438612020283,93.56,83.9,93.79,83.97,89.48,,132.11,124.73,94.54,108.37,97.0,144.31,,,75.3,119.46,,245.87,56.35,40.15,110.89,,,,,120.3,81.54,,150.0,87.77,197.85,99.35,104.53,116.65,152.63,,74.48,,188.7,149.36,64.64,116.16,,,,,,,,,,,,,,,,,,,,,,,,,,,,,,,,,,,,,,,,0.0,0.0,0.0,7572.0
1878,1.190000057220459,0.03790112046788102,31.397490167313503,98.21,88.06,97.02,60.34,80.76,,93.14,120.79,82.21,113.75,91.57,115.09,,,72.06,101.68,,153.23,59.14,37.81,94.2,,,,,119.74,84.26,,142.89,95.97,169.47,99.25,87.66,116.32,160.21,,71.49,,165.05,150.01,72.87,117.92,,,,,,,,,,,,,,,,,,,,,,,,,,,,,,,,,,,,,,,,0.0,0.0,0.0,7572.0
1879,0.8600000143051147,0.03659418527929381,23.501001805107297,90.19,82.88,91.31,61.1,79.27,,70.64,123.89,78.67,110.34,113.25,118.16,,,67.41,92.51,,143.55,56.83,45.24,97.22,,,,,108.85,84.18,,148.61,108.44,149.34,100.51,99.85,104.07,133.06,,72.88,,158.45,144.02,76.64,106.22,,,,,,,,,,,,,,,,,,,,,,,,,,,,,,,,,,,,,,,,0.0,0.0,0.0,7572.0
1880,0.949999988079071,0.03790112046792425,25.065221723010982,95.83,96.04,91.88,75.56,98.73,,77.61,133.8,80.67,101.01,122.14,122.73,,,71.45,98.48,,149.52,50.05,53.22,103.81,,,121.95,,116.84,82.14,,141.46,96.58,145.1,102.98,105.36,95.58,132.48,,76.29,,164.28,128.95,99.3,123.21,,,,,,,,,,,,,,,,,,,,,,,,,,,,,,,,,,,,,,,,0.0,0.0,0.0,7572.0
1881,0.8600000143051147,0.03790112046787794,22.69062243249469,93.87,90.99,96.06,99.64,88.46,,72.49,165.29,107.5,93.24,150.34,133.53,,,70.32,90.27,,143.22,50.5,56.24,98.76,,,169.78,,135.95,82.14,,143.11,88.23,118.37,85.82,116.69,95.58,145.73,,81.46,,170.72,122.73,117.69,107.24,,,,,,,,,,,,,,,,,,,,,,,,,,,,,,,,,,,,,,,,0.0,0.0,0.0,7572.0
1882,0.7799999713897705,0.03790112046776043,20.579865760255203,99.74,90.99,100.24,120.12,88.46,,65.33,127.35,144.41,83.25,103.45,136.16,,,74.85,86.54,,155.82,50.5,61.69,100.28,,,137.29,,142.33,82.14,,139.31,87.34,103.78,84.59,112.16,104.54,190.78,,85.29,,164.28,120.43,104.21,104.3,,,,,,,,,,,,,,,,,,,,,,,,,,,,,,,,,,,,,,,,0.0,0.0,0.0,7572.0
1883,1.0,0.03659418527924255,27.326745830497657,101.79,92.86,103.72,100.79,86.25,,66.22,121.32,116.91,91.76,97.72,120.22,,,72.92,78.42,,178.3,51.54,57.4,86.39,,,140.34,,112.74,83.83,,143.6,94.79,105.38,77.58,103.49,124.98,213.63,,84.52,,161.09,121.74,110.11,99.8,,,,,,,,,,,,,,,,,,,,,,,,,,,,,,,,,,,,,,,,0.0,0.0,0.0,7572.0
1884,0.8399999737739563,0.0352872500906837,23.804631180249643,99.86,94.81,92.85,92.24,77.36,,70.75,101.58,115.92,90.22,91.23,100.2,,,63.82,69.97,,114.81,52.63,51.05,87.07,,,131.13,,110.68,85.59,,143.19,86.94,110.42,80.48,90.32,112.05,173.95,,86.3,,117.48,117.52,103.48,98.84,,,,,,,,,,,,,,,,,,,,,,,,,,,,,,,,,,,,,,,,1.0,525.358,525.358,8097.358
1885,0.8799999952316284,0.03528725009077984,24.938185689384802,91.5,94.06,82.9,72.84,94.9,,69.66,119.53,97.41,82.62,101.11,103.25,,,51.86,73.77,,108.78,53.14,55.95,87.02,,,149.86,,97.88,87.34,,139.1,87.51,91.97,88.64,81.92,95.28,112.7,,83.99,,119.88,122.76,97.77,91.84,,,,,,,,,,,,,,,,,,,,,,,,,,,,,,,,,,,,,,,,0.0,0.0,0.0,8097.358
1886,0.7099999785423279,0.035287250090729534,20.1205811367221,85.0,87.88,93.79,73.26,90.11,,63.68,116.45,86.21,80.81,94.42,96.36,,,49.3,85.93,,82.09,58.96,64.4,90.04,,,106.66,,103.87,89.25,,138.56,92.67,107.79,75.93,81.87,77.89,126.68,,87.05,,101.5,122.44,95.92,91.03,,,,,,,,,,,,,,,,,,,,,,,,,,,,,,,,,,,,,,,,0.0,0.0,0.0,8097.358
1887,0.6700000166893005,0.03528725009080997,18.98702831660413,75.67,84.21,77.81,85.59,94.23,,59.94,112.8,91.22,72.78,94.28,94.16,,,53.64,82.59,,104.88,59.62,72.8,93.55,,,93.94,,92.09,88.29,,132.16,88.28,193.66,75.11,92.55,70.63,113.92,,88.29,,100.4,108.87,138.36,93.54,,,,,,,,,,,,,,,,,,,,,,,,,,,,,,,,,,,,,,,,1.0,906.395,906.395,9003.753
1888,0.8799999952316284,0.03528725009077984,24.938185689384802,81.98,73.35,86.79,99.88,84.89,,67.48,128.2,107.47,84.71,104.32,113.46,,,98.74,89.01,,98.12,63.98,76.05,99.57,,,110.91,,91.33,88.29,,127.52,88.28,171.06,81.7,113.86,70.63,131.01,,86.11,,110.79,113.08,104.1,92.84,,,,,,,,,,,,,,,,,,,,,,,,,,,,,,,,,,,,,,,,0.0,0.0,0.0,9003.753
1889,0.9399999976158142,0.03528725009069062,26.638516608688708,84.74,70.2,97.44,79.12,86.87,,66.71,93.05,81.11,90.02,76.5,110.06,,,64.26,86.2,,113.66,66.13,62.49,105.12,,,136.0,,103.84,91.26,,135.05,84.05,204.28,89.89,86.22,82.96,173.68,,89.01,,135.99,114.76,89.89,106.46,,,,,,,,,,,,,,,,,,,,,,,,,,,,,,,,,,,,,,,,0.0,0.0,0.0,9003.753
1890,0.8700000047683716,0.035287250090795905,24.65479748435531,83.5,65.31,92.29,71.56,87.85,,59.17,140.82,94.17,91.04,114.76,116.43,,,68.81,88.85,,114.95,66.88,63.87,117.47,,,161.96,,92.29,92.29,,150.4,80.65,213.79,86.78,89.74,90.61,169.69,138.23,90.01,,110.39,114.56,110.2,101.08,,,,,,,,,,,,,,,,,,,,,,,,,,,,,,,,,,,,,,,,0.0,0.0,0.0,9003.753
1891,0.6700000166893005,0.03528725009080997,18.98702831660413,87.9,62.47,82.9,79.72,87.85,,45.71,118.37,141.46,88.67,142.21,126.05,,,64.99,83.82,,97.26,66.88,61.84,106.24,,,159.65,,124.91,92.29,,136.16,75.94,201.16,71.63,89.11,87.26,113.13,129.18,88.75,,112.2,115.74,112.95,91.92,,,,,,,,,,,,,,,,,,,,,,,,,,,,,,,,,,,,,,,,0.0,0.0,0.0,9003.753
1892,0.5600000023841858,0.03528725009084639,15.869754683135575,83.5,62.47,82.9,92.44,87.85,,37.97,105.67,111.09,97.28,98.92,103.23,,,57.34,71.25,,132.63,62.81,63.19,98.14,,,124.17,,105.82,92.29,,119.64,74.21,190.4,66.12,82.11,80.54,101.22,110.46,85.72,,115.82,108.86,122.59,81.3,,,,,,,,,,,,,,,,,,,,,,,,,,,,,,,,,,,,,,,,0.0,0.0,0.0,9003.753
1893,0.6399999856948853,0.035287250090663365,18.13686201249846,83.35,63.19,85.44,120.94,86.17,,44.18,92.2,96.73,81.36,92.42,89.35,,,54.78,68.67,,93.01,63.53,55.33,87.32,,,116.49,,82.89,93.35,,101.27,82.45,214.77,62.7,93.35,82.32,102.38,118.41,88.23,,108.91,107.22,110.07,81.49,,,,,,,,,,,,,,,,,,,,,,,,,,,,,,,,,,,,,,,,1.0,650.0,650.0,9653.753
1894,0.8399999737739563,0.033980314902244305,24.720193917875573,85.98,66.07,90.98,96.96,85.4,,60.55,104.8,109.93,67.27,94.68,78.66,,,53.91,68.26,,106.6,66.42,48.87,78.84,,,94.88,,76.65,97.6,,92.63,75.71,219.05,61.18,72.7,86.95,85.01,116.5,90.65,,105.26,109.09,96.15,84.43,,,,,,,,,,,,,,,,,,,,,,,,,,,,,,,,,,,,,,,,1.0,2780.333,2780.333,12434.086000000001
1895,1.3600000143051147,0.032673379713686605,41.6240996867374,88.1,87.69,98.31,85.63,82.69,,100.44,80.59,102.23,75.68,81.24,85.98,,,59.37,78.11,,57.48,68.05,46.39,83.11,,,96.66,,73.97,100.0,,104.48,73.77,205.55,65.67,71.03,83.64,96.77,131.42,89.86,,94.12,112.24,101.49,94.05,,,,,,,,,,,,,,,,,,,,,,,,,,,,,,,,,,,,,,,,0.0,0.0,0.0,12434.086000000001
1896,1.1799999475479126,0.032673379713634036,36.11502568421225,80.95,83.08,89.83,67.22,79.81,,87.18,72.73,67.65,83.78,73.65,94.35,,,64.9,83.56,,63.23,68.05,44.18,90.43,,,106.13,,85.0,100.0,,102.47,67.47,186.66,73.88,80.69,80.0,109.68,141.59,89.86,,98.04,111.31,82.09,98.02,,,,,,,,,,,,,,,,,,,,,,,,,,,,,,,,,,,,,,,,1.0,2400.0,2400.0,14834.086000000001
1897,0.7900000214576721,0.032673379713660425,24.178705367519136,86.78,81.0,94.38,72.99,78.85,,58.93,85.32,67.59,94.4,86.09,122.82,,,68.5,92.87,,64.02,62.26,46.22,95.65,,,72.48,,96.01,101.24,,92.18,71.85,95.45,73.29,64.94,81.0,91.45,151.49,87.65,,87.35,110.45,111.82,89.59,,,,,,,,,,,,,,,,,,,,,,,,,,,,,,,,,,,,,,,,0.0,0.0,0.0,14834.086000000001
1898,0.9100000262260436,0.03267337971370932,27.851420153031167,86.78,87.23,89.23,77.17,77.88,,68.27,96.77,83.62,98.51,89.12,128.38,,,72.69,97.47,,64.02,59.74,53.67,106.06,,,74.45,,109.97,101.24,,94.21,96.86,76.98,60.44,60.75,84.68,94.71,136.23,92.37,,93.3,107.73,92.18,92.0,,,,,,,,,,,,,,,,,,,,,,,,,,,,,,,,,,,,,,,,0.0,0.0,0.0,14834.086000000001
1899,1.2899999618530271,0.0326733797136225,39.48168120836266,96.42,91.9,92.66,80.84,84.69,,96.85,96.52,88.9,98.51,100.03,102.28,,,103.45,113.1,,62.08,122.62,91.69,133.57,,,94.48,,101.24,101.24,,93.74,87.33,75.44,66.49,87.28,92.04,111.04,103.68,102.08,,97.27,104.08,107.29,109.28,,,,,,,,,,,,,,,,,,,,,,,,,,,,,,,,,,,,,,,,1.0,1675.814,1675.814,16509.9
1900,1.190000057220459,0.0326733797136866,36.421088594088054,100.0,100.0,100.0,100.0,100.0,100.0,100.0,100.0,100.0,100.0,100.0,100.0,100.0,100.0,100.0,100.0,100.0,100.0,100.0,100.0,100.0,100.0,100.0,100.0,100.0,100.0,100.0,100.0,100.0,100.0,100.0,100.0,100.0,100.0,100.0,100.0,100.0,100.0,100.0,100.0,100.0,100.0,100.0,100.0,100.0,100.0,100.0,100.0,19.309,27.778,14.607,132.19004586841928,190.1690970082837,,,,,,,,,,,,6800.0,88000.0,495000.0,386.0,,749000.0,9290.0,3150000.0,5400.0,,479000.0,234.949,234.949,73.84,73.84,5349.888,5349.888,0.0,0.0,0.0,16509.9
1901,0.959999978542328,0.03267337971366507,29.381716460168487,98.79,95.25,98.79,115.35,99.74,79.03,88.37,110.19,129.32,88.79,108.45,100.45,99.69,104.08,98.3,97.89,111.7,111.36,88.36,82.25,91.59,94.83,70.62,98.51,108.56,51.98,98.79,112.21,85.07,92.91,77.71,99.37,98.79,93.6,92.41,86.99,96.62,96.96,79.94,94.48,100.3,82.93,94.38,92.28,95.51,99.79,89.43,89.11,18.236,27.522,13.858,131.5918602973012,198.60008659258187,,,,,,,,,,,,6800.0,106000.0,526000.0,395.0,,,11400.0,3000000.0,5380.0,,510000.0,262.838,497.78700000000003,81.828,155.668,5446.595,10796.483,1.0,971.0,971.0,17480.9
1902,0.800000011920929,0.033980314902153794,23.543042912478192,97.6,94.59,97.6,133.95,105.11,78.33,89.28,108.63,152.91,84.86,97.41,102.87,98.5,81.92,66.49,90.9,111.43,88.02,95.78,87.45,107.61,88.49,75.59,85.64,82.45,44.94,97.6,127.79,73.35,92.37,68.64,101.39,106.35,97.6,107.05,83.36,113.38,90.37,63.11,98.91,104.65,88.91,97.46,94.96,94.36,103.78,91.67,92.32,18.145,25.518,13.483,134.576874582808,189.2605503226285,,,,,,,,,,,,7900.0,136000.0,555000.0,451.0,,,12200.0,3120000.0,5060.0,,547000.0,285.389,783.176,89.816,245.484,5578.424,16374.907,0.0,0.0,0.0,17480.9
1903,0.9399999976158142,0.03528725009069062,26.638516608688708,90.87,88.12,95.43,113.47,113.78,76.66,112.12,104.81,114.99,104.92,101.9,106.48,96.3,71.57,78.04,92.59,178.93,76.52,92.46,89.66,112.74,83.72,76.34,89.32,87.29,46.0,95.43,122.7,82.47,90.89,65.98,120.87,109.25,97.1,110.82,103.9,107.72,68.92,66.09,73.65,108.17,93.71,102.24,99.76,95.54,102.36,102.14,91.01,19.006,26.668,13.483,140.96269376251576,197.78980938960171,,,,,,,,,,,,8500.0,189000.0,596000.0,496.0,,,10200.0,3450000.0,5220.0,,574000.0,305.043,1088.219,97.803,343.28700000000003,6087.26,22462.167,0.0,0.0,0.0,17480.9
1904,0.8600000143051147,0.035287250090812336,24.37140927932582,94.32,95.05,94.32,95.96,99.76,74.38,113.5,95.48,124.54,86.48,130.28,137.84,100.96,77.48,74.69,93.03,97.74,75.63,77.92,88.3,105.92,79.23,62.21,92.22,103.94,98.88,94.32,113.96,89.08,92.08,90.31,114.75,98.23,94.32,139.96,115.22,95.1,57.64,86.99,87.36,103.61,99.37,98.51,94.92,96.25,100.58,96.62,79.77,20.586,27.526,13.858,148.54957425313899,198.62895078654927,,,,,,,,,,,,10000.0,133000.0,660000.0,526.0,95500000.0,,10500.0,3870000.0,5110.0,,629000.0,342.538,1430.757,105.791,449.07800000000003,6118.242,28580.409,0.0,0.0,0.0,17480.9
1905,0.6200000047683716,0.0352872500907047,17.570085602439473,95.1,119.72,95.43,98.74,97.26,66.8,97.69,92.38,125.36,98.43,114.86,135.88,102.14,73.27,91.89,102.85,117.23,76.52,87.72,100.1,124.55,99.5,71.06,92.24,110.68,140.25,95.43,128.22,96.46,91.45,96.11,108.18,99.38,93.76,123.13,124.61,111.64,68.92,94.08,85.82,100.86,122.7,98.63,94.29,101.63,104.71,93.07,89.33,21.621,29.15,13.858,156.01818444219944,210.34781353730696,,,,,,,,,,,,13000.0,159000.0,713000.0,575.0,116000000.0,,15600.0,3850000.0,5360.0,93600.0,660000.0,336.898,1767.6550000000002,113.779,562.857,6596.002,35176.411,0.0,0.0,0.0,17480.9
1906,0.7300000190734863,0.03528725009069262,20.687359235908026,93.35,132.64,93.35,115.55,99.63,60.15,110.29,95.87,112.92,113.18,109.0,104.52,102.2,68.34,111.16,120.91,194.25,74.85,87.55,124.34,128.64,86.88,83.02,107.13,93.49,142.95,93.35,148.85,100.26,91.68,91.28,116.7,115.24,103.15,117.44,126.72,128.9,74.33,69.93,73.62,103.56,118.35,103.07,98.31,105.7,106.49,99.94,92.19,21.61,31.726,14.607,147.94276716642707,217.19723420277947,,,,,,,,,,,,17000.0,201000.0,724000.0,608.0,100000000.0,1040000.0,16000.0,4190000.0,5130.0,98400.0,704000.0,335.549,2103.204,121.766,684.6229999999999,6965.476,42141.887,1.0,676.147,676.147,18157.047000000002
1907,0.7200000286102295,0.03659418527936501,19.675257779716937,87.22,100.18,87.08,106.99,97.94,63.23,114.6,145.99,123.14,116.29,129.48,115.25,122.96,59.04,110.38,108.78,178.88,80.58,88.8,114.08,118.25,87.21,96.2,116.98,122.13,187.34,89.35,187.18,76.11,106.37,71.07,113.18,115.85,106.61,126.82,111.94,131.7,72.81,70.41,68.96,102.65,111.68,105.25,100.37,108.14,107.48,103.21,95.45,22.757,36.699,15.356,148.19614482938266,238.98801771294606,,,,,,,,,,,,22000.0,269000.0,721000.0,623.0,135000000.0,993000.0,16300.0,4720000.0,5730.0,93800.0,738000.0,414.9,2518.1040000000003,129.754,814.377,7705.012,49846.899000000005,2.0,4044.0,4044.0,22201.047000000002
1908,0.7200000286102295,0.03528725009071082,20.403971030878534,91.26,96.48,87.39,103.84,98.28,66.59,120.13,126.91,163.01,123.22,132.6,126.03,80.09,65.18,74.46,87.7,104.66,82.3,83.89,89.92,95.2,97.1,87.37,121.51,75.84,151.94,91.26,128.21,69.57,75.51,70.12,110.54,107.62,91.26,108.92,92.32,166.01,76.05,82.55,65.23,111.02,97.78,107.53,100.55,99.45,113.76,101.83,85.98,20.427,24.245,14.232,143.52866779089376,170.35553681843734,,,,,,,,,,,,17000.0,243000.0,744000.0,668.0,109000000.0,1280000.0,14900.0,5380000.0,6320.0,106000.0,723000.0,448.534,2966.6380000000004,137.742,952.1189999999999,7322.571,57169.47,1.0,1469.0,1469.0,23670.047000000002
1909,0.699999988079071,0.035287250090748776,19.83719293169261,92.29,131.09,92.29,137.1,94.95,64.47,113.53,126.76,160.76,98.06,132.26,157.44,62.09,62.63,73.99,90.18,113.61,74.0,75.09,91.75,112.47,108.78,83.65,118.77,101.56,172.63,92.29,133.67,75.34,65.37,88.71,127.71,154.67,97.14,122.06,134.35,177.5,83.74,82.18,72.16,116.73,115.35,106.66,97.43,106.69,118.6,95.72,79.46,21.554,20.822,14.232,151.44744238336142,146.30410342889263,,,,,,,,,,,,30000.0,275000.0,828000.0,687.0,126000000.0,1060000.0,17000.0,4950000.0,6600.0,106000.0,775000.0,471.317,3437.9550000000004,145.729,1097.848,7651.541,64821.011,3.0,2646.077,2109.41,26316.124000000003
1910,0.6100000143051147,0.03659418527937505,16.66931534745545,88.08,110.39,88.01,155.89,95.18,65.75,87.86,131.81,134.99,93.75,127.9,137.28,60.27,55.24,69.55,90.0,114.66,70.87,78.5,100.86,94.33,97.34,92.52,101.19,78.29,160.78,88.38,153.23,75.42,58.92,104.5,144.36,159.09,113.18,114.04,156.93,160.78,108.02,84.95,71.18,109.85,102.6,100.16,90.4,104.45,116.85,84.87,80.97,22.63,21.026,14.232,159.0078695896571,147.7374929735807,,,,,,,,,,,,45000.0,356000.0,858000.0,689.0,142000000.0,1100000.0,23100.0,5430000.0,6900.0,105000.0,810000.0,512.639,3950.5940000000005,157.589,1255.437,8062.113,72883.124,0.0,0.0,0.0,26316.124000000003
1911,0.6100000143051147,0.03659418527937505,16.66931534745545,87.78,114.24,88.01,116.19,94.33,68.91,84.97,179.15,136.44,122.69,142.19,123.03,54.33,55.24,67.58,89.39,112.07,70.87,69.17,124.99,106.05,88.15,74.47,96.02,86.23,160.78,88.38,202.06,75.83,62.08,144.67,125.73,104.84,111.64,119.74,126.58,179.43,114.57,94.32,71.78,113.14,89.97,98.19,86.88,105.67,117.74,80.27,73.12,21.909,19.923,14.232,153.94182124789205,139.98735244519392,,,,,,,,,,,,46000.0,425000.0,890000.0,699.0,133000000.0,1110000.0,25200.0,5940000.0,7040.0,112000.0,895000.0,543.005,4493.599,165.965,1421.4019999999998,8205.712,81088.836,1.0,1380.884,1380.884,27697.008
1912,0.7400000095367432,0.037901120467798664,19.524488996716016,86.3,136.84,86.23,129.43,95.75,69.85,101.53,108.3,156.71,138.68,109.41,128.12,58.26,46.39,87.4,88.58,92.86,69.43,67.23,133.53,134.13,82.67,71.86,94.8,83.96,152.19,86.6,209.15,85.53,64.44,153.75,111.62,109.89,104.83,122.91,120.16,177.22,96.22,79.86,71.2,114.64,98.97,104.77,92.01,105.18,123.4,87.7,72.68,22.64,23.176,14.607,154.9941808721846,158.66365441226807,,,,,,,,,,,,58000.0,435000.0,1000000.0,705.0,151000000.0,1160000.0,27900.0,6730000.0,6980.0,122000.0,971000.0,551.75,5045.349,174.342,1595.744,8610.941,89699.777,1.0,500.0,500.0,28197.008
1913,0.949999988079071,0.03881597509982366,24.47445892151211,83.34,140.24,83.35,138.22,96.21,68.38,145.43,109.38,138.3,106.32,100.53,113.95,61.19,45.42,79.97,84.79,102.75,71.38,72.68,125.5,106.23,89.09,76.49,89.51,78.85,150.76,84.79,201.75,76.42,70.16,112.69,120.13,128.65,110.07,123.08,95.71,194.44,71.44,58.42,70.57,115.96,84.79,110.27,103.12,101.84,111.85,108.82,75.94,20.461,23.134,14.607,140.0766755665092,158.37612103785855,,,,,,,,,,,,65000.0,539000.0,996000.0,694.0,177000000.0,1150000.0,32200.0,7230000.0,7010.0,136000.0,939000.0,608.33,5653.679,182.718,1778.462,9226.507,98926.284,1.0,510.0,510.0,28707.008
1914,0.8100000023841858,0.03934304778524673,20.588135591466003,80.85,155.0,80.8,136.72,94.5,71.14,114.66,110.63,153.37,99.26,136.15,120.73,47.78,42.0,70.56,74.2,99.45,69.04,60.0,96.38,96.82,85.57,62.91,82.13,80.94,154.54,84.0,201.06,65.21,62.0,82.58,103.14,89.8,119.39,113.81,71.11,182.28,75.64,78.36,69.91,117.27,88.5,100.11,90.31,97.15,111.15,89.99,64.33,20.21,19.291,13.858,145.83634002020494,139.20479145619856,,,,,,,,,,,,69000.0,236000.0,938000.0,663.0,118000000.0,,30000.0,5420000.0,5240.0,128000.0,795000.0,626.59,6280.269,191.094,1969.556,8280.982,107207.266,2.0,2055.3199999999997,2055.3199999999997,30762.328
1915,0.6399999856948853,0.039738756586500355,16.1051839732776,171.99,183.81,184.5,115.94,90.81,71.57,94.22,106.78,159.21,100.02,139.45,154.88,87.15,49.25,89.2,89.31,105.89,68.68,68.0,107.88,248.43,109.65,65.08,68.67,116.26,142.58,83.57,208.85,72.35,83.08,75.93,97.05,173.49,124.63,110.53,71.66,188.67,88.06,97.75,67.31,122.16,105.96,104.42,94.17,113.34,125.43,85.16,75.4,24.468,31.321,14.232,171.9224283305228,220.07448004496914,,,,,,,,,,,,78000.0,321000.0,1060000.0,704.0,116000000.0,,39100.0,4120000.0,5730.0,129000.0,760000.0,672.563,6952.832,199.471,2169.027,8150.075,115357.341,2.0,1134.9,1134.9,31897.228000000003
1916,1.100000023841858,0.042739136918807145,25.737534801686845,171.55,182.34,175.38,144.92,97.1,65.02,174.22,151.13,165.88,84.51,171.03,149.13,142.01,60.11,128.53,120.1,164.19,64.4,117.84,111.27,220.1,58.14,78.13,63.51,583.38,123.44,76.5,338.29,89.49,64.66,86.83,133.06,240.59,163.77,118.46,77.73,175.43,84.39,118.13,61.61,116.68,114.77,135.31,132.93,138.76,130.2,139.99,119.0,31.933,50.327,17.603,181.40657842413225,285.9001306595467,,,,,,,,,,,,106000.0,701000.0,1420000.0,685.0,139000000.0,,45500.0,4830000.0,5250.0,128000.0,882000.0,721.49,7674.322,207.847,2376.8740000000003,8742.186,124099.527,2.0,2620.3770000000004,1417.044,34517.605
1917,1.559999942779541,0.05019229835505235,31.080464411977093,141.73,179.92,160.62,197.3,137.98,60.49,209.02,191.89,274.22,60.53,219.25,212.64,99.42,66.9,106.59,127.71,127.97,53.45,137.64,131.25,127.42,62.82,84.3,53.24,452.29,137.69,63.49,346.16,88.09,42.33,71.14,172.51,281.57,199.37,143.37,62.68,172.22,77.2,103.65,65.2,134.49,178.04,155.03,152.33,143.23,146.62,162.74,127.17,39.396,45.271,20.974,187.83255459139886,215.8434251930962,,,,,,,,,,,,123000.0,1030000.0,1430000.0,631.0,142000000.0,,46200.0,4710000.0,5420.0,135000.0,901000.0,797.539,8471.861,216.223,2593.097,9104.161,133203.688,1.0,500.0,500.0,35017.605
1918,1.9800000190734863,0.058952310637667364,33.58647010874537,162.15,117.6,173.14,187.82,134.09,61.57,215.3,126.29,226.33,58.67,160.75,169.89,55.54,113.89,82.23,91.65,171.13,44.42,97.02,160.44,97.14,57.51,79.58,49.68,376.79,120.54,54.05,303.63,85.0,41.51,64.14,182.0,243.04,154.55,113.33,41.85,165.56,93.88,80.98,64.93,190.06,175.68,144.05,139.85,129.65,136.15,151.3,94.27,42.028,35.121,25.468,165.02277367677084,137.90246583948485,,,,,,,,,,,,128000.0,818000.0,1430000.0,578.0,127000000.0,,47600.0,4190000.0,6140.0,128000.0,849000.0,791.817,9263.678,224.6,2817.697,8941.474,142145.16199999998,1.0,500.0,500.0,35517.605
1919,2.009999990463257,0.06768447500967692,29.696617875456447,175.04,178.25,180.83,167.81,112.65,54.16,196.27,143.35,197.93,54.87,136.18,167.82,46.19,60.5,54.32,62.02,163.6,37.73,71.02,99.67,74.92,74.66,64.07,67.89,162.57,72.05,47.05,285.9,97.01,52.09,102.15,175.94,213.52,148.6,142.67,32.63,164.62,69.15,84.13,54.25,184.5,149.57,130.98,122.64,116.19,131.71,130.32,70.25,39.208,30.853,26.966,145.39790847734182,114.41444782318474,,,,,,,,,,,,121000.0,569000.0,994000.0,550.0,110000000.0,764000.0,23100.0,4150000.0,5490.0,123000.0,719000.0,901.779,10165.457,232.976,3050.6730000000002,7583.658,149728.81999999998,2.0,2419.7219999999998,2419.7219999999998,37937.327000000005
1920,3.069999933242798,0.07840220105851332,39.15706308999652,97.73,113.71,120.82,108.92,146.46,52.29,253.39,84.73,152.78,55.73,118.37,146.81,38.01,29.74,43.8,73.99,100.2,34.19,75.43,65.58,70.97,62.5,71.56,69.13,118.7,81.4,40.62,238.83,41.06,32.88,59.29,119.61,71.71,89.79,61.58,30.01,169.82,72.11,171.52,37.52,245.67,116.07,133.92,132.63,94.88,106.0,159.5,71.23,41.951,29.684,28.839,145.4662089531537,102.93005998821042,,,,,,,,,,,,125000.0,901000.0,959000.0,507.0,124000000.0,804000.0,35700.0,6870000.0,5390.0,126000.0,682000.0,1155.382,11320.839,241.352,3292.025,8691.727,158420.547,2.0,1819.849,1819.849,39757.17600000001
1921,1.7300000190734863,0.0700355561469871,24.70173886308048,84.43,49.51,102.32,71.83,126.37,62.97,129.88,53.52,69.38,71.43,75.7,95.4,29.48,20.3,35.11,47.24,36.4,38.28,53.38,45.51,48.27,71.3,58.05,75.24,90.67,81.79,45.47,180.91,46.53,21.11,39.8,87.93,91.26,55.85,55.74,12.84,143.15,46.87,49.81,36.48,209.16,69.04,86.27,84.31,69.42,77.15,94.63,52.79,21.356,20.219,24.345,87.72232491271309,83.05196138837545,,,,,,,,,,,,70000.0,318000.0,558000.0,498.0,73000000.0,783000.0,10400.0,5430000.0,5330.0,110000.0,464000.0,1250.841,12571.68,249.729,3541.754,7258.013,165678.56,1.0,1124.558,1124.558,40881.734000000004
1922,1.6100000143051147,0.06560694080525377,24.540086682050976,53.51,70.47,57.59,84.62,140.95,74.06,146.29,59.51,78.54,84.33,60.75,93.54,27.76,22.54,40.11,63.64,68.45,36.98,51.25,52.84,63.24,50.61,68.57,58.68,46.84,80.32,48.54,251.22,48.16,26.58,60.93,118.39,101.76,63.01,84.55,14.53,151.6,48.51,48.02,54.56,189.91,108.35,93.01,90.31,75.11,81.59,103.48,52.18,21.91,19.919,21.723,100.86083874234684,91.69543801500714,,,,,,,,,,,,87000.0,701000.0,884000.0,481.0,104000000.0,972000.0,11800.0,5940000.0,6530.0,127000.0,730000.0,1396.228,13967.908,266.586,3808.34,7660.614,173339.174,1.0,581.195,581.195,41462.929000000004
1923,1.340000033378601,0.06678309391854585,20.064958880356386,56.96,59.09,89.11,68.11,122.88,66.14,133.33,63.97,101.93,78.65,55.21,78.94,37.04,23.84,42.47,79.33,86.85,34.42,69.01,68.05,71.8,62.44,69.8,51.14,46.45,77.43,47.69,294.64,47.83,21.57,66.67,148.11,135.49,63.57,98.45,24.33,148.55,48.19,84.76,68.57,176.24,120.08,92.36,90.99,80.69,82.51,101.39,65.59,26.407,24.587,21.723,121.56239930028082,113.18418266353636,,,,,,,,,,,,141000.0,1200000.0,1270000.0,554.0,136000000.0,1080000.0,31100.0,7120000.0,7650.0,130000.0,889000.0,1651.332,15619.24,312.346,4120.686,8922.942,182262.116,0.0,0.0,0.0,41462.929000000004
1924,1.4299999475479126,0.06692020206688161,21.368733258138363,57.03,56.02,111.54,77.14,100.7,59.42,139.17,86.78,119.28,85.39,89.79,98.46,39.31,24.65,38.28,88.23,73.51,28.6,65.05,79.9,68.75,56.23,57.33,47.34,43.69,78.28,47.6,299.88,50.83,21.54,97.48,143.62,109.32,68.49,89.06,21.41,172.41,53.55,64.25,69.97,163.85,119.87,94.67,90.97,82.45,88.82,100.03,61.57,26.521,25.066,21.723,122.08718869401096,115.38921880034987,,,,,,,,,,,,168000.0,1160000.0,1360000.0,592.0,130000000.0,1220000.0,35300.0,7780000.0,7450.0,142000.0,986000.0,1646.668,17265.908,358.107,4478.793,8688.874,190950.99000000002,0.0,0.0,0.0,41462.929000000004
1925,1.6799999475479126,0.06861052115083721,24.48603974096781,70.21,65.01,127.5,105.79,91.08,57.97,158.37,70.05,125.19,83.95,71.83,116.61,38.62,21.56,40.27,95.84,80.78,30.73,58.84,89.92,80.6,53.37,50.78,42.94,43.11,70.63,46.43,293.2,49.59,26.26,114.95,113.26,101.2,75.75,64.41,58.09,212.84,55.82,36.75,67.84,175.27,115.26,100.72,95.76,84.49,95.24,105.75,56.91,29.381,26.315,22.097,132.96375073539394,119.08856405846949,,,,,,,,,,,,178000.0,1380000.0,1530000.0,591.0,151000000.0,1410000.0,37100.0,8900000.0,7650.0,147000.0,1190000.0,1726.508,18992.416,403.867,4882.66,8710.933,199661.923,2.0,1727.512,900.0,43190.441000000006
1926,1.8799999952316284,0.06926661609366443,27.141501942139563,66.24,57.59,83.6,104.77,91.09,63.79,177.66,65.42,89.88,89.41,75.73,105.19,37.97,20.53,39.2,88.61,77.42,33.2,56.84,100.42,76.89,50.89,49.32,43.43,51.66,81.3,45.99,266.95,38.18,31.48,101.73,87.13,69.78,69.39,74.18,39.19,194.66,49.78,36.08,72.48,151.95,95.26,102.2,98.42,78.63,89.37,113.95,55.32,25.758,25.962,20.974,122.80919233336512,123.78182511681129,,,,,,,,,,,,195000.0,1380000.0,1510000.0,602.0,155000000.0,,33900.0,9380000.0,7890.0,146000.0,1410000.0,1771.993,20764.409,449.627,5332.287,8671.808,208333.731,7.0,19186.008,12594.341,62376.44900000001
1927,1.2999999523162842,0.06796673867609436,19.127002084234586,60.94,83.97,89.16,88.27,89.67,58.5,115.31,79.33,105.67,84.39,77.08,92.54,36.4,20.92,37.4,72.49,70.4,32.89,53.56,100.86,66.61,54.24,49.85,46.34,55.78,84.28,46.86,195.02,42.16,44.07,103.33,88.79,112.47,65.78,78.61,30.59,190.27,43.77,43.72,72.75,148.69,92.06,84.97,79.5,76.33,85.56,84.42,52.55,25.143,24.028,19.85,126.66498740554155,121.04785894206546,,,,,,,,,,,,220000.0,1880000.0,1520000.0,597.0,171000000.0,1540000.0,34500.0,9990000.0,7900.0,161000.0,1420000.0,2023.12,22787.529,495.388,5827.675,9344.693,217678.424,2.0,28453.333,26370.0,90829.782
1928,1.1699999570846558,0.06705787434954961,17.44761474224263,76.22,102.97,110.94,85.84,84.99,59.32,113.14,66.32,121.27,77.42,77.4,107.85,34.73,21.21,42.33,68.51,76.18,35.25,55.19,80.16,65.27,54.62,49.54,46.99,52.15,82.05,47.52,191.59,42.31,36.2,133.3,101.39,112.08,67.54,75.11,18.32,173.8,42.3,36.6,64.91,147.03,98.43,85.39,80.21,77.05,87.44,83.51,53.66,24.423,23.585,19.85,123.03778337531483,118.816120906801,,,,,,,,,,,,258000.0,2030000.0,1730000.0,603.0,174000000.0,1680000.0,50300.0,10100000.0,8020.0,180000.0,1360000.0,2124.592,24912.121,541.148,6368.823,9178.925,226857.349,8.0,38819.992,36799.277,129649.774
1929,1.2699999809265137,0.06705787434954961,18.938864275751435,80.77,71.21,101.88,91.53,81.33,52.73,117.14,62.93,115.95,77.27,81.28,89.06,34.73,22.91,53.15,74.27,78.88,33.35,56.67,71.78,70.47,57.53,53.59,47.39,55.62,82.54,47.52,160.91,35.79,29.42,129.41,91.09,101.26,68.37,56.72,16.8,219.11,46.02,28.88,63.23,144.43,83.16,85.79,81.5,74.72,86.1,85.5,55.44,23.266,25.21,19.101,121.80514109208941,131.98261871106226,,,,,,,,,,,,280000.0,2150000.0,1950000.0,609.0,201000000.0,1610000.0,56300.0,10400000.0,8120.0,196000.0,1320000.0,2381.731,27293.852,574.606,6943.429,9761.583,236618.932,3.0,4092.2340000000004,2587.333,133742.008
1930,1.190000057220459,0.06534389927847024,18.211341385507808,74.86,108.28,93.56,85.39,79.68,54.09,104.63,48.5,104.43,62.44,43.2,67.95,35.48,29.59,39.08,61.57,69.32,34.21,52.38,51.67,50.63,62.26,51.23,48.47,56.31,83.66,48.74,109.72,24.82,23.79,77.27,68.8,74.29,55.6,55.03,8.62,177.08,43.06,21.18,60.55,143.45,66.16,75.83,73.58,64.55,73.58,77.9,51.03,18.277,21.655,18.727,97.59705238425803,115.63517915309447,,,,,,,,,,,,272000.0,1630000.0,1610000.0,648.0,179000000.0,1520000.0,54200.0,11800000.0,7740.0,179000.0,1260000.0,2271.234,29565.086,602.4,7545.829,8920.001,245538.933,7.0,18961.569,18961.569,152703.577
1931,0.6499999761581421,0.05959905242738428,10.906213264885455,136.81,43.46,172.12,59.56,79.14,51.89,60.42,43.07,72.26,38.41,36.38,51.45,38.08,43.9,26.8,51.86,60.23,37.51,54.11,43.74,44.31,68.41,53.67,54.49,63.05,89.54,53.45,93.47,25.07,16.54,56.52,46.02,33.17,45.0,27.59,5.65,161.81,26.82,20.96,49.7,134.73,60.13,61.0,61.56,57.89,63.84,58.41,52.25,13.61,18.479,15.356,88.62985152383432,120.33732742901798,,,,,,,,,,,,220000.0,1150000.0,1400000.0,695.0,119000000.0,1260000.0,36300.0,7860000.0,6080.0,149000.0,904000.0,2197.512,31762.597999999998,631.024,8176.853,7866.673,253405.606,3.0,1759.3049999999998,1759.3049999999998,154462.88199999998
1932,0.8700000047683716,0.053457507322799365,16.274608531874453,110.84,32.08,147.21,40.76,75.06,49.59,92.8,32.36,47.5,37.66,33.3,47.71,42.46,56.4,20.46,43.36,90.44,41.82,58.48,43.89,39.09,79.29,35.75,55.77,64.67,102.89,65.62,107.6,23.36,15.61,77.48,43.39,42.33,39.74,28.83,3.53,138.61,13.59,14.95,33.01,115.27,50.03,63.64,68.11,55.59,52.83,73.54,54.67,10.797,16.883,12.734,84.7887545154704,132.58206376629497,,,,,,,,,,,,153000.0,1000000.0,909000.0,754.0,76200000.0,1050000.0,21800.0,7110000.0,5130.0,96500.0,709000.0,2097.377,33859.975,659.648,8836.501,6994.432,260400.038,5.0,6962.317,4374.544,161425.199
1933,0.6700000166893005,0.050719473687879026,13.209916585735739,109.11,56.55,176.45,44.93,80.93,52.27,74.11,66.98,65.41,33.74,78.6,69.63,44.75,44.86,27.23,55.62,104.62,44.08,63.98,82.16,57.66,99.15,94.08,55.29,58.03,107.16,102.48,101.56,42.36,16.45,70.12,62.81,55.88,41.89,56.73,6.4,146.09,21.7,21.53,52.33,141.7,75.14,65.4,69.34,68.16,60.29,70.07,64.82,12.591,18.388,14.232,88.46964586846543,129.2017987633502,,,,,,,,,,,,142000.0,1100000.0,1050000.0,793.0,91200000.0,1040000.0,46300.0,8900000.0,5340.0,90400.0,892000.0,2290.273,36150.248,688.273,9524.774,7322.67,267722.708,2.0,1706.73,1706.73,163131.929
1934,1.0,0.05240468663999505,19.082262753896593,85.27,51.01,179.8,55.36,102.29,50.59,109.66,102.46,103.13,42.48,87.37,83.73,40.16,42.34,31.65,53.84,76.09,42.66,68.34,106.12,57.61,115.1,68.29,59.94,51.45,99.97,102.94,113.23,51.03,18.81,82.2,78.36,138.35,57.6,64.71,13.58,160.56,33.04,25.56,68.48,209.51,89.02,79.75,82.93,77.95,70.24,88.47,65.96,15.763,18.591,16.854,93.52675922629643,110.30615877536492,,,,,,,,,,,,170000.0,1330000.0,1280000.0,841.0,120000000.0,1200000.0,71600.0,9510000.0,5990.0,122000.0,1060000.0,2416.888,38567.136,716.897,10241.671,7990.401,275713.109,4.0,3558.624,1576.2910000000002,166690.553
1935,0.9700000286102296,0.053721821326867605,18.055978085856683,88.42,56.77,288.14,106.36,100.9,49.34,106.94,55.21,125.93,54.12,47.1,86.05,37.17,47.64,31.68,55.08,79.31,41.61,66.28,99.98,58.48,112.72,67.11,60.77,37.36,95.66,100.39,101.0,53.43,17.64,63.86,79.07,124.71,80.07,59.29,12.61,157.72,27.53,33.1,63.01,240.91,79.4,86.18,84.06,79.76,86.06,86.29,64.11,17.294,18.383,16.479,104.94568845196919,111.5540991565022,,,,,,,,,,,,259000.0,1770000.0,1500000.0,924.0,138000000.0,1380000.0,77400.0,10500000.0,6890.0,137000.0,1210000.0,2627.659,41194.795,745.522,10987.193000000001,8334.596,284047.705,1.0,506.0,506.0,167196.553
1936,1.090000033378601,0.05422827964521323,20.100214141217297,90.2,64.46,327.5,110.22,99.39,48.88,116.53,112.84,128.33,52.63,95.19,94.99,36.82,47.19,34.35,63.3,69.02,41.22,70.04,91.23,65.55,113.08,65.98,55.62,43.71,95.97,99.45,127.85,41.15,23.77,67.5,79.3,134.88,80.35,70.1,16.68,163.32,26.97,35.9,64.28,228.37,96.5,90.94,88.54,85.49,90.29,91.53,66.67,18.418,18.677,16.479,111.76649068511439,113.33818799684448,,,,,,,,,,,,360000.0,2830000.0,1720000.0,1030.0,170000000.0,1470000.0,93400.0,11300000.0,7920.0,182000.0,1330000.0,2861.701,44056.496,774.146,11761.339000000002,9155.564,293203.26900000003,8.0,37378.961,29087.695,204575.51400000002
1937,1.1799999475479126,0.05619143529391222,20.999640628075465,124.2,80.89,348.52,111.57,105.74,39.31,124.74,75.49,152.62,53.85,77.62,98.69,34.84,43.53,46.11,77.96,67.09,39.78,84.5,103.03,84.19,105.81,68.02,51.79,42.71,94.38,95.98,149.42,38.32,28.34,75.89,67.4,76.23,85.52,60.34,18.86,173.63,35.47,35.25,71.6,209.87,103.25,98.09,97.23,87.2,95.91,100.09,77.52,21.361,20.931,16.854,126.74142636762787,124.19010323958706,,,,,,,,,,,,482000.0,3750000.0,2290000.0,1100.0,212000000.0,,120000.0,12900000.0,8640.0,213000.0,1470000.0,3257.144,47313.64,830.521,12591.860000000002,9618.814,302822.08300000004,6.0,4579.309,3254.3,209154.82300000003
1938,1.1299999952316284,0.05514571846622346,20.491164620944218,111.99,57.55,306.97,89.14,108.32,40.07,121.92,52.24,83.08,50.36,44.74,65.59,35.33,44.36,35.68,62.66,88.31,40.55,84.32,81.74,60.67,117.24,62.93,55.68,45.64,86.09,97.82,105.71,38.16,17.88,54.06,55.87,86.86,68.93,61.5,14.52,157.64,24.19,29.6,68.37,218.7,72.21,88.77,91.59,76.31,78.12,98.53,76.2,16.552,18.474,17.603,94.0294268022496,104.94802022382548,,,,,,,,,,,,579000.0,3870000.0,1990000.0,1170.0,162000000.0,1700000.0,115000.0,12900000.0,8320.0,166000.0,1420000.0,3179.63,50493.27,881.948,13473.808000000003,8974.383,311796.466,8.0,73283.85399999999,73283.85399999999,282438.677
1939,1.0199999809265137,0.05436394455606992,18.762435089207067,108.61,67.9,255.27,73.3,103.68,40.64,107.82,58.32,76.54,49.43,51.35,64.22,35.84,42.91,39.67,67.72,89.49,41.13,79.72,98.63,68.21,111.27,74.56,53.38,38.36,85.53,98.03,109.54,31.65,16.74,52.68,60.57,85.28,71.97,64.27,17.67,169.23,24.9,31.27,60.29,159.4,86.86,82.31,85.61,74.38,72.94,90.9,74.15,16.019,19.188,16.105,99.46600434647624,119.14312325364793,,,,,,,,,,,,720000.0,4340000.0,2130000.0,1230.0,200000000.0,1740000.0,122000.0,12800000.0,8300.0,180000.0,1500000.0,3312.782,53806.051999999996,945.305,14419.113000000003,9479.81,321276.276,7.0,3552.223,3021.223,285990.9
1940,1.0199999809265137,0.05489034255977028,18.582503467086806,135.64,70.55,258.13,63.05,106.55,40.24,106.75,56.59,95.61,58.83,48.64,79.24,33.18,43.51,40.49,68.77,79.1,40.72,77.48,96.7,83.79,103.97,62.22,49.78,30.11,85.27,96.72,112.62,31.16,17.61,50.7,66.73,86.83,73.28,61.76,19.93,163.41,26.17,27.88,60.97,135.97,99.47,84.41,86.55,74.91,78.79,89.55,71.49,17.237,18.932,17.603,97.92080895301936,107.54984945747883,,,,,,,,,,,,787000.0,4390000.0,2400000.0,1310.0,212000000.0,,140000.0,10300000.0,8570.0,240000.0,1470000.0,3419.488,57225.53999999999,1008.662,15427.775000000003,10455.532,331731.808,4.0,31257.974,31257.974,317248.874
1941,1.1399999856948853,0.05762353875676532,19.7835816801696,150.7,78.31,253.59,88.7,116.37,38.33,112.47,71.83,103.93,62.65,59.78,80.8,27.88,40.46,40.28,73.22,81.76,38.78,73.8,96.15,94.03,96.97,62.32,51.26,33.14,82.92,94.3,102.55,29.93,25.0,76.14,88.11,181.41,94.05,83.78,21.09,187.59,36.58,33.0,74.31,157.8,107.57,91.52,90.5,83.42,91.2,91.82,68.78,20.093,18.452,18.727,107.29428098467453,98.53153201260213,,,,,,,,,,,,1040000.0,6110000.0,2480000.0,1080.0,233000000.0,,162000.0,10800000.0,8140.0,244000.0,1590000.0,3522.425,60747.965,1072.019,16499.794,10838.009,342569.81700000004,5.0,5736.227,2191.37,322985.101
1942,1.190000057220459,0.0637880921527924,18.65552044369092,175.72,74.12,237.42,99.28,113.32,34.63,105.39,77.55,110.05,62.18,60.11,90.31,22.91,49.94,36.33,74.05,74.51,32.01,66.69,86.86,93.85,88.16,55.46,49.66,25.54,73.39,86.88,93.07,34.53,26.46,81.41,102.93,157.05,104.25,98.27,19.4,208.78,42.06,44.64,87.52,165.55,106.14,92.26,88.25,84.01,99.63,85.5,62.35,23.073,18.039,21.723,106.21461124154123,83.04101643419418,,,,,,,,,,,,1400000.0,8360000.0,2590000.0,1120.0,235000000.0,,158000.0,8800000.0,7780.0,124000.0,1630000.0,3315.608,64063.573,1135.375,17635.169,11023.774,353593.591,2.0,1195.0,1195.0,324180.101
1943,1.2000000476837158,0.06768447500967693,17.72932489336957,175.52,69.84,239.65,77.73,121.7,32.63,99.3,114.57,129.36,61.22,92.23,102.59,21.58,54.61,34.23,69.99,72.49,30.16,62.83,81.84,88.42,86.7,52.46,48.49,23.85,68.18,82.47,87.37,32.53,24.93,76.7,101.44,169.06,70.99,107.76,18.28,272.52,39.15,40.57,74.16,235.16,99.16,91.47,87.23,86.77,101.79,82.01,58.91,24.283,18.132,24.345,99.74532758266585,74.47935921133704,,,,,,,,,,,,1950000.0,14000000.0,2620000.0,896.0,227000000.0,,167000.0,9250000.0,6380.0,146000.0,1830000.0,3568.096,67631.669,1198.732,18833.901,11329.403,364922.994,0.0,0.0,0.0,324180.101
1944,1.2100000381469729,0.06886418681002165,17.57081720118249,169.53,68.65,240.66,66.31,129.86,32.08,97.61,114.77,136.55,60.18,100.62,109.25,21.22,57.81,33.65,68.8,87.25,29.64,61.76,80.44,86.92,83.25,52.94,49.99,25.98,71.3,82.56,85.83,31.98,24.5,75.4,103.31,168.09,69.78,119.35,17.96,264.7,43.67,40.37,71.2,278.61,98.3,90.99,87.11,88.4,101.07,81.74,58.32,25.243,18.132,27.715,91.08064225148837,65.42305610680138,,,,,,,,,,,,1690000.0,6960000.0,2460000.0,813.0,199000000.0,,157000.0,9330000.0,5740.0,102000.0,1870000.0,4098.133,71729.802,1262.089,20095.99,10878.439,375801.433,3.0,6265.004,1941.004,330445.10500000004
1945,1.0499999523162842,0.07045183376817778,14.903798753788523,165.92,67.12,227.26,68.03,133.06,31.36,95.44,112.22,138.91,58.84,122.76,110.51,20.74,56.53,32.9,67.27,96.21,28.98,62.08,78.66,84.98,84.66,52.34,51.9,25.33,72.5,83.64,83.92,49.41,23.96,74.77,113.07,159.37,68.23,121.08,17.57,255.6,47.11,46.98,69.62,265.69,95.3,90.66,86.63,88.62,101.03,81.17,58.62,25.832,18.232,28.464,90.7532321528949,64.05283867341203,,,,,,,,,,,,870000.0,3430000.0,2110000.0,762.0,159000000.0,1250000.0,145000.0,10900000.0,5040.0,88400.0,1470000.0,4093.341,75823.143,1325.446,21421.436,8728.483,384529.916,5.0,14227.167,14227.167,344672.27200000006
1946,1.1200000047683716,0.07647088584182268,14.646096909156405,176.02,73.01,227.18,59.85,137.79,28.89,104.82,141.25,160.6,62.52,161.31,116.14,17.84,38.68,35.56,77.31,88.39,29.24,63.91,76.0,82.84,76.54,53.36,52.45,21.37,65.08,77.97,128.15,55.74,28.51,94.57,133.56,206.85,62.85,122.29,16.18,348.44,47.74,52.26,60.76,262.35,76.63,96.81,92.27,95.3,108.38,86.21,59.72,31.232,19.485,28.839,108.29779118554734,67.56475605950276,,,,,,,,,,,,790000.0,4360000.0,1780000.0,860.0,154000000.0,1030000.0,123000.0,15300000.0,3970.0,89400.0,1440000.0,4354.179,80177.322,1396.386,22817.822,9398.169,393928.085,1.0,1565.22,1565.22,346237.492
1947,1.899999976158142,0.08742704092108247,21.732406314348555,148.73,100.5,188.51,54.45,145.75,30.32,126.19,154.88,201.34,87.56,165.82,138.66,15.6,41.64,47.17,122.32,80.8,25.57,61.56,95.0,87.15,62.38,53.34,52.47,17.25,59.92,75.1,116.85,41.95,75.69,114.73,133.01,215.86,113.77,118.71,13.19,403.5,57.0,61.8,73.63,230.5,80.81,106.47,100.19,102.17,117.79,96.1,58.52,40.389,24.709,34.831,115.95704975452901,70.93968016996352,,,,,,,,,,,,1080000.0,6320000.0,2130000.0,900.0,184000000.0,1310000.0,140000.0,18300000.0,5220.0,115000.0,1600000.0,4796.538,84973.86,1544.878,24362.7,10559.624,404487.70900000003,3.0,18029.0,18029.0,364266.492
1948,1.9900000095367432,0.09422996412452976,21.118547884692553,114.1,90.31,126.91,49.24,162.19,32.82,156.71,96.35,180.06,86.09,96.49,120.07,16.23,45.88,46.02,139.55,77.96,24.4,64.88,112.22,104.64,56.43,55.81,54.9,15.85,56.63,68.82,157.01,36.52,79.88,111.11,117.21,156.66,129.28,114.5,12.84,373.88,55.12,50.53,72.66,201.34,99.37,108.47,106.75,95.7,103.85,112.7,61.51,38.722,27.98,35.581,108.8277451448807,78.6374750569124,,,,,,,,,,,,1270000.0,8360000.0,2210000.0,932.0,211000000.0,1380000.0,151000.0,19400000.0,5440.0,156000.0,1690000.0,5428.873,90402.73300000001,1746.574,26109.274,10910.78,415398.48900000006,5.0,117673.717,116947.5,481940.20900000003
1949,1.7799999713897705,0.0932860913620136,19.081086423507205,91.32,81.07,112.8,57.74,160.15,28.4,158.22,88.89,120.03,75.06,81.75,104.1,17.74,46.32,40.48,119.97,85.62,27.37,71.02,113.41,94.38,54.43,64.77,54.38,16.26,57.18,65.84,135.02,38.61,43.88,136.53,114.34,102.15,96.4,114.5,10.35,396.94,39.31,50.17,78.14,201.57,101.42,104.8,105.26,89.24,93.73,114.94,65.98,35.845,26.479,33.333,107.5360753607536,79.43779437794379,,,,,,,,,,,,1310000.0,8230000.0,2140000.0,964.0,223000000.0,1370000.0,146000.0,19700000.0,5570.0,164000.0,1730000.0,5397.739,95800.47200000001,1866.309,27975.583000000002,10373.65,425772.1390000001,10.0,16134.697,14386.364,498074.906
1950,1.7100000381469729,0.09422996412452975,18.147094228828525,62.42,92.9,58.58,52.34,157.32,32.82,156.71,98.84,134.58,62.7,88.39,106.4,18.3,44.67,44.35,102.88,103.03,30.49,72.86,108.02,106.8,55.44,70.77,54.24,21.46,61.84,67.34,139.08,41.73,64.59,209.55,134.66,201.89,86.58,118.86,23.99,396.2,44.14,59.48,68.94,207.26,120.26,103.17,104.92,94.85,90.13,115.12,68.29,39.263,27.767,30.337,129.4228170221182,91.52849655536144,,,,,,,,,,,,1490000.0,8180000.0,2380000.0,879.0,250000000.0,1640000.0,145000.0,23400000.0,6320.0,172000.0,2150000.0,6055.578,101856.05,2136.634,30112.217000000004,11332.575,437104.7140000001,5.0,8850.0,4418.334,506924.906
1951,1.7100000381469729,0.10170269918900754,16.813713419434958,57.64,102.32,63.33,44.23,148.22,30.42,145.25,97.0,148.93,61.39,95.06,108.53,18.21,44.76,46.83,125.47,99.26,33.9,72.0,133.18,128.47,51.89,72.0,52.02,19.7,63.11,60.39,152.0,42.55,66.21,206.46,138.92,149.74,126.97,105.11,31.96,368.0,46.59,62.77,80.19,227.07,151.35,99.44,100.77,97.13,88.9,109.1,68.42,48.093,32.466,35.955,133.75886524822698,90.29620358781811,,,,,,,,,,,,1800000.0,10900000.0,2490000.0,883.0,294000000.0,1600000.0,132000.0,24600000.0,6210.0,172000.0,2360000.0,6867.236,108723.28600000001,2534.509,32646.726000000002,11939.019,449043.7330000001,4.0,59607.833,57584.5,566532.7390000001
1952,1.7100000381469729,0.10389072538669933,16.459602450382896,59.96,52.26,59.89,39.22,144.45,34.02,142.13,103.2,143.03,65.02,105.26,101.8,18.19,51.46,45.83,115.55,111.75,35.12,71.98,123.54,113.28,53.39,81.02,51.41,20.11,62.07,56.62,153.74,39.41,64.6,200.97,120.78,147.16,74.23,107.8,20.42,380.09,44.69,45.18,65.44,221.93,90.51,97.12,99.2,91.39,85.67,107.6,68.73,40.508,31.825,36.704,110.36399302528335,86.70717088055797,,,,,,,,,,,,2060000.0,12800000.0,2570000.0,868.0,298000000.0,1810000.0,146000.0,26400000.0,6700.0,177000.0,2590000.0,7218.299,115941.585,2729.627,35376.353,11870.501,460914.2340000001,6.0,5825.789,1475.637,572358.528
1953,1.9299999475479128,0.10472518904442382,18.4291856157855,66.88,51.29,78.65,53.02,143.95,37.99,149.07,87.48,127.53,72.13,78.35,88.89,19.45,59.77,54.13,93.94,126.91,36.52,76.55,97.55,75.28,53.8,88.18,51.88,20.1,76.0,52.43,148.28,40.06,67.2,216.1,109.06,110.6,65.14,108.96,12.73,384.75,41.23,36.67,77.73,232.32,94.01,100.57,102.82,89.58,87.82,112.26,72.15,37.897,32.214,35.206,107.6435834800886,91.50144861671305,,,,,,,,,,,,2470000.0,13800000.0,2600000.0,864.0,331000000.0,1870000.0,198000.0,27200000.0,6900.0,193000.0,2670000.0,7632.513,123574.09800000001,2886.345,38262.698000000004,11923.186,472837.4200000001,6.0,42000.0,42000.0,614358.528
1954,1.9299999475479128,0.10523233281703603,18.340370263420272,64.18,41.18,64.8,52.53,131.66,42.0,154.04,81.1,126.38,64.88,73.14,91.95,20.19,45.96,55.53,97.36,116.27,37.17,79.37,93.02,73.67,54.83,87.11,52.72,19.27,75.32,51.62,138.33,39.86,104.19,287.47,107.69,125.93,66.41,119.18,12.36,382.06,47.87,34.88,111.71,235.57,92.27,101.15,104.23,91.74,86.88,114.22,73.89,38.565,33.066,34.457,111.92210581304234,95.96308442406479,,,,,,,,,,,,2810000.0,16200000.0,2640000.0,965.0,301000000.0,2000000.0,216000.0,30500000.0,6670.0,192000.0,2660000.0,7990.694,131564.79200000002,3027.598,41290.296,11769.438,484606.8580000001,6.0,23255.033999999996,22671.700999999997,637613.562
1955,1.9299999475479128,0.10480937327999008,18.41438305705796,76.04,39.59,80.5,41.64,131.27,42.16,154.62,68.71,111.44,58.36,64.31,91.0,22.03,46.68,70.38,105.31,107.5,40.34,84.39,96.32,85.16,59.9,93.26,53.26,19.57,79.66,51.69,137.08,42.45,67.85,208.42,108.25,93.49,69.32,114.72,20.54,405.64,35.88,34.8,106.36,232.99,77.14,100.15,105.67,88.81,82.23,116.57,78.88,38.233,38.267,34.831,109.76716143665124,109.86477563090351,,,,,,,,,,,,3140000.0,17800000.0,2900000.0,947.0,364000000.0,2010000.0,239000.0,30500000.0,7000.0,200000.0,2900000.0,8955.483,140520.27500000002,3293.563,44583.859000000004,12787.882,497394.7400000001,8.0,19745.813000000002,12437.480000000001,657359.375
1956,1.9299999475479128,0.10634817321395404,18.14793699996227,129.4,45.31,148.6,38.37,138.52,45.69,152.34,72.85,114.32,55.63,69.34,95.22,21.98,51.34,77.36,109.72,123.74,38.93,89.47,101.59,92.03,61.57,97.87,52.72,18.78,74.18,50.96,163.98,42.24,48.67,212.53,103.33,110.29,78.8,108.2,17.67,403.36,37.13,36.83,101.35,227.53,73.33,104.04,110.16,93.64,88.54,118.25,83.4,39.895,40.977,36.33,109.81282686485001,112.79108175061931,,,,,,,,,,,,3370000.0,18800000.0,3200000.0,978.0,389000000.0,2400000.0,259000.0,34200000.0,7020.0,203000.0,3110000.0,9745.858,150266.13300000003,3571.75,48155.609000000004,13514.091,510908.8310000001,13.0,28685.302,11554.406,686044.677
1957,1.899999976158142,0.11021374502139278,17.23922888011243,110.14,42.92,137.97,50.51,140.95,44.12,159.83,63.02,96.02,53.83,62.34,91.11,22.46,57.83,52.83,97.01,151.49,42.85,94.29,93.1,75.09,65.08,99.67,50.58,17.25,65.08,49.31,138.74,40.07,52.67,198.39,97.2,101.91,77.12,97.01,15.55,376.07,32.77,52.72,89.76,240.25,83.3,105.03,111.39,90.01,85.73,122.71,85.57,40.108,35.376,36.704,109.27419354838707,96.38186573670444,,,,,,,,,,,,3370000.0,20500000.0,3300000.0,1020.0,423000000.0,2380000.0,286000.0,33200000.0,7190.0,204000.0,3150000.0,10270.767,160536.90000000002,3880.716,52036.325000000004,13893.758,524802.5890000002,12.0,76347.546,52638.086,762392.223
1958,2.0799999237060547,0.1131468270410538,18.383192689542717,114.7,43.13,134.29,56.57,131.26,46.85,155.27,62.24,92.08,54.34,57.3,81.84,21.35,56.29,44.78,78.0,131.87,41.71,93.53,89.56,66.1,65.45,99.05,49.39,15.77,67.69,48.0,99.51,38.66,74.22,164.89,95.87,85.02,71.11,96.24,13.64,355.88,29.84,34.81,90.47,236.44,59.56,102.1,108.32,84.39,83.5,119.15,83.92,36.231,32.546,36.33,99.72749793559042,89.58436553812277,,,,,,,,,,,,3510000.0,21400000.0,3190000.0,1050.0,397000000.0,2350000.0,224000.0,33700000.0,7430.0,156000.0,2950000.0,10527.977,171064.87700000004,4174.047,56210.372,14332.808,539135.3970000001,17.0,63220.374,57679.578,825612.597
1959,2.0799999237060547,0.11413731575165538,18.223662524461353,259.81,66.3,217.64,41.16,128.05,50.34,149.67,58.98,89.13,50.07,55.72,77.56,21.09,67.29,53.76,78.0,123.01,41.36,98.48,95.28,72.81,66.18,100.73,48.21,16.02,66.27,47.6,110.4,39.37,60.82,125.58,92.12,74.7,71.5,86.45,17.61,355.78,29.48,29.3,89.02,236.45,60.62,107.39,114.43,88.56,95.62,118.17,87.98,37.113,35.379,36.33,102.15524360033031,97.38232865400495,,,,,,,,,,,,4060000.0,23100000.0,3430000.0,1130.0,432000000.0,2320000.0,285000.0,38400000.0,6910.0,164000.0,3020000.0,11360.858,182425.73500000004,4659.676,60870.048,14854.895,553990.2920000001,16.0,38406.714,30107.101000000002,864019.311
1960,1.899999976158142,0.11596459563620604,16.384310795328044,270.78,49.21,298.57,47.4,123.95,53.37,147.23,56.72,82.65,46.5,48.38,77.22,21.85,42.2,54.4,75.15,112.75,40.72,96.95,93.24,81.07,64.42,97.65,51.37,15.35,64.4,46.89,121.24,38.75,46.46,122.79,86.73,114.85,68.46,88.65,18.1,375.63,28.16,30.49,88.6,238.73,57.18,107.74,113.87,90.12,98.45,116.24,86.67,37.327,36.781,37.079,100.66884220178538,99.19631058011272,8.51497812264,,0.73134776287,2.11450397643,3545.76114458085,59.65708179959,2671.88414502955,184.24739711659,11475.5429210635,8520.20143740156,1286.08374752276,4490000.0,27600000.0,3940000.0,1190.0,514000000.0,2390000.0,320000.0,41800000.0,7320.0,183000.0,3090000.0,12240.843,194666.57800000004,5072.324,65942.372,15475.8,569466.0920000002,11.0,32681.207000000002,30431.207000000002,896700.518
1961,1.7999999523162842,0.1171103536170428,15.370117984635085,248.2,52.78,241.74,51.05,119.84,56.6,145.75,57.81,80.47,51.0,54.85,80.9,21.22,34.01,50.28,67.67,121.27,42.54,95.98,103.11,71.52,68.92,105.7,50.85,16.0,63.75,46.4,120.02,38.81,37.37,117.88,88.18,95.88,68.98,95.66,13.81,384.9,33.19,27.1,81.08,212.71,57.52,106.28,112.03,87.46,96.61,115.15,86.31,36.466,35.242,37.453,97.36469708701571,94.09660107334524,8.04502477751,,0.76863294053,2.07415084711,3244.06229750676,56.46890003071,2620.89398959006,180.62874102382,12553.7829048154,8767.53974161002,1098.16296286278,4700000.0,29400000.0,4090000.0,1230.0,495000000.0,2390000.0,361000.0,45500000.0,7370.0,187000.0,3490000.0,13029.392,207695.97000000003,5449.435,71391.807,14579.534,584045.6260000002,22.0,40982.182,36167.874,937682.7000000001
1962,1.7999999523162842,0.11838637441916557,15.204452042285723,256.99,53.51,226.83,49.7,115.92,59.7,144.11,62.54,79.58,57.21,50.85,79.72,19.66,60.05,50.84,59.28,102.15,43.04,94.9,103.15,71.2,81.78,100.96,44.48,15.82,59.44,45.85,118.68,44.99,35.36,108.36,84.22,88.86,64.57,95.45,12.8,418.91,30.18,27.81,81.95,189.02,59.91,106.53,112.02,86.91,98.85,113.58,84.95,36.486,34.734,37.453,97.418097348677,92.74023442714869,7.64613777441,,0.80485660783,2.03615641028,3245.29921770188,55.38419532646,2505.41998371683,177.21936433708,12431.9325394999,8858.45303995444,935.26853007015,5060000.0,31100000.0,4220000.0,1290.0,499000000.0,2510000.0,357000.0,63300000.0,7650.0,190000.0,3570000.0,14133.672,221829.64200000002,5961.995,77353.802,14930.751,598976.3770000002,19.0,46814.535,44065.203,984497.2350000001
1963,1.7999999523162842,0.11980048425143124,15.024980604740584,236.98,39.05,271.92,40.9,112.01,59.0,142.42,65.28,87.26,52.65,57.31,76.05,18.37,55.07,50.24,67.77,86.11,42.05,94.78,103.72,72.67,86.49,104.3,43.95,15.63,53.55,45.13,113.67,52.47,42.14,103.64,82.75,92.95,65.63,96.05,11.7,403.7,32.66,81.63,79.32,178.65,62.96,105.51,110.41,87.63,97.99,112.41,84.89,41.419,34.747,37.453,110.58927188743223,92.77494459722851,7.68632940527,,0.81987513656,2.00536917292,3309.99392307195,56.46890003071,2555.93647606559,179.80886588726,12850.1763070486,8924.68247611774,1083.81514797294,5320000.0,30700000.0,4290000.0,1340.0,510000000.0,2560000.0,339000.0,54600000.0,7780.0,194000.0,3660000.0,15164.043,236993.68500000003,6523.504,83877.306,15383.595,614359.9720000002,18.0,36398.959,22654.393,1020896.1940000001
1964,1.7999999523162842,0.12147471462140466,14.817898176803883,295.1,35.39,297.34,39.99,112.04,54.58,139.35,67.55,85.89,49.68,54.46,63.92,19.01,58.09,51.78,81.64,89.32,41.5,96.62,138.28,81.09,87.44,105.6,47.15,16.71,53.38,44.55,122.63,52.34,38.08,128.16,82.26,85.21,69.73,94.78,10.86,339.65,32.35,55.53,76.14,195.27,65.45,106.07,111.43,89.43,99.85,111.78,87.0,41.046,37.62,38.202,107.44463640647086,98.47651955395006,7.32756973918,,0.75802445578,1.94129963247,4900.64495158511,51.7478028477,2658.06647945263,177.37772265178,17246.2776305461,8801.50618096429,1649.9244529378,5940000.0,33400000.0,4450000.0,1390.0,573000000.0,2530000.0,371000.0,63700000.0,7730.0,197000.0,4030000.0,16376.738,253370.42300000004,7127.606,91004.912,16064.467,630424.4390000001,24.0,127824.408,102706.511,1148720.6020000002
1965,1.7999999523162842,0.12354661436542104,14.569399263279843,304.2,48.27,224.04,53.31,109.91,57.24,135.85,64.3,87.57,48.29,50.3,58.13,19.32,59.87,55.79,94.44,85.64,40.8,95.0,153.73,85.19,77.72,101.52,51.92,14.91,58.58,43.82,133.6,51.46,27.04,124.83,79.33,83.07,78.03,94.85,10.99,386.59,33.64,19.11,80.78,163.24,57.53,104.71,110.56,88.18,99.24,109.72,86.11,38.119,40.499,38.951,97.86398295294087,103.97422402505714,7.10759401475,,0.80085566363,2.05602726119,6471.13483169738,53.36535083613,2703.54774949841,175.78781816773,19474.7241779624,8684.27860253455,1557.91453316362,6310000.0,37400000.0,4660000.0,1440.0,611000000.0,2700000.0,425000.0,71400000.0,8010.0,204000.0,4310000.0,18231.082,271601.50500000006,7638.485,98643.397,16381.558,646805.9970000001,24.0,76868.12,44882.787000000004,1225588.722
1966,1.7999999523162842,0.12699629255874123,14.17364173433415,342.97,58.06,221.97,53.8,109.5,55.65,133.03,66.54,89.85,57.39,53.06,61.74,18.79,54.18,56.02,86.77,87.28,39.67,91.74,137.62,82.83,76.23,101.38,46.87,13.52,65.21,42.62,132.12,50.04,37.26,112.68,75.3,113.97,65.6,91.41,9.98,395.19,35.16,16.73,68.65,198.32,60.41,107.21,110.97,89.69,107.2,107.22,83.43,37.935,40.568,39.7,95.55415617128463,102.18639798488664,6.56522467523,,0.77237937356,2.05128835116,7393.18318121391,45.95657272664,2607.41680674756,169.58554620661,17250.65079938,8394.79831634788,1357.01424001037,6880000.0,40700000.0,4580000.0,1450.0,626000000.0,2850000.0,412000.0,84500000.0,8300.0,211000.0,4500000.0,19796.811,291398.31600000005,8219.038,106862.435,16608.723,663414.7200000001,25.0,108587.776,16420.061,1334176.4980000001
1967,1.7999999523162842,0.13068779855694052,13.77328237365653,339.45,38.19,230.6,45.95,108.29,54.09,133.42,65.52,82.05,72.74,52.05,52.22,18.63,57.45,57.55,78.08,83.31,42.98,89.61,125.07,76.83,83.84,99.97,42.05,12.18,80.4,41.21,141.96,58.26,41.84,101.9,79.5,92.78,60.45,89.62,8.03,410.18,31.2,17.18,63.81,158.39,52.88,106.88,109.95,87.42,107.26,106.53,81.77,36.846,41.509,39.7,92.81108312342568,104.55667506297229,6.36446339301,,0.76564973149,2.18519963146,5430.23912454796,42.39785388128,2584.69871971848,167.24661322243,15829.9278313343,9262.92615778713,1307.98495796274,7570000.0,44600000.0,4630000.0,1420.0,616000000.0,2870000.0,449000.0,87300000.0,8030.0,218000.0,4840000.0,21238.463,312636.77900000004,8845.135,115707.56999999999,16018.826,679433.5460000001,24.0,53499.488,46099.132,1387675.986
1968,1.7999999523162842,0.13614639090877934,13.221062565825328,339.58,34.41,251.95,45.82,105.28,51.91,129.53,60.28,69.56,67.43,46.69,44.18,18.31,57.64,60.46,70.71,71.88,44.44,89.2,115.91,71.93,78.59,97.35,38.67,11.0,93.76,44.05,144.85,77.41,48.39,98.12,77.2,81.46,43.84,89.79,7.55,400.88,28.92,16.44,54.83,140.91,50.42,103.87,107.56,85.04,103.51,104.2,81.24,37.431,43.914,39.326,95.18130498906575,111.66658190510094,6.37212983185,,0.77237937356,2.18101531886,5995.36558710986,42.33604441309,2669.49800495428,187.90541947317,15094.6261886618,10014.3813152753,1269.07563008351,8020000.0,46000000.0,5010000.0,1440.0,668000000.0,3010000.0,497000.0,94100000.0,8560.0,232000.0,4970000.0,23170.031,335806.81000000006,9675.573,125383.143,16464.762,695898.3080000001,22.0,57515.551,35307.495,1445191.537
1969,1.7999999523162842,0.14348810751317792,12.544593301232107,363.14,42.39,251.14,57.34,106.71,52.34,127.43,58.12,71.4,58.91,44.75,43.55,18.46,54.7,65.17,75.69,61.89,46.82,90.45,122.14,73.82,77.19,96.35,35.9,9.57,60.69,44.12,145.65,61.34,57.19,94.16,67.11,62.92,44.63,88.08,9.41,369.43,26.44,26.26,50.47,123.5,48.4,104.33,107.92,82.98,105.09,103.63,81.77,39.761,47.712,40.449,98.2990926846152,117.95594452273235,5.81922467875,,0.77895133495,2.07026899098,6723.44971662373,45.0875360936,2696.31653897396,188.246572613,15704.8044292679,10829.2563824802,1312.34207994649,8970000.0,51800000.0,5520000.0,1450.0,701000000.0,3240000.0,487000.0,92100000.0,9200.0,229000.0,5340000.0,24940.334,360747.14400000003,10625.758,136008.90099999998,16797.789,712696.0970000001,28.0,59873.291,19703.378,1505064.828
1970,1.7999999523162842,0.15196137571131427,11.845114877979256,365.68,35.38,250.87,55.51,126.44,49.42,121.98,56.57,75.97,41.72,41.41,46.72,18.39,47.9,74.69,74.91,61.14,54.11,90.86,122.12,73.14,68.13,92.75,33.15,12.94,49.11,36.44,146.72,57.27,40.6,116.27,68.34,81.66,60.5,86.54,7.2,386.84,27.34,28.88,54.79,112.79,38.32,102.45,107.71,83.13,101.92,102.94,81.84,42.201,53.5,42.697,98.83832587769632,125.30154343396491,5.21223561082,33.59953534248,0.73229756516,1.92645094069,6098.31566465937,42.38710612435,2645.62073968159,154.82349992746,15823.8734748484,12260.3842938147,1274.26955725129,9650000.0,57800000.0,5900000.0,1480.0,757000000.0,3390000.0,628000.0,95100000.0,9360.0,232000.0,5460000.0,27433.883,388181.027,9760.88,145769.781,17469.682,730165.7790000001,22.0,38349.864,12825.601999999999,1543414.692
1971,2.240000009536743,0.1586166184431967,14.122101653168992,361.78,38.04,231.25,44.29,137.2,50.17,123.6,58.4,71.67,35.32,36.06,45.53,17.82,67.46,63.83,63.46,63.24,53.52,98.47,112.47,73.83,65.69,93.2,32.5,12.8,35.52,39.67,130.63,47.93,31.03,96.43,75.88,78.71,58.21,88.15,5.64,372.04,28.16,33.37,53.52,104.79,23.83,101.83,109.87,79.88,96.56,106.67,86.5,42.324,50.293,45.318,93.39335363431749,110.97797784544774,6.9220737642,35.55242619719,0.73726229441,2.05714015249,4429.37629378807,42.31066389597,2572.01864882187,167.12985299016,14384.6700142473,12009.593185805,1266.79411087039,10300000.0,62100000.0,5940000.0,1450.0,767000000.0,3490000.0,637000.0,94000000.0,9170.0,235000.0,5520000.0,29000.791,417181.818,10441.183,156210.96399999998,17310.953,747476.7320000001,27.0,225867.952,16736.999,1769282.644
1972,2.4800000190734863,0.16359204562146507,15.15966139828062,385.17,75.34,299.92,62.51,144.91,51.26,121.1,59.89,66.88,39.68,37.31,51.04,15.7,68.42,60.81,66.9,72.97,54.64,86.14,115.46,78.64,67.43,100.15,32.16,12.77,33.58,54.73,130.64,50.56,35.95,104.42,77.56,66.4,46.91,90.35,5.45,342.23,30.39,52.24,47.64,104.45,40.19,104.38,108.66,84.31,105.89,102.99,78.71,46.625,49.613,48.689,95.76084947318697,101.89775924746863,6.83371531437,36.045970889,0.71340984051,2.03571868417,3971.34606875211,38.78696659201,2215.71320959815,218.37537797865,14042.7530426455,11564.3735146899,1418.15237725871,11000000.0,64900000.0,6540000.0,1390.0,757000000.0,3450000.0,611000.0,101000000.0,9380.0,244000.0,5440000.0,30649.971,447831.78900000005,10955.471,167166.43499999997,17251.293,764728.025,18.0,31585.134000000002,6684.110000000001,1800867.7780000002
1973,3.289999961853028,0.17376658422075658,18.933444405360156,492.63,82.2,456.73,89.64,152.74,55.88,148.98,95.7,106.17,83.58,69.81,105.77,14.0,69.0,66.59,68.26,77.02,56.1,95.32,139.36,86.18,61.04,99.75,36.2,15.25,33.12,86.23,147.25,72.28,59.44,121.69,122.78,118.97,76.75,95.7,10.48,533.13,59.33,64.01,45.2,103.32,81.76,136.6,134.25,110.84,155.07,119.68,86.41,69.472,55.72,58.801,118.1476505501607,94.76029319229265,9.08970239387,37.16822207716,0.67990650141,2.24533205063,5780.36541991601,33.44492456943,1939.69389079517,315.10698494579,15547.8428622754,10920.9172376705,2736.89347234813,12100000.0,70400000.0,6920000.0,1350.0,832000000.0,3490000.0,710000.0,111000000.0,9700.0,238000.0,5710000.0,33445.121,481276.91000000003,11482.695,178649.12999999998,17558.373,782286.398,18.0,32099.529,15851.689999999999,1832967.3070000003
1974,11.579999923706056,0.19277899511134697,60.06878455309708,349.28,50.96,307.86,69.87,252.99,68.66,365.39,109.73,142.43,134.5,82.67,109.44,17.21,94.59,78.12,85.07,113.86,57.6,110.49,218.71,135.13,110.45,108.84,129.35,19.57,48.16,127.13,161.27,119.89,73.93,115.89,116.06,143.85,122.56,95.28,10.47,576.67,50.99,181.07,56.51,122.32,51.86,198.09,203.57,130.87,158.38,234.48,104.67,102.41,79.813,71.161,143.91309846685684,112.158345160973,29.15785585233,44.87254770133,0.77045819025,4.59618161772,5468.9247746114,35.54734684688,2031.93586142251,423.07453278261,21743.5699467377,10162.7420423037,3293.26597127134,13200000.0,79600000.0,7100000.0,1250.0,881000000.0,3490000.0,770000.0,123000000.0,9260.0,233000.0,5780000.0,33519.68,514796.59,11725.098,190374.22799999997,17712.754,799999.152,21.0,34145.464,19770.521999999997,1867112.7710000002
1975,11.529999732971191,0.2104080586772044,54.79828009182783,268.42,46.05,170.6,88.81,286.52,92.27,345.62,91.32,112.7,81.36,71.22,74.8,18.4,158.48,59.34,74.49,137.87,62.67,107.33,171.85,134.14,81.84,124.81,146.0,24.1,69.77,117.78,135.7,103.09,54.07,105.49,89.15,90.67,72.87,95.59,7.16,436.79,37.1,114.29,54.07,139.29,40.55,177.24,191.28,114.15,120.75,229.0,103.51,85.156,76.09,79.026,107.756940753676,96.28476703869615,24.95643600241,64.20615713823,1.02863813597,4.02387352497,2953.74636834702,41.38474360996,2077.45806635487,385.21102752753,16450.0169531613,10935.4599974384,1782.57407206311,12100000.0,74800000.0,6740000.0,1200.0,888000000.0,3440000.0,802000.0,109000000.0,9430.0,222000.0,5850000.0,31837.768,546634.358,11750.097,202124.32499999998,18767.678,818766.83,25.0,26358.193,11813.916000000001,1893470.9640000002
1976,12.800000190734863,0.2226229829714986,57.49631066785943,302.36,62.8,291.67,73.19,275.3,115.01,343.44,81.68,100.04,52.88,70.48,62.9,19.41,128.41,60.77,75.57,151.98,64.46,100.51,181.62,121.53,90.73,137.48,73.65,15.55,67.14,86.32,120.58,96.09,83.94,217.65,120.45,85.73,64.52,92.23,9.34,562.94,36.88,61.05,53.14,156.35,46.49,173.27,190.8,119.39,116.97,224.85,96.69,83.11,81.408,78.652,105.66800589940497,103.50404312668464,27.48371653598,64.18381201824,1.37261036379,4.10037503163,3310.21629913642,53.69131844825,2103.06351734006,294.96156051422,17925.9565681089,11752.2623644217,1681.20153166326,12600000.0,77400000.0,7260000.0,1210.0,886000000.0,3690000.0,792000.0,109000000.0,9840.0,218000.0,5690000.0,34590.738,581225.096,12256.773,214381.09799999997,19299.518,838066.348,21.0,59579.365,16546.465,1953050.3290000001
1977,13.920000076293944,0.2372035058101413,58.68378727688608,270.66,64.94,456.68,65.8,264.81,147.16,347.86,65.86,77.88,53.39,55.22,49.44,21.07,119.43,54.59,94.35,155.66,61.05,105.77,240.15,105.21,90.61,142.87,119.31,14.55,61.28,95.98,112.34,96.09,146.09,335.87,105.46,56.67,79.02,90.98,9.24,532.01,41.99,40.27,82.19,151.4,43.96,172.51,192.84,126.79,110.52,229.31,102.26,93.125,87.752,86.517,107.63780528682226,101.42746512246148,27.4691084935,62.69584823163,1.727066901,3.91677481432,2861.13772997592,50.41286422406,2500.59686718984,322.94147068079,23620.2632639071,11189.134485811,1289.10605395158,13800000.0,81900000.0,7420000.0,1210.0,844000000.0,3410000.0,828000.0,121000000.0,10300.0,231000.0,5920000.0,35798.867,617023.963,12774.155,227155.25299999997,19885.986,857952.334,19.0,47861.903,41694.123,2000912.232
1978,14.020000457763672,0.25502887486499287,54.97416896492829,357.02,77.65,512.4,71.84,270.59,157.54,322.8,70.25,76.34,67.99,49.57,57.22,20.27,102.52,50.5,96.11,155.12,51.06,108.61,262.83,88.05,87.53,147.11,56.13,14.44,57.98,116.68,171.88,104.37,121.9,216.79,96.69,84.55,83.18,84.95,10.39,520.0,37.37,36.04,55.08,141.58,42.35,173.54,191.63,126.51,123.88,219.04,102.53,93.627,91.149,98.876,94.69133055544317,92.18516121202313,24.29875736789,54.66497541518,1.70404833928,4.33091914856,2567.5164398153,40.35161384836,2492.43455021185,363.52038385606,24220.7661950521,8670.89399210061,1117.27254039343,14100000.0,81000000.0,7280000.0,1210.0,833000000.0,3460000.0,658000.0,127000000.0,10700.0,241000.0,5850000.0,36124.168,653148.1309999999,13206.601,240361.85399999996,20194.787,878147.121,24.0,32426.661,19759.405,2033338.8930000002
1979,31.61000061035156,0.2839738698648504,111.31306068898337,432.76,107.35,583.89,55.5,293.35,183.59,433.67,74.95,77.95,55.35,46.12,64.59,20.38,117.38,63.92,135.14,154.16,59.75,97.61,267.21,95.28,76.27,147.01,57.22,16.81,64.33,166.42,262.42,192.13,106.0,207.65,92.34,77.85,81.41,74.54,11.95,816.22,37.27,40.03,52.87,131.53,43.67,206.03,230.98,147.04,136.4,269.84,97.66,113.25,121.1,114.61,98.81336707093622,105.66268213942938,52.21804152348,52.09226580556,1.98992792653,5.496735035,3347.89915159254,39.62992057075,2703.04427429802,517.15781560133,26050.1942669779,10094.66827815,1250.73153574361,14600000.0,85500000.0,7350000.0,1210.0,898000000.0,3510000.0,686000.0,134000000.0,10800.0,245000.0,5990000.0,37653.043,690801.1739999999,14097.017,254458.87099999996,21380.146,899527.267,28.0,89007.647,54751.376,2122346.54
1980,36.83000183105469,0.3223064308120329,114.27014266598272,364.83,59.37,587.5,47.69,276.01,217.92,602.33,79.16,79.68,63.97,52.07,61.27,20.97,112.57,62.48,95.94,150.9,55.96,99.42,279.6,84.18,66.66,145.06,63.46,20.63,90.48,290.58,354.53,317.24,73.83,165.71,98.23,70.36,64.02,80.0,11.88,826.73,32.66,104.59,51.34,112.47,40.06,244.78,277.88,155.58,133.24,346.97,101.75,138.83,144.72,125.47,110.647963656651,115.3423129034829,56.52604756317,61.54270644212,2.4364620645,6.4699758231,3345.51666519448,43.06673480352,2721.24245842062,931.95887726587,25718.7416118448,9994.2345138968,1167.07427238718,15400000.0,89200000.0,7200000.0,1220.0,884000000.0,3520000.0,779000.0,147000000.0,10700.0,245000.0,5950000.0,35949.586,726750.7599999999,14283.338,268742.209,20968.074,920495.341,17.0,13558.987000000001,6600.0,2135905.5270000002
1981,35.93000030517578,0.35555406020263247,101.05355085721438,296.32,48.87,507.15,51.71,270.12,245.86,587.85,73.09,72.11,64.76,53.6,50.98,13.52,113.18,45.15,69.68,139.43,46.3,94.25,213.93,84.77,67.56,142.85,63.01,19.33,102.12,199.11,211.65,145.37,53.43,124.24,80.76,45.53,56.71,73.7,8.49,592.12,28.81,56.12,41.21,103.95,33.05,229.25,262.25,128.38,111.35,337.28,93.32,117.94,124.21,119.1,99.02602854743913,104.29051217464315,54.34246527183,82.11478134613,3.03731784788,7.04453551272,2667.65839921454,43.01760925052,1933.77137830719,704.07707700119,21683.5780199079,9116.67542431802,1295.04596876821,15100000.0,85300000.0,7690000.0,1280.0,843000000.0,3350000.0,726000.0,145000000.0,11200.0,238000.0,5950000.0,33858.336,760609.0959999999,14530.98,283273.18899999995,21445.23,941940.571,13.0,15794.51,5781.5779999999995,2151700.037
1982,32.970001220703125,0.37745838074302684,87.34738159953338,269.66,42.57,415.44,71.46,259.7,287.83,505.21,55.04,52.57,36.23,40.41,41.19,10.0,102.13,36.17,49.37,161.76,35.45,90.27,182.53,70.33,73.33,138.91,52.1,13.76,93.63,153.36,146.31,103.23,42.02,126.01,64.96,40.88,41.68,45.7,6.11,528.67,23.02,26.24,40.76,108.17,27.27,200.85,233.88,112.18,94.74,298.07,87.44,96.784,110.54,115.73,83.62913678389354,95.51542383133155,51.53147498344,86.4468666029,3.89083902271,7.02402987872,2336.77898884761,51.29909461988,1565.12222323855,593.17011572828,20244.6747007897,7635.65977634515,1175.59109809159,13400000.0,79300000.0,7580000.0,1340.0,783000000.0,3450000.0,621000.0,129000000.0,11500.0,219000.0,6130000.0,32518.732,793127.8279999999,14597.483,297870.67199999996,22204.41,964144.981,13.0,27781.718,11666.464,2179481.755
1983,29.549999237060547,0.3895839867564431,75.85013820276542,266.76,48.27,325.58,55.92,243.48,293.6,454.35,59.33,67.2,33.08,35.4,41.34,14.06,94.72,37.66,37.28,128.15,33.18,102.79,179.02,69.94,62.55,161.02,46.77,11.92,73.24,167.06,182.79,144.11,49.72,115.12,73.05,79.22,45.49,51.66,7.34,481.62,25.68,25.57,53.66,108.59,24.69,188.04,222.12,109.81,89.63,278.22,97.66,102.78,118.37,110.49,93.02199294053761,107.1318671372975,48.08806431077,61.91842712632,4.20356195941,6.56679881798,2581.19782921292,47.02152240035,2332.32155878418,685.10358137308,21059.1022604016,7576.62654732236,1239.31437774712,13900000.0,78700000.0,7610000.0,1400.0,728000000.0,3350000.0,673000.0,143000000.0,12100.0,197000.0,6280000.0,32122.473,825250.3009999999,14728.053,312598.725,22137.172,986282.153,6.0,3974.666,3374.333,2183456.421
1984,28.780000686645508,0.4064033757429935,70.81634259073125,238.24,60.35,311.46,52.13,229.8,289.06,420.69,63.16,62.82,28.71,27.99,40.47,11.73,101.29,31.22,37.13,136.42,32.35,107.44,161.61,80.86,62.26,133.02,37.25,12.92,75.93,136.63,148.11,98.46,53.87,120.87,67.42,47.35,63.39,42.91,6.33,525.57,24.66,15.05,67.25,109.18,23.32,176.67,210.47,104.68,84.01,261.58,97.48,103.54,112.81,108.61,95.3319215541847,103.86704723321978,47.34600675458,51.32639270054,4.40177354358,6.23377345531,2283.47874367683,43.35456804691,2074.59483217228,597.6423060471,20282.1318131495,7878.77397937335,1528.49030343092,15700000.0,87200000.0,7810000.0,1460.0,823000000.0,3200000.0,773000.0,154000000.0,13100.0,188000.0,6520000.0,32752.219,858002.5199999999,15988.612,328587.337,23105.615,1009387.768,14.0,12524.969,5919.827,2195981.39
1985,27.559999465942383,0.42087587324298137,65.48248834884237,218.01,50.66,286.54,50.02,222.98,263.38,383.89,45.57,49.4,23.48,30.65,35.86,9.41,103.07,31.03,31.69,128.54,32.2,113.24,147.23,66.35,58.5,124.26,39.16,12.34,82.41,116.35,116.91,71.39,48.95,118.25,48.09,28.29,42.04,33.47,4.85,394.1,18.94,11.34,41.44,98.82,21.51,162.17,195.28,91.78,72.29,244.52,99.82,91.268,105.59,109.59,83.28132128843873,96.35003193722055,45.54267407263,56.54439913984,4.2066240644,6.11517205512,2374.66930175288,44.49834788605,1743.61984577221,532.61892057924,19332.3904501116,8207.803478599,1312.57002378616,15400000.0,84200000.0,7990000.0,1530.0,845000000.0,3390000.0,813000.0,151000000.0,13100.0,181000.0,6760000.0,32465.682,890468.2019999999,16410.34,344997.677,24276.461,1033664.229,11.0,15686.829,10257.001,2211668.219
1986,14.43000030517578,0.42869884486447735,33.65999343837157,207.87,62.16,311.66,53.97,205.12,199.85,204.76,36.17,37.02,21.8,22.09,32.39,10.21,90.19,29.44,32.31,120.09,25.09,111.17,77.18,62.69,54.46,108.09,38.44,10.62,80.15,132.12,182.48,62.34,44.12,154.25,37.83,34.66,21.19,48.32,5.06,440.44,17.27,16.6,38.59,98.78,22.84,117.67,141.47,85.76,72.74,158.84,96.72,88.358,105.34,130.3,67.81120491174212,80.84420567920183,20.90292416997,45.33822402721,2.81861730097,5.31677165299,2001.1187459536,38.25162290617,1675.05255089891,535.60162254879,8974.95332520837,5653.60977307858,1098.36248002088,15400000.0,88200000.0,7940000.0,1610.0,855000000.0,3240000.0,852000.0,141000000.0,13000.0,173000.0,6840000.0,34069.391,924537.5929999999,16834.781,361832.45800000004,24852.248,1058516.477,4.0,7628.941000000001,5800.608,2219297.16
1987,18.435039520263672,0.44434478810773403,41.48814167207917,228.71,74.87,319.77,49.87,193.43,165.98,250.92,40.36,30.15,24.24,23.31,29.59,13.41,84.19,36.93,45.82,121.76,30.33,76.19,80.85,64.02,44.52,90.25,35.18,9.45,66.13,154.77,210.39,77.52,41.01,86.85,56.95,35.37,27.25,35.59,5.96,618.72,17.25,17.89,37.05,98.4,27.57,124.84,145.58,89.97,78.97,166.86,71.91,95.215,108.047,142.9,66.63051084674598,75.61021693491952,24.12040350579,36.55445766664,2.20988312257,3.44276528569,2369.39791414476,33.63010105331,2080.76059327645,593.47491274799,8859.24974322021,6476.40865034083,1061.7962241321,16500000.0,91600000.0,8240000.0,1660.0,869000000.0,3430000.0,891000.0,147000000.0,14000.0,180000.0,7190000.0,34148.086,958685.6789999999,17678.574,379511.03200000006,25321.213,1083837.69,6.0,15691.151,4021.541,2234988.311
1988,14.92384147644043,0.4627287714194427,32.251812288786,231.7,78.93,341.4,31.38,182.26,161.3,200.81,49.56,42.57,30.09,34.61,35.67,20.95,129.02,51.77,48.37,144.51,82.37,73.72,81.83,95.54,43.85,82.86,31.26,11.71,60.82,145.49,192.8,69.34,31.29,101.0,46.43,46.11,33.39,42.16,6.88,591.45,23.3,25.91,34.0,84.93,30.35,112.63,131.61,92.47,79.3,143.18,72.01,116.574,155.777,153.3,76.04305283757338,101.61578604044357,18.37158451222,43.53217770142,2.09911432739,2.94583338711,3247.49629574441,30.33209801131,3183.56692634532,545.5388017427,8802.09190973282,17198.5700232197,1549.69351640034,18500000.0,97400000.0,8720000.0,1870.0,967000000.0,3420000.0,952000.0,166000000.0,15500.0,205000.0,6770000.0,35607.57,994293.2489999998,18457.764,397968.7960000001,25936.246,1109773.936,6.0,33140.558000000005,7769.557000000001,2268128.8690000004
1989,18.226112365722656,0.48502424054031024,37.57773497138828,225.61,77.33,313.38,24.69,172.24,153.88,235.13,50.51,41.69,30.95,26.99,39.0,15.31,145.36,54.09,47.35,171.97,75.93,79.92,94.49,121.72,46.91,87.43,29.26,12.65,58.43,121.14,176.76,55.79,23.38,75.82,52.99,46.74,25.54,35.14,5.38,535.41,20.14,31.03,37.51,104.0,26.11,119.5,140.04,90.6,75.94,159.41,76.68,118.705,151.529,152.925,77.62301781919241,99.087134216119,22.40133920434,47.71882907432,2.13060385955,2.62453559909,3576.9155243051,34.94776350364,2450.30745675792,478.98611855792,10717.1885652511,16711.8560030575,2083.01060633821,19000000.0,103000000.0,9040000.0,2010.0,999000000.0,3400000.0,987000.0,163000000.0,16400.0,233000.0,6820000.0,36037.48,1030330.7289999998,19096.994,417065.7900000001,26394.402,1136168.338,11.0,13159.215,6252.383,2281288.0840000003
1990,23.72582054138184,0.5112311954728884,46.40917993948995,213.56,75.17,342.01,36.83,163.59,147.72,278.81,50.98,39.84,26.59,25.98,29.62,12.21,99.2,47.96,54.07,184.92,47.96,79.03,63.92,105.83,45.17,81.89,28.02,11.55,51.27,115.54,155.18,46.45,22.64,59.43,54.63,43.23,20.03,54.05,4.55,472.26,17.15,28.88,40.12,105.67,20.17,127.46,148.17,85.8,73.55,176.85,73.86,113.918,135.879,166.647,68.35886634622887,81.5370213685215,27.67450646328,47.98056848123,2.05429408749,3.41105554077,3219.31369797119,39.31181031026,1983.06310320296,463.83904185557,7360.84416200579,10721.9636237272,1830.67036653769,19300000.0,113000000.0,9200000.0,2180.0,982000000.0,3370000.0,974000.0,162000000.0,16600.0,221000.0,7150000.0,36726.777,1067057.5059999998,19697.164,436762.9540000001,26344.895,1162513.233,12.0,21087.2,4048.333,2302375.2840000005
1991,20.00091361999512,0.5327443674322332,37.54317237814683,212.94,62.14,284.12,31.29,153.87,135.95,234.69,47.91,37.49,27.63,26.24,27.77,9.32,96.05,40.44,35.75,208.18,42.39,76.47,56.41,75.03,48.45,76.55,27.07,12.47,43.92,104.72,118.67,37.37,20.5,54.17,48.34,25.21,22.49,48.44,4.17,489.74,15.98,19.79,31.33,104.62,14.81,114.19,132.98,78.35,70.56,154.17,70.22,103.689,111.752,165.558,62.63001485884101,67.50021140627453,23.64830939453,48.42587770185,1.81495306345,3.80183833974,2855.23349536719,42.43571871218,1589.73814222131,442.15980127944,6830.54126437226,9956.54357856772,1363.64626497448,19700000.0,111000000.0,9330000.0,2160.0,956000000.0,3260000.0,1010000.0,150000000.0,15600.0,201000.0,7270000.0,36627.707,1103685.2129999998,19959.688,456722.6420000001,25628.758,1188141.991,6.0,80866.093,1209.667,2383241.3770000003
1992,19.320837020874023,0.5487814592561449,35.20679624829669,190.52,57.6,303.56,19.28,141.29,140.03,218.06,46.74,34.85,24.53,27.56,31.02,8.72,90.96,38.36,33.82,163.84,35.36,62.99,59.73,80.66,44.25,70.61,26.28,12.71,28.68,96.48,110.26,35.33,18.31,39.63,35.76,37.49,25.34,30.36,4.22,520.18,15.25,19.41,29.14,99.81,14.9,104.71,122.4,74.38,65.0,141.1,59.46,101.897,111.151,171.841,59.297257348362734,64.68246809550689,22.79496209507,46.21410168453,2.12320216491,3.06595985244,2733.78657149909,39.66772812338,1503.15922224651,411.93717261666,7311.59519558832,8390.41858346963,1485.77213396282,19500000.0,105000000.0,9470000.0,2260.0,930000000.0,3200000.0,1010000.0,139000000.0,14900.0,191000.0,7250000.0,37157.996,1140843.2089999998,20018.34,476740.98200000013,25572.383,1213714.3739999998,9.0,6267.668,1986.835,2389509.0450000004
1993,16.971633911132812,0.5652096996615477,30.027145537834134,197.26,59.0,316.94,21.38,119.0,159.4,191.13,41.18,33.72,20.9,28.67,27.97,7.68,69.31,31.22,24.61,147.11,25.98,64.52,49.1,60.79,41.76,61.85,25.51,12.43,18.47,98.05,111.32,37.45,18.06,42.52,34.77,40.11,23.62,40.28,3.95,939.71,16.03,20.86,28.48,75.94,13.56,103.22,120.43,80.99,77.08,127.17,58.52,99.068,95.373,170.123,58.23316071313109,56.06120277681443,19.51014538729,36.29794490658,2.45686887732,3.09497902581,2216.19419517249,33.69916651061,1319.52586907097,416.7737757141,5978.89901718326,6132.13523231243,1114.40483088464,19800000.0,110000000.0,9490000.0,2280.0,953000000.0,2900000.0,928000.0,119000000.0,14100.0,190000.0,6910000.0,37105.156,1177948.3649999998,20246.297,496987.27900000016,24802.193,1238516.5669999998,3.0,5061.29,727.957,2394570.3350000004
1994,15.817625999450684,0.5796821971619657,27.28672033899149,171.42,62.4,312.88,18.22,121.21,140.94,172.31,40.86,34.08,23.17,29.6,28.04,9.69,68.07,36.65,32.32,142.73,30.22,64.65,50.58,61.38,37.5,58.9,25.14,12.11,16.99,102.04,117.61,44.79,22.01,87.9,46.68,33.52,32.22,34.34,5.22,722.9,15.44,24.57,25.66,72.57,16.52,94.7,110.65,76.33,68.8,118.44,58.86,114.839,115.39,170.123,67.50351216472788,67.82739547268741,18.97370477305,38.57641612482,2.29308727429,2.91811279871,2755.78630506794,31.61355216173,1763.74539460847,458.63138854859,6525.56505398154,7571.75029338896,1191.59921913737,19200000.0,106000000.0,9500000.0,2260.0,982000000.0,2800000.0,932000.0,127000000.0,14000.0,178000.0,7050000.0,37619.203,1215567.5679999997,20542.516,517529.79500000016,25371.557,1263888.1239999998,6.0,5368.334000000001,4045.0,2399938.669
1995,17.016679763793945,0.5961104375672034,28.54618656442422,133.52,61.61,274.18,19.73,144.51,114.83,179.34,56.89,38.46,27.02,30.92,32.93,11.53,115.41,45.32,36.05,138.1,38.16,62.87,55.83,61.65,33.47,62.96,25.09,11.78,24.43,99.27,119.75,42.86,21.96,86.12,54.8,35.15,37.25,31.82,7.13,584.28,15.45,26.21,24.9,70.62,19.99,93.93,109.8,74.15,62.36,122.85,58.8,128.768,138.508,171.841,74.9343870205597,80.60241735092323,18.69378419441,42.8325183341,1.8739113448,2.96725294221,3193.65171260029,30.87466122817,1964.37856260036,417.93299865519,6760.01505385571,8951.30098107538,1121.75397357469,19700000.0,112000000.0,10000000.0,2230.0,1020000000.0,2710000.0,1040000.0,130000000.0,14900.0,201000.0,7280000.0,38135.516,1253703.0839999998,20883.5,538413.2950000002,26146.545,1290034.6689999998,9.0,8853.284,1508.333,2408791.953
1996,20.668487548828125,0.6137121237151665,33.67782181604856,121.45,59.28,342.09,28.22,134.66,156.16,209.29,63.58,50.7,27.71,38.31,35.82,9.35,86.53,34.43,43.07,145.56,33.82,61.06,53.89,59.53,37.22,63.8,24.64,11.44,18.18,97.31,108.85,41.64,21.67,67.63,44.36,40.04,30.58,32.68,6.1,559.71,17.65,22.92,26.97,79.28,16.75,101.48,118.11,75.33,63.88,135.93,56.75,123.471,118.752,168.075,73.46184738955824,70.6541722445337,22.64645903787,42.22551693524,3.03228175413,3.15427541202,2545.07235550678,33.27099760706,1669.82793276238,429.96757143663,6837.27318574404,8318.65511225443,1136.916197952,20800000.0,117000000.0,11000000.0,2290.0,1020000000.0,2920000.0,1060000.0,135000000.0,15100.0,220000.0,7480000.0,39151.238,1292854.3219999997,21899.963,560313.2580000001,26502.836,1316537.5049999997,7.0,8018.3330000000005,6450.0,2416810.2860000003
1997,19.092588424682617,0.6277934726348744,30.412212386583533,125.39,58.57,345.49,21.73,122.22,163.21,188.42,50.5,35.23,24.26,37.96,26.84,9.7,92.38,33.39,33.89,139.01,30.51,62.21,48.25,74.66,33.27,64.53,23.7,11.18,18.82,81.24,105.82,38.4,23.56,102.27,42.73,34.59,30.73,32.82,4.36,517.1,16.72,21.3,32.71,89.58,16.91,94.08,110.8,73.0,59.39,125.86,57.3,120.882,122.247,168.634,71.68305323956024,72.49249854714945,22.31211275244,40.84997229533,2.88837110313,3.186994206,2649.80237677781,35.08991186032,1861.37143401551,385.34406663305,6571.95836249199,8062.39994408308,1531.76485065225,21700000.0,122000000.0,11500000.0,2450.0,1040000000.0,3100000.0,1140000.0,143000000.0,16500.0,241000.0,7540000.0,40023.195,1332877.5169999998,21882.971,582196.2290000002,26894.83,1343432.3349999997,9.0,8039.831,3370.832,2424850.117
1998,12.71566104888916,0.6375721871618184,19.943876638492505,114.65,50.12,262.62,13.4,101.61,134.55,130.98,43.5,28.53,23.94,24.82,20.52,8.11,81.06,23.9,28.22,127.4,20.06,58.16,46.63,57.26,30.23,66.3,23.33,11.01,14.94,71.07,98.23,42.78,24.03,72.03,34.79,39.14,37.2,32.33,3.04,347.12,13.56,16.46,31.99,83.33,12.65,72.66,86.34,59.66,47.82,95.42,53.21,106.333,99.364,167.617,63.438076090134054,59.28038325468181,15.89910408141,35.57320499497,2.53972623853,2.94000972946,2012.9482965579,37.72623730116,1652.00657776371,357.98649687227,6742.44935680199,5634.015995632,1246.75072818695,22600000.0,123000000.0,12100000.0,2500.0,1050000000.0,3060000.0,1180000.0,144000000.0,17200.0,231000.0,7570000.0,41034.703,1373912.2199999997,22023.701,604219.9300000002,26412.434,1369844.7689999996,12.0,9947.269,4001.102,2434797.386
1999,17.970077514648438,0.6516535360817174,27.576122156413785,118.32,46.13,256.52,12.76,88.98,142.83,171.84,38.0,24.37,19.13,22.14,17.33,7.95,61.86,22.23,26.29,112.83,25.48,49.6,44.43,58.85,28.14,55.72,30.07,10.77,18.98,65.89,97.31,39.32,15.92,54.15,27.59,23.68,23.65,27.63,2.59,391.23,11.0,11.31,28.14,74.32,10.17,79.39,94.12,57.51,45.98,109.99,46.34,93.311,97.679,165.445,56.40001208860952,59.040164405089314,22.42347394177,32.12708864706,2.81254203798,2.64399632026,1951.64877072394,34.23442712993,1688.87772462046,345.90337780473,6704.95545534918,7458.89560747339,1335.55419914495,23600000.0,129000000.0,12800000.0,2570.0,1020000000.0,3080000.0,1170000.0,137000000.0,17600.0,245000.0,7960000.0,40104.688,1414016.9079999998,23102.75,627322.6800000002,26421.254,1396266.0229999996,19.0,28473.486,11943.099,2463270.872
2000,28.49544906616211,0.6735578566221794,42.3058669511536,121.76,49.63,241.82,16.48,90.79,262.46,262.08,37.39,23.14,15.08,24.53,17.23,8.77,64.24,24.82,23.02,118.75,35.45,58.34,43.34,59.68,29.12,51.9,29.9,10.42,12.0,63.81,136.02,36.13,12.29,43.9,29.68,28.85,16.28,26.95,2.66,384.25,11.17,14.29,27.77,70.37,10.0,103.89,126.92,63.01,45.5,157.39,52.5,92.753,107.338,161.945,57.27438327827349,66.28052733952885,35.48230196637,32.9939668175,5.41520026814,4.84958940841,2279.37300988772,36.18652589241,1947.13528573823,350.71853527736,6832.21258588906,10856.886835931,1417.96547678901,24300000.0,136000000.0,13300000.0,2590.0,969000000.0,3200000.0,1290000.0,132000000.0,18100.0,278000.0,8770000.0,41796.285,1455813.1929999997,24011.674,651334.3540000002,26812.115,1423078.1379999996,19.0,33050.062,14978.333,2496320.934
2001,24.443891525268555,0.6927241370940093,35.286617307448154,129.52,50.89,271.37,16.61,110.68,234.36,217.75,44.21,22.78,12.52,26.24,18.24,7.95,70.09,21.02,23.48,104.95,23.84,41.52,34.8,45.63,28.56,47.92,29.08,10.13,4.72,60.26,128.59,31.04,14.1,30.54,23.45,25.44,14.67,26.07,2.23,312.85,10.04,14.66,23.0,69.07,11.5,90.35,109.24,58.25,43.97,132.85,39.52,88.68,95.077,157.179,56.41975073005936,60.48963283899248,31.79919692386,42.19443718987,5.16562200749,5.29838077827,2060.96674501611,39.21389396709,1885.1321058588,353.86415077914,5855.89144250022,7762.76660572821,1156.65534952555,24300000.0,137000000.0,13700000.0,2600.0,937000000.0,3120000.0,1350000.0,126000000.0,18700.0,246000.0,8910000.0,41854.5,1497667.6929999997,24583.936,675918.2900000002,27948.264,1451026.4019999995,12.0,12286.325,6960.325,2508607.259
2002,25.023256301879883,0.7036762973645757,35.56074916207572,127.64,48.63,299.54,12.58,87.22,196.25,215.8,50.49,24.83,13.68,29.98,21.66,7.31,63.87,20.43,21.94,91.99,26.67,46.56,30.99,39.46,24.61,49.87,28.62,9.98,5.49,67.85,128.98,32.13,23.09,29.7,22.24,27.89,20.64,21.43,2.92,316.41,10.74,11.51,21.34,62.11,19.27,88.89,106.8,57.48,44.06,129.98,42.98,92.114,90.655,155.212,59.34721542148803,58.40721078267145,32.93835674129,33.44262024313,4.43313953488,4.032329105,2060.62037526427,38.72885835095,1783.71432346723,409.58201198027,5365.35412262156,8947.87372269204,1029.00369978858,26100000.0,144000000.0,13600000.0,2550.0,982000000.0,2850000.0,1350000.0,136000000.0,18800.0,233000.0,8880000.0,41349.258,1539016.9509999997,25156.049,701074.3390000002,28287.121,1479313.5229999996,11.0,7020.124,4973.5,2515627.383
2003,28.83070373535156,0.7197133891898734,40.058590222705305,125.86,39.55,320.48,13.9,93.47,312.69,251.54,47.44,25.77,13.78,25.87,22.59,7.58,72.85,22.78,24.39,114.38,37.02,59.1,36.48,41.01,23.0,58.36,27.99,9.75,13.05,77.8,161.68,33.29,22.23,30.3,29.84,33.09,23.41,28.88,4.04,354.33,13.03,11.59,21.01,58.55,21.95,102.91,127.57,65.85,46.13,154.93,53.3,98.879,99.672,166.853,59.2611460387287,59.73641468837839,36.29603515383,32.768933685,6.89774261073,4.90663987273,2234.5451310391,40.12810851545,1797.65605375534,456.55509503475,6147.8233065394,12094.2831574981,1039.55716737838,28000000.0,153000000.0,13800000.0,2540.0,1080000000.0,3200000.0,1370000.0,138000000.0,18800.0,258000.0,9520000.0,43184.227,1582201.1779999996,26056.537,727130.8760000002,30361.062,1509674.5849999995,15.0,14055.167,9064.667,2529682.55
2004,38.26499938964844,0.7388796696615203,51.78786338400349,154.1,37.88,323.79,18.0,174.4,327.56,326.43,43.68,26.64,16.14,27.7,22.93,8.86,106.19,35.71,40.76,202.74,51.75,90.33,61.64,50.56,25.85,67.48,27.26,10.6,14.44,85.31,192.46,44.27,19.17,36.99,28.38,26.81,23.88,27.88,4.66,363.75,14.74,11.41,22.74,59.06,17.95,132.55,165.86,77.93,51.06,207.21,78.29,112.819,141.579,178.361,63.25317754441835,79.37777877450789,44.37655851233,62.26968912933,6.93269097268,5.03057744326,3370.43974675605,44.57250382218,2017.57144537222,481.25553726136,10011.4470383002,16256.8984476067,1232.21598259438,29900000.0,164000000.0,14700000.0,2420.0,1200000000.0,3150000.0,1350000.0,142000000.0,20000.0,298000.0,9600000.0,45349.148,1627550.3259999997,26944.168,754075.0440000001,32984.902,1542659.4869999995,6.0,4979.668,1426.0,2534662.218
2005,54.521087646484375,0.7639131788506872,71.3707907599025,152.48,35.86,304.03,16.59,146.31,473.25,430.02,40.58,22.74,18.81,27.45,20.84,9.47,112.39,44.34,43.55,128.09,53.51,110.12,51.92,64.42,27.45,77.68,26.37,12.66,13.19,89.7,197.43,47.01,18.4,51.06,24.46,25.19,20.85,23.86,5.24,362.29,12.78,15.22,21.5,58.15,16.65,161.03,204.6,82.24,50.51,262.3,92.91,121.482,167.96,178.361,68.1101810373344,94.16856824081499,60.87916145586,54.29977511719,10.16610356542,7.21398707716,4194.84198023565,74.11630558723,2164.5474154314,507.23213606994,8414.85509312049,16811.8122386925,1575.03525275561,31900000.0,178000000.0,15000000.0,2470.0,1320000000.0,3470000.0,1460000.0,152000000.0,20800.0,296000.0,10000000.0,45735.105,1673285.4309999996,27582.227,781657.2710000001,35064.484,1577723.9709999994,8.0,8799.423,3066.09,2543461.641
2006,65.1440658569336,0.7885555394595741,82.61189300829615,143.13,36.5,281.14,15.17,151.51,350.81,487.41,48.22,27.2,19.4,26.76,23.65,12.42,101.66,78.65,55.79,113.44,84.63,101.06,59.62,147.64,30.26,92.44,25.54,14.11,13.65,118.05,243.36,72.03,18.45,49.27,24.66,28.51,22.78,23.14,7.09,413.71,12.1,22.05,23.67,59.96,16.43,172.9,214.67,88.03,51.64,284.01,91.84,153.017,282.602,181.215,84.43947796815937,155.94845901277486,71.4870000447,54.58643759961,7.47197052595,9.41936320842,7474.85210719448,77.09700137144,2857.66568442122,672.00693131695,9764.06686682234,26970.3205270766,3642.04575781163,33900000.0,193000000.0,15100000.0,2370.0,1470000000.0,3630000.0,1570000.0,151000000.0,20100.0,293000.0,10300000.0,46100.176,1719385.6069999996,28520.127,810177.398,36829.426,1614553.3969999994,11.0,42596.666,9000.0,2586058.307
2007,72.38907623291016,0.8110152909844307,89.2573506783608,141.56,37.08,287.78,14.7,188.5,352.89,518.71,69.3,35.52,20.2,39.26,34.51,12.39,140.91,81.02,108.58,255.65,126.67,90.08,95.98,142.83,32.66,99.23,29.36,15.04,13.27,132.33,270.68,81.14,22.0,51.74,26.41,36.41,35.59,32.07,7.5,450.23,16.78,14.62,25.03,65.09,22.61,182.82,226.01,101.76,54.97,299.97,88.01,177.004,311.703,189.732,93.2915902430797,164.2859401682373,74.52222467784,68.88098606308,7.31630586503,8.96468615739,7459.10719899403,128.87718746725,2764.51762199169,730.085140941,15232.98176674,39012.6865241538,3397.62923958224,37900000.0,221000000.0,15500000.0,2350.0,1680000000.0,3710000.0,1740000.0,160000000.0,20800.0,301000.0,11100000.0,46004.738,1765390.3449999995,29275.635,839453.033,38453.008,1653006.4049999993,8.0,17620.0,6370.0,2603678.307
2008,97.25597381591795,0.842154629526453,115.48469889740484,163.64,31.66,292.59,14.38,354.66,431.68,688.01,77.62,46.64,38.74,47.69,37.82,11.65,235.62,76.19,84.87,351.27,69.45,139.32,117.75,79.78,26.62,120.18,131.95,33.79,10.26,159.44,314.52,87.5,27.96,56.37,28.69,51.35,43.77,39.63,8.26,472.92,22.02,17.88,28.65,67.86,20.19,245.48,305.39,122.88,65.11,410.75,127.09,194.575,290.844,202.444,96.11299915038232,143.666396633143,94.32116479477,123.60611365036,8.61344200209,13.03769976336,6764.44601121592,151.70021718694,2501.98304645207,847.71686278324,18000.6720639243,20529.6555804078,1823.1145255924,39700000.0,224000000.0,15600000.0,2300.0,1730000000.0,3880000.0,1630000.0,166000000.0,21300.0,258000.0,11900000.0,46497.789,1811888.1339999996,30327.17,869780.2030000001,39718.609,1692725.0139999993,17.0,20219.667,18469.667,2623897.974
2009,61.6712646484375,0.8391584313940414,73.49180123947141,138.55,22.26,252.73,12.45,193.42,193.01,427.58,49.88,34.72,33.19,37.34,25.99,7.57,137.54,56.7,69.96,183.95,48.37,108.16,87.05,70.44,30.15,150.47,121.51,41.53,6.63,178.6,241.24,85.74,31.46,58.21,25.28,35.42,31.22,28.07,6.15,466.33,17.94,25.43,32.36,80.37,17.46,163.38,199.42,92.92,57.21,260.65,103.58,163.481,219.018,191.039,85.57467323426107,114.64570061610458,64.02334876167,74.48078650909,4.09526401272,9.02964959569,5338.72961158339,82.91433409358,1725.92732738959,1008.67293869652,14072.0266604465,15192.4419448476,1715.85570875665,37200000.0,209000000.0,16000000.0,2490.0,1710000000.0,3780000.0,1410000.0,162000000.0,22300.0,237000.0,11600000.0,45339.039,1857227.1729999997,29408.004,899188.207,39704.273,1732429.2869999993,12.0,16045.004,10616.667,2639942.978
2010,79.49553680419922,0.8529229499619422,93.20365550926535,170.73,35.15,246.53,16.35,265.59,211.04,541.94,60.54,38.37,28.76,37.48,31.59,9.7,170.91,81.43,86.0,209.0,70.74,111.44,128.23,90.28,29.27,160.28,56.52,24.3,26.93,221.17,317.49,116.09,33.57,78.03,41.1,34.4,38.66,30.32,11.52,444.37,18.62,29.36,33.72,80.9,23.01,197.35,241.22,106.94,61.94,321.42,108.37,204.535,306.068,195.844,104.4377157329303,156.28153019750414,79.04077178472,98.96604166667,4.38525376984,8.2875,7534.77958333333,145.86318542569,2173.117,1224.66425,20405.62325,21808.8524166667,2160.74325,41800000.0,239000000.0,16100000.0,2590.0,1870000000.0,4160000.0,1710000.0,183000000.0,23300.0,266000.0,12300000.0,46236.66,1903463.8329999996,31447.281,930635.488,41832.457,1774261.7439999992,14.0,32118.467,15500.0,2672061.4450000003
2011,111.25559997558594,0.879845706796973,126.44898885806406,197.39,38.83,244.67,18.96,322.59,186.49,628.74,76.79,58.36,30.97,56.05,38.12,10.39,168.21,92.4,93.16,255.47,72.03,119.51,159.0,88.95,31.63,177.69,85.09,27.86,59.5,274.73,328.76,196.71,30.95,104.63,58.08,62.58,47.94,44.64,14.74,604.75,21.71,34.76,33.09,81.18,32.7,228.73,276.82,126.45,75.16,369.43,119.03,254.44,367.429,211.988,120.0256618299149,173.32537690812686,93.66840555253,109.37349903939,3.60102535428,9.46956051873,7950.4570425072,151.0754382805,2162.6320845341,1413.19419428434,23463.3240273775,20632.5258165226,1975.77487091739,46800000.0,254000000.0,16100000.0,2680.0,2030000000.0,4750000.0,2340000.0,200000000.0,23300.0,268000.0,12500000.0,46622.32,1950086.1529999997,32640.678,963276.166,44787.504,1819049.2479999992,5.0,6850.0,1350.0,2678911.4450000003
2012,111.6697006225586,0.8980536732471747,124.34635473265675,199.5,38.58,162.83,17.27,250.06,125.7,610.2,86.62,58.49,31.46,54.28,38.58,8.58,149.16,81.66,78.46,212.17,54.04,112.0,126.23,77.4,27.39,133.36,94.27,32.34,45.04,286.37,290.51,170.36,24.34,70.52,33.63,56.22,41.07,56.71,10.11,546.98,23.56,28.22,32.17,76.29,32.25,215.55,258.79,111.55,71.04,347.97,108.77,,,,,,95.2641103918,87.42099851825,2.49663582207,10.40853971998,7223.39386992585,116.57073929595,1835.51047159843,1514.57649157821,19165.3764036392,15919.0293463928,1769.40352740269,49300000.0,253000000.0,16700000.0,2740.0,2070000000.0,5080000.0,2570000.0,216000000.0,24300.0,254000.0,13300000.0,47892.43,1997978.5829999996,33416.98,996693.146,45246.113,1864295.360999999,11.0,14650.0,850.0,2693561.4450000003
2013,108.65851593017578,0.9112080000286857,119.24666588392014,192.98,43.31,167.65,17.79,216.0,167.81,625.56,71.86,50.11,27.86,55.52,35.62,7.72,134.9,74.13,80.18,165.16,45.63,103.36,131.31,74.72,26.29,138.41,63.46,27.05,24.69,238.61,274.44,128.61,24.46,52.0,33.57,53.11,33.78,34.65,8.24,456.73,21.5,22.84,31.31,80.2,29.42,213.1,256.3,102.2,64.39,349.36,99.84,,,,,,94.83143279962,77.04981247463,3.39315110099,10.73880030372,6680.72936445054,123.33593488996,1682.61409425971,1286.07043439102,20303.2315595363,13696.3985277155,1740.55259259355,52200000.0,296000000.0,18400000.0,2960.0,2230000000.0,4930000.0,2610000.0,232000000.0,26700.0,322000.0,13200000.0,47965.855,2045944.4379999996,33702.988,1030396.134,45969.586,1910264.946999999,4.0,4100.0,2200.0,2697661.4450000003
2014,98.94600677490234,0.925989825577136,106.85431312728826,232.32,49.67,212.6,20.79,184.86,194.62,585.21,46.66,36.67,22.92,53.12,31.06,7.68,154.36,68.29,77.27,159.73,50.47,105.28,127.0,83.19,26.74,98.0,54.61,19.99,28.31,210.53,251.36,101.2,30.22,73.53,30.37,43.82,31.97,28.33,5.67,415.02,18.6,21.61,29.29,85.83,26.51,202.67,244.37,98.46,65.78,328.09,97.16,,,,,,88.90069284065,64.78521939954,4.03648190916,9.28560431101,6340.32101616628,89.56347540066,1725.09930715935,1169.1247113164,20229.9045419554,15605.8899153195,1996.2779060816,54100000.0,258000000.0,18600000.0,3040.0,2370000000.0,4630000.0,2130000.0,235000000.0,28000.0,322000.0,13500000.0,49090.754,2095035.1919999996,34451.488,1064847.622,45840.074,1956105.020999999,8.0,9181.0,6601.0,2706842.4450000003
2015,52.38676071166992,0.9270883007827176,56.506764962346175,209.47,39.37,162.67,13.72,149.27,116.45,305.78,35.27,32.23,20.89,44.56,26.11,6.84,158.96,54.77,65.85,149.09,35.4,94.15,93.06,74.27,23.79,56.42,59.41,19.93,30.94,192.85,191.11,83.32,30.9,58.59,25.71,46.05,25.29,29.34,4.56,361.58,15.03,17.05,29.86,84.31,24.04,127.09,154.59,78.53,57.21,191.11,84.51,,,,,,51.85733910062,60.2218929873,2.67059194169,6.96963633222,5630.38384251218,57.06975239263,1700.91022104152,1185.92350396785,16416.2988317837,12120.8082149791,1973.71853819693,57800000.0,294000000.0,19300000.0,3100.0,2370000000.0,4940000.0,2110000.0,261000000.0,27600.0,307000.0,13300000.0,50735.289,2145770.4809999997,35151.949,1099999.571,44567.742,2000672.762999999,3.0,11000.0,3200.0,2717842.4450000003
2016,43.734169006347656,0.9387842910874576,46.585961675698044,184.25,31.54,140.44,12.45,165.54,109.91,267.74,33.97,29.84,21.18,34.66,22.03,6.51,134.88,47.78,67.89,114.21,28.27,82.61,102.59,79.36,20.85,58.13,53.86,17.31,13.21,204.94,176.88,89.75,28.14,59.26,26.76,43.53,27.7,30.93,4.6,398.24,15.34,22.62,28.51,81.26,25.97,115.64,140.76,74.89,54.62,171.56,75.69,,,,,,45.53009086934,70.32152859017,2.65044843844,4.85315627353,5176.96213974264,62.13353894147,1706.03176291255,1328.287071502,19072.3829274345,10204.3806941047,2222.66829735191,59400000.0,286000000.0,20500000.0,3180.0,2370000000.0,4670000.0,2000000.0,265000000.0,28600.0,309000.0,13800000.0,50937.781,2196708.2619999996,35535.949,1135535.52,42191.59,2042864.3529999992,8.0,32640.0,8900.0,2750482.4450000003
2017,54.19244003295898,0.9587814291846981,56.522204522715505,194.91,29.6,163.37,13.34,215.15,127.79,309.01,34.57,28.37,20.88,31.15,21.8,7.81,151.04,59.29,82.43,124.63,30.03,87.85,112.36,107.48,22.9,69.13,42.82,14.2,15.85,202.04,166.41,87.46,19.34,53.34,29.51,32.82,27.68,32.33,5.59,377.21,14.58,19.65,32.74,76.86,27.23,129.55,158.66,79.11,55.25,197.62,81.13,,,,,,54.27587624627,90.98399972591,3.04355534998,5.87629078418,6341.80285743653,73.75886524823,2022.46291157022,1292.58830986398,20619.970363518,10699.5939973276,2971.39137287148,59400000.0,308000000.0,20100000.0,3260.0,2440000000.0,4570000.0,2190000.0,252000000.0,26500.0,341000.0,13700000.0,51008.156,2247716.4179999996,36843.316,1172378.8360000001,43193.328,2086057.6809999992,7.0,20800.0,17800.0,2771282.4450000003
2018,71.31005859375,0.9822004642280125,72.60234666025953,181.93,24.18,170.02,11.85,248.08,131.58,384.08,34.64,29.47,21.49,40.57,24.35,8.17,147.56,61.26,77.89,135.47,36.94,98.78,110.14,106.06,24.75,66.54,40.97,13.69,27.07,199.05,150.64,78.61,21.34,45.89,31.49,30.47,22.98,28.02,4.28,374.15,14.27,14.97,28.9,78.89,37.08,149.72,183.77,81.39,53.62,237.77,88.67,,,,,,67.0994502258,105.06823090516,3.10202729236,7.54140943832,6410.56188232214,68.47797630735,2069.97349302965,1246.05013417108,19777.3471758623,12874.5966686302,2869.0154787617,63300000.0,341000000.0,20600000.0,3310.0,2460000000.0,4520000.0,2380000.0,224000000.0,25900.0,327000.0,13100000.0,52229.098,2299945.516,38559.543,1210938.3790000002,45150.984,2131208.664999999,5.0,87760.0,86140.0,2859042.4450000003
2019,64.2105712890625,1.0,64.2105712890625,202.75,17.88,167.2,12.14,177.09,105.03,331.79,36.01,29.94,20.98,38.2,24.78,6.83,119.06,55.38,68.17,138.19,38.49,96.71,100.21,90.91,21.94,87.24,40.27,15.94,16.73,214.5,145.35,79.69,21.39,44.36,26.36,32.62,21.26,27.75,4.41,372.12,13.11,14.94,25.55,72.93,33.4,134.33,163.83,76.42,55.54,206.53,88.1,,,,,,61.72848813832,78.29295670822,2.57929567082,4.82745402713,6041.56111781263,94.33973327972,1803.86844926953,1399.77717464147,18758.7019166332,13986.6388553813,2563.74145556896,62600000.0,388000000.0,20400000.0,3260.0,2450000000.0,4650000.0,2590000.0,224000000.0,25800.0,294000.0,13600000.0,52156.902,2352102.4179999996,39725.438,1250663.8170000003,45802.574,2177011.238999999,3.0,2300.0,1000.0,2861342.4450000003
2020,41.83834457397461,1.0123358439630665,41.328522370784505,196.38,14.75,165.62,10.8,145.6,82.27,225.98,33.7,28.77,24.62,33.59,26.39,6.41,105.48,56.2,61.55,141.24,37.68,87.06,90.84,79.82,21.49,99.47,34.39,14.86,7.96,269.37,146.8,99.68,21.39,50.58,24.05,35.81,26.25,37.87,4.59,375.44,14.27,14.92,26.58,68.21,20.59,106.48,130.32,73.08,55.73,152.97,82.72,,,,,,42.14277607536261,62.08886618998978,2.0575842696629207,3.311566945240041,6306.201055498805,111.25468164793666,1740.537963908754,1808.2269322437896,17491.92969016006,14082.999659516548,2315.065543071164,65000000.0,393000000.0,20600000.0,3050.0,2470000000.0,4430000.0,,221000000.0,24100.0,276000.0,13800000.0,48711.66,2400814.0779999997,38669.66,1289333.4770000002,43486.125,2220497.363999999,,,,
2021,70.91189575195312,1.059893953138463,66.9047082889521,214.7,19.91,199.59,16.07,293.16,150.58,373.17,54.79,43.11,21.7,40.53,31.17,8.88,152.19,81.0,70.89,197.92,48.2,114.62,164.09,100.99,30.73,139.04,53.22,31.96,28.08,261.55,173.18,116.66,20.92,65.58,32.31,44.12,37.7,30.59,5.25,348.84,19.55,19.61,25.29,62.43,20.55,157.33,194.99,94.39,60.28,246.26,108.9,,,,,,63.13579118424132,126.18829981718464,3.5204829372303474,14.731149861407678,8516.499085923217,147.81535648994515,2260.3732480194976,1644.9992382693508,29601.59811090795,16878.396556977423,2744.5345825715995,67500000.0,384000000.0,,3120.0,2680000000.0,4550000.0,,238000000.0,25000.0,305000.0,13300000.0,49280.457,2450094.5349999997,40465.746,1329799.2230000002,45359.484,2265856.8479999993,,,,
2022,,,,209.18,14.58,174.67,15.74,657.76,231.17,480.1,64.15,49.03,19.15,39.81,39.14,9.0,167.78,71.06,64.21,172.98,62.51,132.94,147.23,108.52,34.61,98.25,106.44,47.07,51.06,242.3,141.33,93.55,19.1,75.77,38.42,60.76,39.4,28.56,4.25,271.38,20.96,19.01,26.57,59.4,18.45,202.71,255.57,105.41,57.79,335.49,119.77,,,,,,82.67466061208172,293.6511990918093,5.422151270046829,34.34666423346104,7511.592876401302,103.27870015609196,2303.1240244075525,1533.0800340570456,26679.782886334608,21995.508727117918,2964.136511990915,,,,3160.0,,,,228000000.0,,,12900000.0,51482.996,2501577.5309999995,40503.566,1370302.7890000003,48548.547,2314405.394999999,,,,
2023,,,,175.23,12.61,115.26,12.45,297.05,87.09,379.27,45.66,37.32,23.31,35.25,25.37,7.21,154.84,65.64,61.2,161.56,49.97,116.25,116.75,79.34,28.82,94.07,123.55,20.07,27.47,251.08,136.4,96.47,25.15,58.68,26.99,39.57,26.29,33.09,3.56,242.8,17.82,23.12,22.92,67.02,17.75,152.4,188.41,81.94,49.96,246.26,106.63,,,,,,70.77624403544259,151.42784107508328,2.2241966111568803,11.492903809114813,7441.096260590123,105.6741162722787,1976.9843704352936,1702.5993280747855,22732.789950335933,18861.62576687117,2324.8064563248645,,,,,,,,,,,,52501.914,2554079.4449999994,40642.184,1410944.9730000002,50074.297,2364479.691999999,,,,
2024,,,,205.86,10.66,133.22,12.7,233.3,73.23,359.74,36.18,27.34,24.07,30.15,22.07,7.51,141.54,68.65,57.59,153.94,37.91,105.66,131.56,80.66,28.94,84.34,56.9,15.01,25.62,299.76,130.96,113.21,54.59,70.56,23.91,34.87,27.75,30.47,5.0,218.49,13.39,19.51,24.7,76.57,17.21,143.39,176.51,79.17,52.03,227.09,97.18,,,,,,68.40462399845352,118.28554879814943,1.9036562409470028,9.52416119251955,7942.780191138141,95.04561251086012,2101.665218650452,2074.4591659426587,26121.867216912862,14608.13423110339,2411.678974804518,,,,,,,,,,,,52831.051,2606910.4959999993,41244.516,1452189.4890000003,50618.328,2415098.019999999,,,,
2025,,,,232.04,8.01,176.87,13.6,184.38,115.01,299.91,29.87,28.41,16.25,23.97,20.46,7.95,150.05,72.78,53.21,153.14,33.31,100.44,145.24,81.14,29.18,76.75,55.44,17.22,45.5,420.98,170.77,155.3,56.59,103.62,20.81,32.45,28.26,22.36,4.65,215.43,11.69,15.68,23.04,92.12,19.01,128.22,161.51,84.83,53.71,196.49,95.86,,,,,,58.07524643506461,93.3598908986477,3.0363695090439276,10.302665409465977,8567.876830318692,86.28911857594316,2266.7492104507583,2964.259977031292,29335.77591157046,13059.567901234539,2469.877978753945,,,,,,,,,,,,,,,,,,,,,
